Empresa,Segmento,Telefone,Cidade,Google Maps,Possui site?,Mensagem,PDF,Status,Primeiro contato,Último contato,Resposta,Opt-out,Observações,ID do modelo
Consultório Odontológico,Odontologia,4734382207,Joinville,https://www.google.com/maps/place/Consult%C3%B3rio+Odontol%C3%B3gico/data=!4m7!3m6!1s0x94deb6d24e492f4d:0x37071c820958465c!8m2!3d-26.3568997!4d-48.8317088!16s%2Fg%2F11b896mndf!19sChIJTS9JTtK23pQRXEZYCYIcBzc,Não,,,Pendente,,,,Não,Google Maps exibe Adicionar website; verificado em 13/08/2026.,odontologia
OdontoPara,Odontologia,47999893588,Joinville,https://www.google.com/maps/place/OdontoPara/data=!4m7!3m6!1s0x94deb113833910ed:0x9c93b3b0d9b5eeb3!8m2!3d-26.3452836!4d-48.8334833!16s%2Fg%2F11n4q8nxsv!19sChIJ7RA5gxOx3pQRs-612bCzk5w,Não,,,Pendente,,,,Não,Google Maps exibe Adicionar website; verificado em 13/08/2026.,odontologia
Orallis Odontologia | Dentista Joinville,Odontologia,47988685198,Joinville,https://www.google.com/maps/place/Orallis+Odontologia+%7C+Dentista+Joinville/data=!4m7!3m6!1s0x94dea5214dba693f:0x909071dcdbfd1102!8m2!3d-26.3008007!4d-48.8475024!16s%2Fg%2F11y92978r_!19sChIJP2m6TSGl3pQRAhH929xxkJA,Não,,,Pendente,,,,Não,Google Maps exibe Adicionar website; verificado em 13/08/2026.,odontologia
Odontovillas,Odontologia,4730316980,Joinville,https://www.google.com/maps/place/Odontovillas/data=!4m7!3m6!1s0x94deb15b94c4bc75:0x77df662093238552!8m2!3d-26.2990362!4d-48.8475814!16s%2Fg%2F11mry5r92h!19sChIJdbzElFux3pQRUoUjkyBm33c,Não,,,Pendente,,,,Não,Google Maps exibe Adicionar website; verificado em 13/08/2026.,odontologia
Refinate Odontologia Joinville,Odontologia,47997240026,Joinville,https://www.google.com/maps/place/Refinate+Odontologia+Joinville/data=!4m7!3m6!1s0x94deb1c8e6f913c5:0x1163ce3122c5377f!8m2!3d-26.3026111!4d-48.8472259!16s%2Fg%2F11wy0fmlr2!19sChIJxRP55six3pQRfzfFIjHOYxE,Não,,,Pendente,,,,Não,Google Maps exibe Adicionar website; verificado em 13/08/2026.,odontologia
Dr. Matusa - Consultório Odontológico,Odontologia,47988612828,Joinville,https://www.google.com/maps/place/Dr.+Matusa+-+Consult%C3%B3rio+Odontol%C3%B3gico/data=!4m7!3m6!1s0x94deb0377fe2f729:0x4715100bd6d9c8f9!8m2!3d-26.299214!4d-48.849795!16s%2Fg%2F119x413w7!19sChIJKffifzew3pQR-cjZ1gsQFUc,Não,,,Pendente,,,,Não,Google Maps exibe Adicionar website; verificado em 13/08/2026.,odontologia
Dr Jhonata Antunes - | Clínica Monet,Odontologia,47988854177,Joinville,https://www.google.com/maps/place/Dr+Jhonata+Antunes+-+%7C+Cl%C3%ADnica+Monet/data=!4m7!3m6!1s0x94deb144b28c8ecd:0xd429e6a66dc2260!8m2!3d-26.2968369!4d-48.8519971!16s%2Fg%2F11r9vhj5n7!19sChIJzY6MskSx3pQRYCLcZmqeQg0,Não,,,Pendente,,,,Não,Google Maps exibe Adicionar website; verificado em 13/08/2026.,odontologia
Clinica Lucas Mendes,Odontologia,47992918678,Joinville,https://www.google.com/maps/place/Clinica+Lucas+Mendes/data=!4m7!3m6!1s0x94deb124c53d0061:0x5125122dea7af51e!8m2!3d-26.3028172!4d-48.8511776!16s%2Fg%2F11zbd5y8bv!19sChIJYQA9xSSx3pQRHvV66i0SJVE,Não,,,Pendente,,,,Não,Google Maps exibe Adicionar website; verificado em 13/08/2026.,odontologia
Farfan Odontologia,Odontologia,47999742745,Joinville,https://www.google.com/maps/place/Farfan+Odontologia/data=!4m7!3m6!1s0x94deb1e417e9a095:0x15b530b97dfe3aef!8m2!3d-26.297589!4d-48.8518714!16s%2Fg%2F11mhhw5ykn!19sChIJlaDpF-Sx3pQR7zr-fbkwtRU,Não,,,Pendente,,,,Não,Google Maps exibe Adicionar website; verificado em 13/08/2026.,odontologia
Dra. Iessa Glenda,Odontologia,47984484314,Joinville,https://www.google.com/maps/place/Dra.+Iessa+Glenda/data=!4m7!3m6!1s0x94deb1990a569f07:0x612652474752f213!8m2!3d-26.2968369!4d-48.8519971!16s%2Fg%2F11ngjjxfbq!19sChIJB59WCpmx3pQRE_JSR0dSJmE,Não,,,Pendente,,,,Não,Google Maps exibe Adicionar website; verificado em 13/08/2026.,odontologia
Beltrame Odontologia,Odontologia,4734230375,Joinville,https://www.google.com/maps/place/Beltrame+Odontologia/data=!4m7!3m6!1s0x94deb12bc94d9351:0xbc882eb4384c8b6f!8m2!3d-26.2925169!4d-48.8482893!16s%2Fg%2F11h3ng5srv!19sChIJUZNNySux3pQRb4tMOLQuiLw,Não,,,Pendente,,,,Não,Google Maps exibe Adicionar website; verificado em 13/08/2026.,odontologia
Dra Marianne Lara - Amis Odontologia,Odontologia,47999464298,Joinville,https://www.google.com/maps/place/Dra+Marianne+Lara+-+Amis+Odontologia/data=!4m7!3m6!1s0x94deb17d53a36fdb:0xe30ff9b13782db98!8m2!3d-26.2885673!4d-48.846041!16s%2Fg%2F11hv5fk8zc!19sChIJ22-jU32x3pQRmNuCN7H5D-M,Não,,,Pendente,,,,Não,Google Maps exibe Adicionar website; verificado em 13/08/2026.,odontologia
Odontologia,Odontologia,47984157587,Joinville,https://www.google.com/maps/place/Odontologia/data=!4m7!3m6!1s0x94deb04473aafd9b:0x46994eedaf4fbf1d!8m2!3d-26.3095177!4d-48.8543729!16s%2Fg%2F11bv2gzsl7!19sChIJm_2qc0Sw3pQRHb9Pr-1OmUY,Não,,,Pendente,,,,Não,Google Maps exibe Adicionar website; verificado em 13/08/2026.,odontologia
Studio A Odontologia,Odontologia,47999206604,Joinville,https://www.google.com/maps/place/Studio+A+Odontologia/data=!4m7!3m6!1s0x94deb1be2fb90591:0x57b594f877475d6d!8m2!3d-26.3044878!4d-48.8538452!16s%2Fg%2F11z7fr5b0t!19sChIJkQW5L76x3pQRbV1Hd_iUtVc,Não,,,Pendente,,,,Não,Google Maps exibe Adicionar website; verificado em 13/08/2026.,odontologia
Rosa Instituto Odontologico,Odontologia,47999291415,Joinville,https://www.google.com/maps/place/Rosa+Instituto+Odontologico/data=!4m7!3m6!1s0x94deb104e20029c7:0xf566b6fc8f9f839!8m2!3d-26.3090486!4d-48.8542595!16s%2Fg%2F11n31ht4zt!19sChIJxykA4gSx3pQROfj5yG9rVg8,Não,,,Pendente,,,,Não,Google Maps exibe Adicionar website; verificado em 13/08/2026.,odontologia
Dra Izabelle Rost,Odontologia,47997924526,Joinville,https://www.google.com/maps/place/Dra+Izabelle+Rost/data=!4m7!3m6!1s0x81e47f9f474d535:0x58e00a2cfbe5fafc!8m2!3d-26.3002956!4d-48.8532897!16s%2Fg%2F11wbgmk_rn!19sChIJNdV09PlHHggR_Prl-ywK4Fg,Não,,,Pendente,,,,Não,Google Maps exibe Adicionar website; verificado em 13/08/2026.,odontologia
GL Dental Care,Odontologia,47991754319,Joinville,https://www.google.com/maps/place/GL+Dental+Care/data=!4m7!3m6!1s0x94deb1403b2349b5:0x9c65a914abe89a61!8m2!3d-26.3027067!4d-48.8510202!16s%2Fg%2F11ygtlbttw!19sChIJtUkjO0Cx3pQRYZroqxSpZZw,Não,,,Pendente,,,,Não,Google Maps exibe Adicionar website; verificado em 13/08/2026.,odontologia
Implantodontia | Clínica de Implantes Dentários,Odontologia,4730280603,Joinville,https://www.google.com/maps/place/Implantodontia+%7C+Cl%C3%ADnica+de+Implantes+Dent%C3%A1rios/data=!4m7!3m6!1s0x94deb16326e2c08d:0xb7be545a4f653159!8m2!3d-26.3118159!4d-48.850018!16s%2Fg%2F11z0kx5h06!19sChIJjcDiJmOx3pQRWTFlT1pUvrc,Não,,,Pendente,,,,Não,Google Maps exibe Adicionar website; verificado em 13/08/2026.,odontologia
Pró-Risos Odontologia,Odontologia,47999115175,Joinville,https://www.google.com/maps/place/Pr%C3%B3-Risos+Odontologia/data=!4m7!3m6!1s0x94deb051f1f18fcd:0xd04bd41807215300!8m2!3d-26.3091339!4d-48.8543316!16s%2Fg%2F11bv1nvw29!19sChIJzY_x8VGw3pQRAFMhBxjUS9A,Não,,,Pendente,,,,Não,Google Maps exibe Adicionar website; verificado em 13/08/2026.,odontologia
Galvanin Clinic,Odontologia,47989220384,Joinville,https://www.google.com/maps/place/Galvanin+Clinic/data=!4m7!3m6!1s0x94deb18370cd3639:0x8dd9796b1d3e717!8m2!3d-26.3028172!4d-48.8511776!16s%2Fg%2F11zgwp_p47!19sChIJOTbNcIOx3pQRF-fTsZaX3Qg,Não,,,Pendente,,,,Não,Google Maps exibe Adicionar website; verificado em 13/08/2026.,odontologia
Michele Machado Dentista,Odontologia,47999428308,Joinville,https://www.google.com/maps/place/Michele+Machado+Dentista/data=!4m7!3m6!1s0x94deb1233f59298f:0xd70726c8969220ef!8m2!3d-26.3120594!4d-48.8491018!16s%2Fg%2F11zblz6lqw!19sChIJjylZPyOx3pQR7yCSlsgmB9c,Não,,,Pendente,,,,Não,Google Maps exibe Adicionar website; verificado em 13/08/2026.,odontologia
Magnare Odontologia Especializada,Odontologia,47997462803,Joinville,https://www.google.com/maps/place/Magnare+Odontologia+Especializada/data=!4m7!3m6!1s0x94deb172de03c9dd:0xcb23ffb51fba4333!8m2!3d-26.3259828!4d-48.842008!16s%2Fg%2F11xn9mkc9_!19sChIJ3ckD3nKx3pQRM0O6H7X_I8s,Não,,,Pendente,,,,Não,Google Maps exibe Adicionar website; verificado em 13/08/2026.,odontologia
Uniclass Odontologia Estética,Odontologia,47992238283,Joinville,https://www.google.com/maps/place/Uniclass+Odontologia+Est%C3%A9tica/data=!4m7!3m6!1s0x94deb0585ad0eb2d:0x3ec21c548b9e547b!8m2!3d-26.3143756!4d-48.8506076!16s%2Fg%2F11cn3w6c8r!19sChIJLevQWliw3pQRe1Sei1Qcwj4,Não,,,Pendente,,,,Não,Google Maps exibe Adicionar website; verificado em 13/08/2026.,odontologia
Dentista Júlia Kaiser - JK Clínica de Odontopediatria,Odontologia,47997875451,Joinville,https://www.google.com/maps/place/Dentista+Ju%CC%81lia+Kaiser+-+JK+Cl%C3%ADnica+de+Odontopediatria/data=!4m7!3m6!1s0x94deb1bcc793b3dd:0xbe4ecf4f78e5a2ad!8m2!3d-26.3142502!4d-48.8477959!16s%2Fg%2F11h4c3fc2v!19sChIJ3bOTx7yx3pQRraLleE_PTr4,Não,,,Pendente,,,,Não,Google Maps exibe Adicionar website; verificado em 13/08/2026.,odontologia
Odontologia,Odontologia,4730232922,Joinville,https://www.google.com/maps/place/Odontologia/data=!4m7!3m6!1s0x94deafd6c90ba1cd:0x18c1226c48035254!8m2!3d-26.2765249!4d-48.8462033!16s%2Fg%2F11b86716_m!19sChIJzaELydav3pQRVFIDSGwiwRg,Não,,,Pendente,,,,Não,Google Maps exibe Adicionar website; verificado em 13/08/2026.,odontologia
Amanda Bourscheid Odontologia,Odontologia,47999901119,Joinville,https://www.google.com/maps/place/Amanda+Bourscheid+Odontologia/data=!4m7!3m6!1s0x94deb196fcedda95:0xd9ac0596f3c60ef1!8m2!3d-26.2803463!4d-48.8391312!16s%2Fg%2F11m6yrjcsq!19sChIJldrt_Jax3pQR8Q7G85YFrNk,Não,,,Pendente,,,,Não,Google Maps exibe Adicionar website; verificado em 13/08/2026.,odontologia
Clínica Odontológica - S.O.S Sorrir,Odontologia,4730138282,Joinville,https://www.google.com/maps/place/Cl%C3%ADnica+Odontol%C3%B3gica+-+S.O.S+Sorrir/data=!4m7!3m6!1s0x94deafaf0e81e4df:0x9ff6aa9d86ade54a!8m2!3d-26.273207!4d-48.8259217!16s%2Fg%2F11v1bjq_2k!19sChIJ3-SBDq-v3pQRSuWthp2q9p8,Não,,,Pendente,,,,Não,Google Maps exibe Adicionar website; verificado em 13/08/2026.,odontologia
OdontoFácil,Odontologia,4730271183,Joinville,https://www.google.com/maps/place/OdontoF%C3%A1cil/data=!4m7!3m6!1s0x94deaf93c4c55555:0xf09c746aac80c8ad!8m2!3d-26.2643972!4d-48.8665881!16s%2Fg%2F11s74qhng0!19sChIJVVXFxJOv3pQRrciArGp0nPA,Não,,,Pendente,,,,Não,Google Maps exibe Adicionar website; verificado em 13/08/2026.,odontologia
ORAL MASTER JOINVILLE,Odontologia,47988310124,Joinville,https://www.google.com/maps/place/ORAL+MASTER+JOINVILLE/data=!4m7!3m6!1s0x94deafa274051fe3:0x8de77eade861104e!8m2!3d-26.2715816!4d-48.8724075!16s%2Fg%2F11w48vjnj2!19sChIJ4x8FdKKv3pQRThBh6K1-540,Não,,,Pendente,,,,Não,Google Maps exibe Adicionar website; verificado em 13/08/2026.,odontologia
MR ODONTOLOGIA,Odontologia,47992047440,Joinville,https://www.google.com/maps/place/MR+ODONTOLOGIA/data=!4m7!3m6!1s0x94deb13f65154527:0x573bdc0763cbf686!8m2!3d-26.2660195!4d-48.8763164!16s%2Fg%2F11x6ns_czt!19sChIJJ0UVZT-x3pQRhvbLYwfcO1c,Não,,,Pendente,,,,Não,Google Maps exibe Adicionar website; verificado em 13/08/2026.,odontologia
Consultório Odontológico Dra Tatiana Costa/Dr. Paulo Anderle/Dra. Katia Ramos,Odontologia,47996528703,Joinville,https://www.google.com/maps/place/Consult%C3%B3rio+Odontol%C3%B3gico+Dra+Tatiana+Costa%2FDr.+Paulo+Anderle%2FDra.+Katia+Ramos/data=!4m7!3m6!1s0x94deafda2ebbca9d:0x467baf2240912d21!8m2!3d-26.2777786!4d-48.8519434!16s%2Fg%2F11b822j34f!19sChIJncq7Ltqv3pQRIS2RQCKve0Y,Não,,,Pendente,,,,Não,Google Maps exibe Adicionar website; verificado em 13/08/2026.,odontologia
CBS Prime Odontologia,Odontologia,47992560484,Joinville,https://www.google.com/maps/place/CBS+Prime+Odontologia/data=!4m7!3m6!1s0x94deb1cee30cec83:0xf2099ed58d16f46!8m2!3d-26.3334575!4d-48.8392276!16s%2Fg%2F11tf257pk4!19sChIJg-wM486x3pQRRm_RWO2ZIA8,Não,,,Pendente,,,,Não,Google Maps exibe Adicionar website; verificado em 13/08/2026.,odontologia
Crystal Centro Odontológico,Odontologia,4730256500,Joinville,https://www.google.com/maps/place/Crystal+Centro+Odontol%C3%B3gico/data=!4m7!3m6!1s0x94deafee8b625c31:0x9b73fbf4f7c06438!8m2!3d-26.2747721!4d-48.8670885!16s%2Fg%2F11dfj6y19m!19sChIJMVxii-6v3pQROGTA9_T7c5s,Não,,,Pendente,,,,Não,Google Maps exibe Adicionar website; verificado em 13/08/2026.,odontologia
Dr. SIMÃO-DENTISTA,Odontologia,47997005787,Joinville,https://www.google.com/maps/place/Dr.+SIM%C3%83O-DENTISTA/data=!4m7!3m6!1s0x94dea5391ef90add:0x2876bb614552a7c1!8m2!3d-26.2874682!4d-48.9016882!16s%2Fg%2F11bv6pbwm7!19sChIJ3Qr5Hjml3pQRwadSRWG7dig,Não,,,Pendente,,,,Não,Google Maps exibe Adicionar website; verificado em 13/08/2026.,odontologia
"Merkle, Roberto",Odontologia,4734396666,Joinville,"https://www.google.com/maps/place/Merkle,+Roberto/data=!4m7!3m6!1s0x94dea538ee383ba7:0x2245e9be0f61a187!8m2!3d-26.2874145!4d-48.8999083!16s%2Fg%2F1tpllwtf!19sChIJpzs47jil3pQRh6FhD77pRSI",Não,,,Pendente,,,,Não,Google Maps exibe Adicionar website; verificado em 13/08/2026.,odontologia
Consultório Odontológico Carlos Roberto Kammholz Júnior,Odontologia,4733860624,Joinville,https://www.google.com/maps/place/Consult%C3%B3rio+Odontol%C3%B3gico+Carlos+Roberto+Kammholz+J%C3%BAnior/data=!4m7!3m6!1s0x94dea5394587ba83:0xd41c59b5558da81!8m2!3d-26.287409!4d-48.9038961!16s%2Fg%2F1tt0s8hh!19sChIJg7qHRTml3pQRgdpYVZvFQQ0,Não,,,Pendente,,,,Não,Google Maps exibe Adicionar website; verificado em 13/08/2026.,odontologia
Vitaclin Centro Odontológico,Odontologia,4734392372,Joinville,https://www.google.com/maps/place/Vitaclin+Centro+Odontol%C3%B3gico/data=!4m7!3m6!1s0x94dea54dc7563dfb:0xa4585810997c7709!8m2!3d-26.2870845!4d-48.9021241!16s%2Fg%2F11j0471kmn!19sChIJ-z1Wx02l3pQRCXd8mRBYWKQ,Não,,,Pendente,,,,Não,Google Maps exibe Adicionar website; verificado em 13/08/2026.,odontologia
Dentista,Odontologia,4734395017,Joinville,https://www.google.com/maps/place/Dentista/data=!4m7!3m6!1s0x94dea521bef4dc8b:0xb07f3f9cd3c1933b!8m2!3d-26.2874086!4d-48.9166708!16s%2Fg%2F11bvt3278z!19sChIJi9z0viGl3pQRO5PB05w_f7A,Não,,,Pendente,,,,Não,Google Maps exibe Adicionar website; verificado em 13/08/2026.,odontologia
Clinica Odontologica OdontoVille,Odontologia,47988605450,Joinville,https://www.google.com/maps/place/Clinica+Odontologica+OdontoVille/data=!4m7!3m6!1s0x94deb16406299297:0x2e28ea7eb5f0e35!8m2!3d-26.3292931!4d-48.8655628!16s%2Fg%2F11s78ckjl7!19sChIJl5IpBmSx3pQRNQ5f66eO4gI,Não,,,Pendente,,,,Não,Google Maps exibe Adicionar website; verificado em 13/08/2026.,odontologia
Consultório Odontológico,Odontologia,4734363002,Joinville,https://www.google.com/maps/place/Consult%C3%B3rio+Odontol%C3%B3gico/data=!4m7!3m6!1s0x94deb0e41e7e6abd:0x75e771d9075807ba!8m2!3d-26.3342003!4d-48.8460089!16s%2Fg%2F11bv2lg880!19sChIJvWp-HuSw3pQRugdYB9lx53U,Não,,,Pendente,,,,Não,Google Maps exibe Adicionar website; verificado em 13/08/2026.,odontologia
OdontoCompany Floresta,Odontologia,47989163135,Joinville,https://www.google.com/maps/place/OdontoCompany+Floresta/data=!4m7!3m6!1s0x94deb10ce0719dd1:0xb06d0d9fce068c53!8m2!3d-26.337156!4d-48.8477383!16s%2Fg%2F11wy00dwjm!19sChIJ0Z1x4Ayx3pQRU4wGzp8NbbA,Não,,,Pendente,,,,Não,Google Maps exibe Adicionar website; verificado em 13/08/2026.,odontologia
Dr. Richely Furtado,Odontologia,4734547102,Joinville,https://www.google.com/maps/place/Dr.+Richely+Furtado/data=!4m7!3m6!1s0x94deb0fc25488a6d:0x6b17b5dc2e9049f7!8m2!3d-26.3242165!4d-48.842842!16s%2Fg%2F11bv2c2xs1!19sChIJbYpIJfyw3pQR90mQLty1F2s,Não,,,Pendente,,,,Não,Google Maps exibe Adicionar website; verificado em 13/08/2026.,odontologia
"Fiamoncini, Mauro G",Odontologia,4734360717,Joinville,"https://www.google.com/maps/place/Fiamoncini,+Mauro+G/data=!4m7!3m6!1s0x94deb0fb28a02399:0xb35fb9d8df3652e1!8m2!3d-26.3294235!4d-48.8469656!16s%2Fg%2F1tgh43pq!19sChIJmSOgKPuw3pQR4VI239i5X7M",Não,,,Pendente,,,,Não,Google Maps exibe Adicionar website; verificado em 13/08/2026.,odontologia
CAC Floresta,Odontologia,47988207094,Joinville,https://www.google.com/maps/place/CAC+Floresta/data=!4m7!3m6!1s0x94deb11f0f3281a9:0xc1522d8ce883817d!8m2!3d-26.3255699!4d-48.8495093!16s%2Fg%2F11w7mhg551!19sChIJqYEyDx-x3pQRfYGD6IwtUsE,Não,,,Pendente,,,,Não,Google Maps exibe Adicionar website; verificado em 13/08/2026.,odontologia
Bonelli Odontologia,Odontologia,47988397550,Joinville,https://www.google.com/maps/place/Bonelli+Odontologia/data=!4m7!3m6!1s0x94deb176f5ae52a3:0xf609c634a2cce6e1!8m2!3d-26.336333!4d-48.8195373!16s%2Fg%2F11zh268twx!19sChIJo1Ku9Xax3pQR4ebMojTGCfY,Não,,,Pendente,,,,Não,Google Maps exibe Adicionar website; verificado em 13/08/2026.,odontologia
Select odontologia,Odontologia,47997728190,Joinville,https://www.google.com/maps/place/Select+odontologia/data=!4m7!3m6!1s0x94deb34e3dca149d:0x6c03380114bd6303!8m2!3d-26.3396643!4d-48.7991601!16s%2Fg%2F11xzt30hh2!19sChIJnRTKPU6z3pQRA2O9FAE4A2w,Não,,,Pendente,,,,Não,Google Maps exibe Adicionar website; verificado em 13/08/2026.,odontologia
Dra Lilian Rieck,Odontologia,4730280255,Joinville,https://www.google.com/maps/place/Dra+Lilian+Rieck/data=!4m7!3m6!1s0x94deb1555a357fd3:0x4dd8c4e358e380e5!8m2!3d-26.3390113!4d-48.8171781!16s%2Fg%2F11h04xg0nz!19sChIJ0381WlWx3pQR5YDjWOPE2E0,Não,,,Pendente,,,,Não,Google Maps exibe Adicionar website; verificado em 13/08/2026.,odontologia
Dentista Dr. Flávio Braga,Odontologia,47988587468,Joinville,https://www.google.com/maps/place/Dentista+Dr.+Fl%C3%A1vio+Braga/data=!4m7!3m6!1s0x94deb12537a04385:0xf4a0767201a00af2!8m2!3d-26.3420933!4d-48.8303676!16s%2Fg%2F11c3l7_v4h!19sChIJhUOgNyWx3pQR8gqgAXJ2oPQ,Não,,,Pendente,,,,Não,Google Maps exibe Adicionar website; verificado em 13/08/2026.,odontologia
Clínica Top Sorriso,Odontologia,4730431824,Joinville,https://www.google.com/maps/place/Cl%C3%ADnica+Top+Sorriso/data=!4m7!3m6!1s0x94deb11f33f285cf:0x7fa09484332200b9!8m2!3d-26.3338764!4d-48.8349563!16s%2Fg%2F11bv2g2t7r!19sChIJz4XyMx-x3pQRuQAiM4SUoH8,Não,,,Pendente,,,,Não,Google Maps exibe Adicionar website; verificado em 13/08/2026.,odontologia
Dra Marieli Júlia Corrêa,Odontologia,47996620800,Joinville,https://www.google.com/maps/place/Dra+Marieli+J%C3%BAlia+Corr%C3%AAa/data=!4m7!3m6!1s0x94dea59ae43deb4d:0xfc6c48a97486b870!8m2!3d-26.3389048!4d-48.8170382!16s%2Fg%2F11v_46gx7p!19sChIJTes95Jql3pQRcLiGdKlIbPw,Não,,,Pendente,,,,Não,Google Maps exibe Adicionar website; verificado em 13/08/2026.,odontologia
Odontologia,Odontologia,4734667784,Joinville,https://www.google.com/maps/place/Odontologia/data=!4m7!3m6!1s0x94deb1487fdc8b1b:0xc441d76f66d691bf!8m2!3d-26.3390304!4d-48.8171414!16s%2Fg%2F11bv5tp_zs!19sChIJG4vcf0ix3pQRv5HWZm_XQcQ,Não,,,Pendente,,,,Não,Google Maps exibe Adicionar website; verificado em 13/08/2026.,odontologia
ODONTO EXCELLENCE,Odontologia,4738047737,Joinville,https://www.google.com/maps/place/ODONTO+EXCELLENCE/data=!4m7!3m6!1s0x94deb12d39868be7:0xaac82c0e6e6b2696!8m2!3d-26.3528465!4d-48.8312364!16s%2Fg%2F11npyb1fgq!19sChIJ54uGOS2x3pQRliZrbg4syKo,Não,,,Pendente,,,,Não,Google Maps exibe Adicionar website; verificado em 13/08/2026.,odontologia
Dra. Paula Bertemes de Macedo - Clínica Odontológica,Odontologia,4734363862,Joinville,https://www.google.com/maps/place/Dra.+Paula+Bertemes+de+Macedo+-+Cl%C3%ADnica+Odontol%C3%B3gica/data=!4m7!3m6!1s0x94deb1c762e24d8d:0xc7abb4e927abb87f!8m2!3d-26.3334575!4d-48.8392276!16s%2Fg%2F11mr2382_v!19sChIJjU3iYsex3pQRf7irJ-m0q8c,Não,,,Pendente,,,,Não,Google Maps exibe Adicionar website; verificado em 13/08/2026.,odontologia
Sani Centro de Fisioterapia Ltda,Odontologia,4734230063,Joinville,https://www.google.com/maps/place/Sani+Centro+de+Fisioterapia+Ltda/data=!4m7!3m6!1s0x94deb139ebc099df:0xe220869b4194e684!8m2!3d-26.3411611!4d-48.8223048!16s%2Fg%2F1tfjgpjr!19sChIJ35nA6zmx3pQRhOaUQZuGIOI,Não,,,Pendente,,,,Não,Google Maps exibe Adicionar website; verificado em 13/08/2026.,odontologia
Deolinda Estética e Massoterapia,Odontologia,4734545593,Joinville,https://www.google.com/maps/place/Deolinda+Est%C3%A9tica+e+Massoterapia/data=!4m7!3m6!1s0x94deb6c484c4e2c5:0x510e3770f3ec2347!8m2!3d-26.3665407!4d-48.8277252!16s%2Fg%2F11bvcv5xbx!19sChIJxeLEhMS23pQRRyPs83A3DlE,Não,,,Pendente,,,,Não,Google Maps exibe Adicionar website; verificado em 13/08/2026.,odontologia
Odonto Excellence,Odontologia,47991513470,Joinville,https://www.google.com/maps/place/Odonto+Excellence/data=!4m7!3m6!1s0x94deaf8ff3493d17:0x7bcc66824b937b23!8m2!3d-26.2437896!4d-48.8199975!16s%2Fg%2F11j1tr0wyd!19sChIJFz1J84-v3pQRI3uTS4JmzHs,Não,,,Pendente,,,,Não,Google Maps exibe Adicionar website; verificado em 13/08/2026.,odontologia
Sorria DentesSC,Odontologia,4734274022,Joinville,https://www.google.com/maps/place/Sorria+DentesSC/data=!4m7!3m6!1s0x94deaf88ee842cb1:0x4738c53b445a0b6e!8m2!3d-26.2604926!4d-48.8191905!16s%2Fg%2F11v5sgd2hs!19sChIJsSyE7oiv3pQRbgtaRDvFOEc,Não,,,Pendente,,,,Não,Google Maps exibe Adicionar website; verificado em 13/08/2026.,odontologia
Dentista da Família Clínica Odontológica,Odontologia,47997334500,Joinville,https://www.google.com/maps/place/Dentista+da+Fam%C3%ADlia+Cl%C3%ADnica+Odontol%C3%B3gica/data=!4m7!3m6!1s0x94deaf111fefceb7:0x5af7c94297d3a733!8m2!3d-26.2511043!4d-48.8195037!16s%2Fg%2F11nsvdhkh5!19sChIJt87vHxGv3pQRM6fTl0LJ91o,Não,,,Pendente,,,,Não,Google Maps exibe Adicionar website; verificado em 13/08/2026.,odontologia
Lorenzi & Ferreira Odontologia,Odontologia,4734251705,Joinville,https://www.google.com/maps/place/Lorenzi+%26+Ferreira+Odontologia/data=!4m7!3m6!1s0x94deaf01455bca05:0x1d041e778201327a!8m2!3d-26.2462084!4d-48.8107923!16s%2Fg%2F11ncmn7098!19sChIJBcpbRQGv3pQRejIBgnceBB0,Não,,,Pendente,,,,Não,Google Maps exibe Adicionar website; verificado em 13/08/2026.,odontologia
Dra. Andreia Romero - Cirurgiã Dentista,Odontologia,47992529036,Joinville,https://www.google.com/maps/place/Dra.+Andreia+Romero+-+Cirurgi%C3%A3+Dentista/data=!4m7!3m6!1s0x94deafaeb855885f:0x28d976eb1ae0eeb6!8m2!3d-26.249051!4d-48.809123!16s%2Fg%2F11z8r7ghh1!19sChIJX4hVuK6v3pQRtu7gGut22Sg,Não,,,Pendente,,,,Não,Google Maps exibe Adicionar website; verificado em 13/08/2026.,odontologia
André Albano dos Santos Odontologia,Odontologia,47984038393,Joinville,https://www.google.com/maps/place/Andr%C3%A9+Albano+dos+Santos+Odontologia/data=!4m7!3m6!1s0x94deae157cbe4a07:0x7c462019c04f381a!8m2!3d-26.2540533!4d-48.8193734!16s%2Fg%2F11bvt3znrc!19sChIJB0q-fBWu3pQRGjhPwBkgRnw,Não,,,Pendente,,,,Não,Google Maps exibe Adicionar website; verificado em 13/08/2026.,odontologia
Dra Lilian Schlickmann - Consultório Odontológico,Odontologia,47996752211,Joinville,https://www.google.com/maps/place/Dra+Lilian+Schlickmann+-+Consult%C3%B3rio+Odontol%C3%B3gico/data=!4m7!3m6!1s0x94deaf900be289a1:0x47adec36de47933d!8m2!3d-26.2604926!4d-48.8191905!16s%2Fg%2F11hzmnm8bd!19sChIJoYniC5Cv3pQRPZNH3jbsrUc,Não,,,Pendente,,,,Não,Google Maps exibe Adicionar website; verificado em 13/08/2026.,odontologia
Luar Clínica de Estética,Clínica Estética,47996991829,Joinville,https://www.google.com/maps/place/Luar+Cl%C3%ADnica+de+Est%C3%A9tica/data=!4m7!3m6!1s0x94deb390e2a9e773:0x9f41c0abc9cb968c!8m2!3d-26.3302414!4d-48.8026766!16s%2Fg%2F11lgltzq1m!19sChIJc-ep4pCz3pQRjJbLyavAQZ8,Não,,,Pendente,,,,Não,Google Maps exibe Adicionar website; verificado em 13/08/2026.,clinica-estetica
Clínica Virtuosa - Glória,Clínica Estética,47997161180,Joinville,https://www.google.com/maps/place/Cl%C3%ADnica+Virtuosa+-+Gl%C3%B3ria/data=!4m7!3m6!1s0x94deb05cc9952c7b:0x5d10e545033e31ea!8m2!3d-26.2956872!4d-48.8648833!16s%2Fg%2F11cly9gxls!19sChIJeyyVyVyw3pQR6jE-A0XlEF0,Não,,,Pendente,,,,Não,Google Maps exibe Adicionar website; verificado em 13/08/2026.,clinica-estetica
"Clínica AuraFiore - Biomedicina, estética e saúde",Clínica Estética,47997407003,Joinville,"https://www.google.com/maps/place/Cl%C3%ADnica+AuraFiore+-+Biomedicina,+est%C3%A9tica+e+sa%C3%BAde/data=!4m7!3m6!1s0x94deb14a749881cd:0x3aa2d280fdd9f86c!8m2!3d-26.3158143!4d-48.8427853!16s%2Fg%2F11ryljbs05!19sChIJzYGYdEqx3pQRbPjZ_YDSojo",Não,,,Pendente,,,,Não,Google Maps exibe Adicionar website; verificado em 13/08/2026.,clinica-estetica
Débora Padilha Estética Avançada,Clínica Estética,47996127103,Joinville,https://www.google.com/maps/place/D%C3%A9bora+Padilha+Est%C3%A9tica+Avan%C3%A7ada/data=!4m7!3m6!1s0x94deb7b23909b78f:0xca1367d84c804e42!8m2!3d-26.3631297!4d-48.8296162!16s%2Fg%2F11vk8pbsmc!19sChIJj7cJObK33pQRQk6ATNhnE8o,Não,,,Pendente,,,,Não,Google Maps exibe Adicionar website; verificado em 13/08/2026.,clinica-estetica
Dra. Suellen Oliveira,Clínica Estética,47996938691,Joinville,https://www.google.com/maps/place/Dra.+Suellen+Oliveira/data=!4m7!3m6!1s0x94deb1ed3040ba01:0x4ee3e606c325124e!8m2!3d-26.2998716!4d-48.8485351!16s%2Fg%2F11vlbrsw_2!19sChIJAbpAMO2x3pQRThIlwwbm404,Não,,,Pendente,,,,Não,Google Maps exibe Adicionar website; verificado em 13/08/2026.,clinica-estetica
CLÍNICA PEELING,Clínica Estética,47997654131,Joinville,https://www.google.com/maps/place/CL%C3%8DNICA+PEELING/data=!4m7!3m6!1s0x94deb1cf9a5aef9f:0x5202747b636ec853!8m2!3d-26.300881!4d-48.8458062!16s%2Fg%2F11v0c3wl99!19sChIJn-9ams-x3pQRU8huY3t0AlI,Não,,,Pendente,,,,Não,Google Maps exibe Adicionar website; verificado em 13/08/2026.,clinica-estetica
Beleza Real - Centro de Estética,Clínica Estética,47984247256,Joinville,https://www.google.com/maps/place/Beleza+Real+-+Centro+de+Est%C3%A9tica/data=!4m7!3m6!1s0x94deb10a6ea67bf1:0x65581df1ad35adc5!8m2!3d-26.3134432!4d-48.8522978!16s%2Fg%2F11pq5qmy4n!19sChIJ8Xumbgqx3pQRxa01rfEdWGU,Não,,,Pendente,,,,Não,Google Maps exibe Adicionar website; verificado em 13/08/2026.,clinica-estetica
Equilibra Estética Facial e Corporal,Clínica Estética,47999172099,Joinville,https://www.google.com/maps/place/Equilibra+Est%C3%A9tica+Facial+e+Corporal/data=!4m7!3m6!1s0x94deb13fd3f91989:0xd6b72e4be44e9248!8m2!3d-26.3136168!4d-48.8466167!16s%2Fg%2F11rc2n8g21!19sChIJiRn50z-x3pQRSJJO5Esut9Y,Não,,,Pendente,,,,Não,Google Maps exibe Adicionar website; verificado em 13/08/2026.,clinica-estetica
Incantare Estética,Clínica Estética,47997329648,Joinville,https://www.google.com/maps/place/Incantare+Est%C3%A9tica/data=!4m7!3m6!1s0x94deb1ce5d5fe103:0x7635e3839c6595c!8m2!3d-26.2871559!4d-48.8465331!16s%2Fg%2F11wfgxk28z!19sChIJA-FfXc6x3pQRXFnGOTheYwc,Não,,,Pendente,,,,Não,Google Maps exibe Adicionar website; verificado em 13/08/2026.,clinica-estetica
Janice Borchhardt Estética facial e corporal,Clínica Estética,47997271429,Joinville,https://www.google.com/maps/place/Janice+Borchhardt+Est%C3%A9tica+facial+e+corporal/data=!4m7!3m6!1s0x94deaffd09fbe705:0x8fdb3ba99fe26140!8m2!3d-26.2846256!4d-48.8452228!16s%2Fg%2F11k9p3hlw6!19sChIJBef7Cf2v3pQRQGHin6k7248,Não,,,Pendente,,,,Não,Google Maps exibe Adicionar website; verificado em 13/08/2026.,clinica-estetica
Dra. Sara Rafe - Especialista em Botox - Harmonização Facial e Corporal em Joinville,Clínica Estética,47997046122,Joinville,https://www.google.com/maps/place/Dra.+Sara+Rafe+-+Especialista+em+Botox+-+Harmoniza%C3%A7%C3%A3o+Facial+e+Corporal+em+Joinville/data=!4m7!3m6!1s0x94deafb9272e6baf:0x75e27d1ccc11a010!8m2!3d-26.3003373!4d-48.8532805!16s%2Fg%2F11jd6fl6v_!19sChIJr2suJ7mv3pQREKARzBx94nU,Não,,,Pendente,,,,Não,Google Maps exibe Adicionar website; verificado em 13/08/2026.,clinica-estetica
SB ESTÉTICA,Clínica Estética,47988427309,Joinville,https://www.google.com/maps/place/SB+EST%C3%89TICA/data=!4m7!3m6!1s0x94deb1ee8034212f:0x72cf359d2dc18a8d!8m2!3d-26.3098788!4d-48.8520423!16s%2Fg%2F11ykq1rnp8!19sChIJLyE0gO6x3pQRjYrBLZ01z3I,Não,,,Pendente,,,,Não,Google Maps exibe Adicionar website; verificado em 13/08/2026.,clinica-estetica
Elittá Estetica e Saúde LTDA,Clínica Estética,47996894745,Joinville,https://www.google.com/maps/place/Elitt%C3%A1+Estetica+e+Sa%C3%BAde+LTDA/data=!4m7!3m6!1s0x94deb1deaa672133:0xa54348d72c5496ce!8m2!3d-26.292783!4d-48.8495491!16s%2Fg%2F11rcln27f1!19sChIJMyFnqt6x3pQRzpZULNdIQ6U,Não,,,Pendente,,,,Não,Google Maps exibe Adicionar website; verificado em 13/08/2026.,clinica-estetica
Jéssica Muraro Estética,Clínica Estética,47999680593,Joinville,https://www.google.com/maps/place/J%C3%A9ssica+Muraro+Est%C3%A9tica/data=!4m7!3m6!1s0x94deb124a3e24081:0xd928c0ebaf89804c!8m2!3d-26.3092137!4d-48.8547679!16s%2Fg%2F11yvvkvwjy!19sChIJgUDioySx3pQRTICJr-vAKNk,Não,,,Pendente,,,,Não,Google Maps exibe Adicionar website; verificado em 13/08/2026.,clinica-estetica
Eduardo Grubba Estética e Acupuntura,Clínica Estética,47991192301,Joinville,https://www.google.com/maps/place/Eduardo+Grubba+Est%C3%A9tica+e+Acupuntura/data=!4m7!3m6!1s0x94deb1ba824ff787:0x7dbac78468b2c9de!8m2!3d-26.298021!4d-48.864706!16s%2Fg%2F11kbkvs8dw!19sChIJh_dPgrqx3pQR3smyaITHun0,Não,,,Pendente,,,,Não,Google Maps exibe Adicionar website; verificado em 13/08/2026.,clinica-estetica
Clínica de emagrecimento e estética!,Clínica Estética,47984211284,Joinville,https://www.google.com/maps/place/Cl%C3%ADnica+de+emagrecimento+e+est%C3%A9tica!/data=!4m7!3m6!1s0x94deb06170e1d0e5:0xb549358745e22ae4!8m2!3d-26.322934!4d-48.8570147!16s%2Fg%2F11g6q2c54f!19sChIJ5dDhcGGw3pQR5CriRYc1SbU,Não,,,Pendente,,,,Não,Google Maps exibe Adicionar website; verificado em 13/08/2026.,clinica-estetica
LD Harmony,Clínica Estética,47999898845,Joinville,https://www.google.com/maps/place/LD+Harmony/data=!4m7!3m6!1s0x94deb1c57f027993:0x924e2e0bd4914fda!8m2!3d-26.3179062!4d-48.8497823!16s%2Fg%2F11vlc52843!19sChIJk3kCf8Wx3pQR2k-R1AsuTpI,Não,,,Pendente,,,,Não,Google Maps exibe Adicionar website; verificado em 13/08/2026.,clinica-estetica
Gih Bittencourte Clínica Estética,Clínica Estética,47999000298,Joinville,https://www.google.com/maps/place/Gih+Bittencourte+Cl%C3%ADnica+Est%C3%A9tica/data=!4m7!3m6!1s0x94deaf003bfe27d7:0xe4dee59f0264339f!8m2!3d-26.2771468!4d-48.8470999!16s%2Fg%2F11wp4gw16r!19sChIJ1yf-OwCv3pQRnzNkAp_l3uQ,Não,,,Pendente,,,,Não,Google Maps exibe Adicionar website; verificado em 13/08/2026.,clinica-estetica
Panato Saúde e Estética,Clínica Estética,47996196646,Joinville,https://www.google.com/maps/place/Panato+Sa%C3%BAde+e+Est%C3%A9tica/data=!4m7!3m6!1s0x94deafbb773bf72f:0x86e1ec8583f31bc5!8m2!3d-26.2777636!4d-48.8468756!16s%2Fg%2F11qmr_yzrt!19sChIJL_c7d7uv3pQRxRvzg4Xs4YY,Não,,,Pendente,,,,Não,Google Maps exibe Adicionar website; verificado em 13/08/2026.,clinica-estetica
Chrislaine Schurhaus Estética e Massoterapia,Clínica Estética,47997171773,Joinville,https://www.google.com/maps/place/Chrislaine+Schurhaus+Est%C3%A9tica+e+Massoterapia/data=!4m7!3m6!1s0x94deaff15cf3e151:0x5574dd67ab41bc48!8m2!3d-26.269058!4d-48.8725297!16s%2Fg%2F11ykxk8tmn!19sChIJUeHzXPGv3pQRSLxBq2fddFU,Não,,,Pendente,,,,Não,Google Maps exibe Adicionar website; verificado em 13/08/2026.,clinica-estetica
Ana Carolina Estética,Clínica Estética,47997813715,Joinville,https://www.google.com/maps/place/Ana+Carolina+Est%C3%A9tica/data=!4m7!3m6!1s0x94deb10c67903a85:0xa319c3b040d60630!8m2!3d-26.2636592!4d-48.8672733!16s%2Fg%2F11rd98yc9g!19sChIJhTqQZwyx3pQRMAbWQLDDGaM,Não,,,Pendente,,,,Não,Google Maps exibe Adicionar website; verificado em 13/08/2026.,clinica-estetica
Cia da Estética,Clínica Estética,47996846263,Joinville,https://www.google.com/maps/place/Cia+da+Est%C3%A9tica/data=!4m7!3m6!1s0x94dea5428d800ddf:0xa3e4cf74888e6f8!8m2!3d-26.2702165!4d-48.8808037!16s%2Fg%2F11h39928gx!19sChIJ3w2AjUKl3pQR-OaISPdMPgo,Não,,,Pendente,,,,Não,Google Maps exibe Adicionar website; verificado em 13/08/2026.,clinica-estetica
Studio Carol Diniz,Clínica Estética,47992072417,Joinville,https://www.google.com/maps/place/Studio+Carol+Diniz/data=!4m7!3m6!1s0x94deaf8faafdb785:0x19093552693b9eb1!8m2!3d-26.2817172!4d-48.8756463!16s%2Fg%2F11y9q74krb!19sChIJhbf9qo-v3pQRsZ47aVI1CRk,Não,,,Pendente,,,,Não,Google Maps exibe Adicionar website; verificado em 13/08/2026.,clinica-estetica
Espaço Patrícia Fagundes - Massagem e Limpeza de Pele,Clínica Estética,47999124910,Joinville,https://www.google.com/maps/place/Espa%C3%A7o+Patr%C3%ADcia+Fagundes+-+Massagem+e+Limpeza+de+Pele/data=!4m7!3m6!1s0x94deaf232f15dc99:0x5687f1776fa15d5b!8m2!3d-26.2649711!4d-48.8631467!16s%2Fg%2F11yyxy9qyc!19sChIJmdwVLyOv3pQRW12hb3fxh1Y,Não,,,Pendente,,,,Não,Google Maps exibe Adicionar website; verificado em 13/08/2026.,clinica-estetica
Suprema Estética Avançada,Clínica Estética,47999746300,Joinville,https://www.google.com/maps/place/Suprema+Est%C3%A9tica+Avan%C3%A7ada/data=!4m7!3m6!1s0x94deb13b88ab74a3:0x8942f4ca95567a9c!8m2!3d-26.2636486!4d-48.8672497!16s%2Fg%2F11l5fhy2tw!19sChIJo3SriDux3pQRnHpWlcr0Qok,Não,,,Pendente,,,,Não,Google Maps exibe Adicionar website; verificado em 13/08/2026.,clinica-estetica
Bello Corpo Beleza e Bem-Estar,Clínica Estética,47992705416,Joinville,https://www.google.com/maps/place/Bello+Corpo+Beleza+e+Bem-Estar/data=!4m7!3m6!1s0x94deaf8d35e3308f:0x629a0696a7336a7c!8m2!3d-26.2700373!4d-48.8711833!16s%2Fg%2F11dxqm_txy!19sChIJjzDjNY2v3pQRfGozp5YGmmI,Não,,,Pendente,,,,Não,Google Maps exibe Adicionar website; verificado em 13/08/2026.,clinica-estetica
Sperfeld rocha massoterapia é estética,Clínica Estética,47997435916,Joinville,https://www.google.com/maps/place/Sperfeld+rocha+massoterapia+%C3%A9+est%C3%A9tica/data=!4m7!3m6!1s0x94deaf422d7c6171:0x7e2441b9e6dbef7a!8m2!3d-26.2678496!4d-48.874108!16s%2Fg%2F11zgr148df!19sChIJcWF8LUKv3pQReu_b5rlBJH4,Não,,,Pendente,,,,Não,Google Maps exibe Adicionar website; verificado em 13/08/2026.,clinica-estetica
Essência Clínica de Estética Avançada,Clínica Estética,47997074369,Joinville,https://www.google.com/maps/place/Ess%C3%AAncia+Cl%C3%ADnica+de+Est%C3%A9tica+Avan%C3%A7ada/data=!4m7!3m6!1s0x94dea55a3f7508ef:0xfc1e0050b0f372f!8m2!3d-26.2917726!4d-48.9139084!16s%2Fg%2F11jsmnmt5x!19sChIJ7wh1P1ql3pQRLzcPCwXgwQ8,Não,,,Pendente,,,,Não,Google Maps exibe Adicionar website; verificado em 13/08/2026.,clinica-estetica
Espaço Lenise Rosa- Estética vila nova/depilação cera/cone hindu/drenagem/massagens/Reiki,Clínica Estética,47997331766,Joinville,https://www.google.com/maps/place/Espa%C3%A7o+Lenise+Rosa-+Est%C3%A9tica+vila+nova%2Fdepila%C3%A7%C3%A3o+cera%2Fcone+hindu%2Fdrenagem%2Fmassagens%2FReiki/data=!4m7!3m6!1s0x94dea5c23927a2fb:0x764ad8e0db22ac7d!8m2!3d-26.2868815!4d-48.9046434!16s%2Fg%2F11qs9yb1m3!19sChIJ-6InOcKl3pQRfawi2-DYSnY,Não,,,Pendente,,,,Não,Google Maps exibe Adicionar website; verificado em 13/08/2026.,clinica-estetica
Glória Estética,Clínica Estética,47988342118,Joinville,https://www.google.com/maps/place/Gl%C3%B3ria+Est%C3%A9tica/data=!4m7!3m6!1s0x94dea5df2f2b0065:0x2cba37bc934d57f5!8m2!3d-26.2933019!4d-48.911091!16s%2Fg%2F11zg91m9v_!19sChIJZQArL9-l3pQR9VdNk7w3uiw,Não,,,Pendente,,,,Não,Google Maps exibe Adicionar website; verificado em 13/08/2026.,clinica-estetica
Donna Bella Estética e Micropigmentação,Clínica Estética,47988672371,Joinville,https://www.google.com/maps/place/Donna+Bella+Est%C3%A9tica+e+Micropigmenta%C3%A7%C3%A3o/data=!4m7!3m6!1s0x94dea5b18c72b141:0x93620a5e1db6d199!8m2!3d-26.2897365!4d-48.9024116!16s%2Fg%2F11j7ymwdcg!19sChIJQbFyjLGl3pQRmdG2HV4KYpM,Não,,,Pendente,,,,Não,Google Maps exibe Adicionar website; verificado em 13/08/2026.,clinica-estetica
Estética e Bem-Estar,Clínica Estética,47992152277,Joinville,https://www.google.com/maps/place/Est%C3%A9tica+e+Bem-Estar/data=!4m7!3m6!1s0x936f33ed262cb98d:0xbcb5b508a64319a4!8m2!3d-26.2876655!4d-48.903774!16s%2Fg%2F11g6ww6hld!19sChIJjbksJu0zb5MRpBlDpgi1tbw,Não,,,Pendente,,,,Não,Google Maps exibe Adicionar website; verificado em 13/08/2026.,clinica-estetica
Tatiana Massoterapeuta Integrativa - Vila Nova - Joinville-SC,Clínica Estética,47999424431,Joinville,https://www.google.com/maps/place/Tatiana+Massoterapeuta+Integrativa+-+Vila+Nova+-+Joinville-SC/data=!4m7!3m6!1s0x94dea5b3852e3dcf:0x4802f987803e71de!8m2!3d-26.2864688!4d-48.907203!16s%2Fg%2F11h6db6hny!19sChIJzz0uhbOl3pQR3nE-gIf5Akg,Não,,,Pendente,,,,Não,Google Maps exibe Adicionar website; verificado em 13/08/2026.,clinica-estetica
La Piu Bella Tecnologia Estetica,Clínica Estética,47996639945,Joinville,https://www.google.com/maps/place/La+Piu+Bella+Tecnologia+Estetica/data=!4m7!3m6!1s0x94dea57b1058490f:0x6b8bd69d1091326a!8m2!3d-26.3131479!4d-48.9248976!16s%2Fg%2F11nqbf1s_3!19sChIJD0lYEHul3pQRajKREJ3Wi2s,Não,,,Pendente,,,,Não,Google Maps exibe Adicionar website; verificado em 13/08/2026.,clinica-estetica
Dra Catharina Wolkoff,Clínica Estética,47988948702,Joinville,https://www.google.com/maps/place/Dra+Catharina+Wolkoff/data=!4m7!3m6!1s0x94deb100493b191f:0x4bf4ca71919780fd!8m2!3d-26.2979628!4d-48.8647206!16s%2Fg%2F11w42s8bfs!19sChIJHxk7SQCx3pQR_YCXkXHK9Es,Não,,,Pendente,,,,Não,Google Maps exibe Adicionar website; verificado em 13/08/2026.,clinica-estetica
Lene Rank Espaço da Beleza,Clínica Estética,4734553867,Joinville,https://www.google.com/maps/place/Lene+Rank+Espa%C3%A7o+da+Beleza/data=!4m7!3m6!1s0x94dea5388c2f570d:0x71189cf88c194c86!8m2!3d-26.2892744!4d-48.9015621!16s%2Fg%2F11bv6pj282!19sChIJDVcvjDil3pQRhkwZjPicGHE,Não,,,Pendente,,,,Não,Google Maps exibe Adicionar website; verificado em 13/08/2026.,clinica-estetica
Giullia Franzoloso Estética Facial,Clínica Estética,47996742680,Joinville,https://www.google.com/maps/place/Giullia+Franzoloso+Est%C3%A9tica+Facial/data=!4m7!3m6!1s0x94deb10c67379c4b:0xd28befdad9a2169c!8m2!3d-26.2979688!4d-48.8647277!16s%2Fg%2F11zh37gys_!19sChIJS5w3Zwyx3pQRnBai2drvi9I,Não,,,Pendente,,,,Não,Google Maps exibe Adicionar website; verificado em 13/08/2026.,clinica-estetica
Olga e Cia cabeleireiros,Clínica Estética,4734396388,Joinville,https://www.google.com/maps/place/Olga+e+Cia+cabeleireiros/data=!4m7!3m6!1s0x94dea52033f631d3:0xe18a762769f8ce64!8m2!3d-26.2873966!4d-48.9171415!16s%2Fg%2F11h0kxj_g!19sChIJ0zH2MyCl3pQRZM74aSd2iuE,Não,,,Pendente,,,,Não,Google Maps exibe Adicionar website; verificado em 13/08/2026.,clinica-estetica
Divine Estética,Clínica Estética,47992747709,Joinville,https://www.google.com/maps/place/Divine+Est%C3%A9tica/data=!4m7!3m6!1s0x94deaffc9098b2d9:0x8a4cd7e0ea45a8b0!8m2!3d-26.3023819!4d-48.8685093!16s%2Fg%2F11h0dltkc!19sChIJ2bKYkPyv3pQRsKhF6uDXTIo,Não,,,Pendente,,,,Não,Google Maps exibe Adicionar website; verificado em 13/08/2026.,clinica-estetica
Depilação Fernanda Nonato,Clínica Estética,47996983069,Joinville,https://www.google.com/maps/place/Depila%C3%A7%C3%A3o+Fernanda+Nonato/data=!4m7!3m6!1s0x94dea54cd08398b1:0x9c22f185d4c38a10!8m2!3d-26.2871868!4d-48.9053393!16s%2Fg%2F11h0_b3_40!19sChIJsZiD0Eyl3pQREIrD1IXxIpw,Não,,,Pendente,,,,Não,Google Maps exibe Adicionar website; verificado em 13/08/2026.,clinica-estetica
Preciosa Beleza - Estética,Clínica Estética,4730303905,Joinville,https://www.google.com/maps/place/Preciosa+Beleza+-+Est%C3%A9tica/data=!4m7!3m6!1s0x94deb1075eb94425:0xe9a8615169efba9c!8m2!3d-26.3233386!4d-48.8470359!16s%2Fg%2F11l2_kql6g!19sChIJJUS5Xgex3pQRnLrvaVFhqOk,Não,,,Pendente,,,,Não,Google Maps exibe Adicionar website; verificado em 13/08/2026.,clinica-estetica
Clínica Singulari,Clínica Estética,4732786306,Joinville,https://www.google.com/maps/place/Cl%C3%ADnica+Singulari/data=!4m7!3m6!1s0x94deb19a4a2f75b3:0x4bd7dbfd03d050b6!8m2!3d-26.3342732!4d-48.8540565!16s%2Fg%2F11s3x7x6wg!19sChIJs3UvSpqx3pQRtlDQA_3b10s,Não,,,Pendente,,,,Não,Google Maps exibe Adicionar website; verificado em 13/08/2026.,clinica-estetica
Body Center Massoterapia e Estética,Clínica Estética,47996907933,Joinville,https://www.google.com/maps/place/Body+Center+Massoterapia+e+Est%C3%A9tica/data=!4m7!3m6!1s0x94deb1b1f1d52fb1:0x6fc2668183ada6e!8m2!3d-26.340373!4d-48.8478339!16s%2Fg%2F11mkcmxb1n!19sChIJsS_V8bGx3pQRbto6GGgm_AY,Não,,,Pendente,,,,Não,Google Maps exibe Adicionar website; verificado em 13/08/2026.,clinica-estetica
Aline Silveira estética,Clínica Estética,47996965423,Joinville,https://www.google.com/maps/place/Aline+Silveira+est%C3%A9tica/data=!4m7!3m6!1s0x94deb1ca83302eb9:0x4cc20a82731faf03!8m2!3d-26.3377099!4d-48.8477712!16s%2Fg%2F11pvh6z3fq!19sChIJuS4wg8qx3pQRA68fc4IKwkw,Não,,,Pendente,,,,Não,Google Maps exibe Adicionar website; verificado em 13/08/2026.,clinica-estetica
Afrodite Beauty Studio,Clínica Estética,47996102449,Joinville,https://www.google.com/maps/place/Afrodite+Beauty+Studio/data=!4m7!3m6!1s0x94deb16d0a267de5:0x5a740c891680580d!8m2!3d-26.3366729!4d-48.8481781!16s%2Fg%2F11k09_90sv!19sChIJ5X0mCm2x3pQRDViAFokMdFo,Não,,,Pendente,,,,Não,Google Maps exibe Adicionar website; verificado em 13/08/2026.,clinica-estetica
Centro de Estética Júlia Bernardes,Clínica Estética,47996363675,Joinville,https://www.google.com/maps/place/Centro+de+Est%C3%A9tica+J%C3%BAlia+Bernardes/data=!4m7!3m6!1s0x94deb0da637de44d:0x6d5b138e8b62d9de!8m2!3d-26.3352873!4d-48.8459401!16s%2Fg%2F1ptwk1_gm!19sChIJTeR9Y9qw3pQR3tlii44TW20,Não,,,Pendente,,,,Não,Google Maps exibe Adicionar website; verificado em 13/08/2026.,clinica-estetica
Espaço Brilho Cor de Rosa Beleza feminina,Clínica Estética,47992239558,Joinville,https://www.google.com/maps/place/Espa%C3%A7o+Brilho+Cor+de+Rosa+Beleza+feminina/data=!4m7!3m6!1s0x94deb1e7d48d057d:0x56ad84e259e34f4f!8m2!3d-26.3428806!4d-48.8477283!16s%2Fg%2F11vrlyb8cd!19sChIJfQWN1Oex3pQRT0_jWeKErVY,Não,,,Pendente,,,,Não,Google Maps exibe Adicionar website; verificado em 13/08/2026.,clinica-estetica
SAMY | STUDIO DE BELEZA | JOINVILLE,Clínica Estética,47992855570,Joinville,https://www.google.com/maps/place/SAMY+%7C+STUDIO+DE+BELEZA+%7C+JOINVILLE/data=!4m7!3m6!1s0x94deb1877f86cbaf:0x78be0bfe9b93ef05!8m2!3d-26.3282129!4d-48.8437401!16s%2Fg%2F11svcr_g93!19sChIJr8uGf4ex3pQRBe-Tm_4Lvng,Não,,,Pendente,,,,Não,Google Maps exibe Adicionar website; verificado em 13/08/2026.,clinica-estetica
DF Beleza e Estética,Clínica Estética,47988301672,Joinville,https://www.google.com/maps/place/DF+Beleza+e+Est%C3%A9tica/data=!4m7!3m6!1s0x94deb1b2eb2aeb8d:0xe5094b5edeac123d!8m2!3d-26.3486349!4d-48.8544484!16s%2Fg%2F11xl68lw1x!19sChIJjesq67Kx3pQRPRKs3l5LCeU,Não,,,Pendente,,,,Não,Google Maps exibe Adicionar website; verificado em 13/08/2026.,clinica-estetica
Physio Massoterapia Desportiva e Estética Corporal,Clínica Estética,47999750657,Joinville,https://www.google.com/maps/place/Physio+Massoterapia+Desportiva+e+Est%C3%A9tica+Corporal/data=!4m7!3m6!1s0x94deb188b644d311:0xf3a6f55b51f23a89!8m2!3d-26.3444271!4d-48.8474042!16s%2Fg%2F11fmt2z3lb!19sChIJEdNEtoix3pQRiTryUVv1pvM,Não,,,Pendente,,,,Não,Google Maps exibe Adicionar website; verificado em 13/08/2026.,clinica-estetica
Espaço Léli Amaral - Estética e Massoterapia,Clínica Estética,47974008598,Joinville,https://www.google.com/maps/place/Espa%C3%A7o+L%C3%A9li+Amaral+-+Est%C3%A9tica+e+Massoterapia/data=!4m7!3m6!1s0x94deb12f0fa1115b:0x65e9f9e21f294da8!8m2!3d-26.3444271!4d-48.8474042!16s%2Fg%2F11ry5g5vdw!19sChIJWxGhDy-x3pQRqE0pH-L56WU,Não,,,Pendente,,,,Não,Google Maps exibe Adicionar website; verificado em 13/08/2026.,clinica-estetica
Helena's Clínica de Estética,Clínica Estética,47992770405,Joinville,https://www.google.com/maps/place/Helena%27s+Cl%C3%ADnica+de+Est%C3%A9tica/data=!4m7!3m6!1s0x94deb1a1cc24a61b:0x3f7049e058110cba!8m2!3d-26.3261214!4d-48.8420139!16s%2Fg%2F11v0rz5bf9!19sChIJG6YkzKGx3pQRugwRWOBJcD8,Não,,,Pendente,,,,Não,Google Maps exibe Adicionar website; verificado em 13/08/2026.,clinica-estetica
Camile Estética feminina,Clínica Estética,47996656019,Joinville,https://www.google.com/maps/place/Camile+Est%C3%A9tica+feminina/data=!4m7!3m6!1s0x94deb1f8d53acd1f:0x5a9dcd9ea26b8099!8m2!3d-26.3386227!4d-48.817237!16s%2Fg%2F11ry8m502b!19sChIJH8061fix3pQRmYBrop7NnVo,Não,,,Pendente,,,,Não,Google Maps exibe Adicionar website; verificado em 13/08/2026.,clinica-estetica
Sétima Bela - Cabelos e Estética,Clínica Estética,47992171539,Joinville,https://www.google.com/maps/place/S%C3%A9tima+Bela+-+Cabelos+e+Est%C3%A9tica/data=!4m7!3m6!1s0x94deb134aa882af3:0x65b91a8ae69a571!8m2!3d-26.335665!4d-48.835174!16s%2Fg%2F11vzf3yst8!19sChIJ8yqIqjSx3pQRcaVprqiRWwY,Não,,,Pendente,,,,Não,Google Maps exibe Adicionar website; verificado em 13/08/2026.,clinica-estetica
Vita Capelli,Clínica Estética,4734294230,Joinville,https://www.google.com/maps/place/Vita+Capelli/data=!4m7!3m6!1s0x94deb125a2a4e165:0xb6fe1e0aed5b36a3!8m2!3d-26.3431153!4d-48.832768!16s%2Fg%2F11bv3mmvdl!19sChIJZeGkoiWx3pQRozZb7Qoe_rY,Não,,,Pendente,,,,Não,Google Maps exibe Adicionar website; verificado em 13/08/2026.,clinica-estetica
Cláudia Gomes Micropigmentação e Estética,Clínica Estética,47996523726,Joinville,https://www.google.com/maps/place/Cl%C3%A1udia+Gomes+Micropigmenta%C3%A7%C3%A3o+e+Est%C3%A9tica/data=!4m7!3m6!1s0x94deb12a823c7e55:0x45c6e98836719517!8m2!3d-26.3363094!4d-48.8213175!16s%2Fg%2F11g1gs5wlr!19sChIJVX48giqx3pQRF5VxNojpxkU,Não,,,Pendente,,,,Não,Google Maps exibe Adicionar website; verificado em 13/08/2026.,clinica-estetica
Clínica de Estética Firenza,Clínica Estética,47999160703,Joinville,https://www.google.com/maps/place/Cl%C3%ADnica+de+Est%C3%A9tica+Firenza/data=!4m7!3m6!1s0x94deb7a915047fb5:0x3f679a54de7b34fa!8m2!3d-26.3661447!4d-48.8256191!16s%2Fg%2F11yxzm8qww!19sChIJtX8EFam33pQR-jR73lSaZz8,Não,,,Pendente,,,,Não,Google Maps exibe Adicionar website; verificado em 13/08/2026.,clinica-estetica
Priscila Cristina Estética,Clínica Estética,47988589208,Joinville,https://www.google.com/maps/place/Priscila+Cristina+Est%C3%A9tica/data=!4m7!3m6!1s0x94deaf7f62abfc19:0x3e39eda88bc91dcf!8m2!3d-26.3642878!4d-48.8268895!16s%2Fg%2F11fphbpwnk!19sChIJGfyrYn-v3pQRzx3Ji6jtOT4,Não,,,Pendente,,,,Não,Google Maps exibe Adicionar website; verificado em 13/08/2026.,clinica-estetica
Janaína Estética e Beleza,Clínica Estética,47991358749,Joinville,https://www.google.com/maps/place/Jana%C3%ADna+Est%C3%A9tica+e+Beleza/data=!4m7!3m6!1s0x94deb70271c8d751:0x78a1f409e64aad0!8m2!3d-26.3575824!4d-48.8288017!16s%2Fg%2F11lf5sbf5r!19sChIJUdfIcQK33pQR0KpknkAfigc,Não,,,Pendente,,,,Não,Google Maps exibe Adicionar website; verificado em 13/08/2026.,clinica-estetica
Studio Cílios de Boneca - Jlle,Clínica Estética,47996199417,Joinville,https://www.google.com/maps/place/Studio+C%C3%ADlios+de+Boneca+-+Jlle/data=!4m7!3m6!1s0x94deb7ac2fc4d8db:0xfc5fcdc9febc7bf5!8m2!3d-26.3678319!4d-48.8293306!16s%2Fg%2F11y4l7gj7y!19sChIJ29jEL6y33pQR9Xu8_snNX_w,Não,,,Pendente,,,,Não,Google Maps exibe Adicionar website; verificado em 13/08/2026.,clinica-estetica
Kaiane Silva beleza e estética,Clínica Estética,47997649603,Joinville,https://www.google.com/maps/place/Kaiane+Silva+beleza+e+est%C3%A9tica/data=!4m7!3m6!1s0x94deb707b1e0e9d9:0xed196d5c42e82441!8m2!3d-26.3593901!4d-48.8285619!16s%2Fg%2F11kcff9lxz!19sChIJ2engsQe33pQRQSToQlxtGe0,Não,,,Pendente,,,,Não,Google Maps exibe Adicionar website; verificado em 13/08/2026.,clinica-estetica
Clínica Bianca Siementkowski,Clínica Estética,47999380488,Joinville,https://www.google.com/maps/place/Cl%C3%ADnica+Bianca+Siementkowski/data=!4m7!3m6!1s0x94deb79b4562b54f:0xbbafcbc9f26a41eb!8m2!3d-26.3591063!4d-48.8353985!16s%2Fg%2F11twv0mxsv!19sChIJT7ViRZu33pQR60Fq8snLr7s,Não,,,Pendente,,,,Não,Google Maps exibe Adicionar website; verificado em 13/08/2026.,clinica-estetica
ESTETICLIN,Clínica Estética,47988276937,Joinville,https://www.google.com/maps/place/ESTETICLIN/data=!4m7!3m6!1s0x94deb7edd8633a3d:0xe7d5645713563a6b!8m2!3d-26.3644609!4d-48.827148!16s%2Fg%2F11fmzz26m_!19sChIJPTpj2O233pQRazpWE1dk1ec,Não,,,Pendente,,,,Não,Google Maps exibe Adicionar website; verificado em 13/08/2026.,clinica-estetica
Mais que Rubis Studio - Estética e Micropigmentação by Girlane Ferreira,Clínica Estética,47984650951,Joinville,https://www.google.com/maps/place/Mais+que+Rubis+Studio+-+Est%C3%A9tica+e+Micropigmenta%C3%A7%C3%A3o+by+Girlane+Ferreira/data=!4m7!3m6!1s0x94deafed6802f801:0xb15dc1c82143089b!8m2!3d-26.2461199!4d-48.8041576!16s%2Fg%2F11j36dcwnn!19sChIJAfgCaO2v3pQRmwhDIcjBXbE,Não,,,Pendente,,,,Não,Google Maps exibe Adicionar website; verificado em 13/08/2026.,clinica-estetica
Clínica Estética Vittorie,Clínica Estética,47996423758,Joinville,https://www.google.com/maps/place/Cl%C3%ADnica+Est%C3%A9tica+Vittorie/data=!4m7!3m6!1s0x94deafdd04ee718f:0x8d5c380a69d9a4dd!8m2!3d-26.2384042!4d-48.8029364!16s%2Fg%2F11trl5b5pp!19sChIJj3HuBN2v3pQR3aTZaQo4XI0,Não,,,Pendente,,,,Não,Google Maps exibe Adicionar website; verificado em 13/08/2026.,clinica-estetica
Simoni Bett Estética Avançada Aventureiro,Clínica Estética,47991136375,Joinville,https://www.google.com/maps/place/Simoni+Bett+Est%C3%A9tica+Avan%C3%A7ada+Aventureiro/data=!4m7!3m6!1s0x94deaf8782124b9b:0x4530e350cccf460c!8m2!3d-26.2470176!4d-48.8235515!16s%2Fg%2F11j281wf48!19sChIJm0sSgoev3pQRDEbPzFDjMEU,Não,,,Pendente,,,,Não,Google Maps exibe Adicionar website; verificado em 13/08/2026.,clinica-estetica
Raquel Ferrari Estética,Clínica Estética,47984020611,Joinville,https://www.google.com/maps/place/Raquel+Ferrari+Est%C3%A9tica/data=!4m7!3m6!1s0x94deb18713ba8063:0x44d046ac3ab68f3a!8m2!3d-26.2516813!4d-48.8199376!16s%2Fg%2F11r11gtb2r!19sChIJY4C6E4ex3pQROo-2OqxG0EQ,Não,,,Pendente,,,,Não,Google Maps exibe Adicionar website; verificado em 13/08/2026.,clinica-estetica
Claudia Smith Estética facial,Clínica Estética,47996445577,Joinville,https://www.google.com/maps/place/Claudia+Smith+Est%C3%A9tica+facial/data=!4m7!3m6!1s0x94deaf2ce8d1e421:0xb3423f63d3a1bf57!8m2!3d-26.2521278!4d-48.805111!16s%2Fg%2F11yx6qr7nx!19sChIJIeTR6Cyv3pQRV7-h02M_QrM,Não,,,Pendente,,,,Não,Google Maps exibe Adicionar website; verificado em 13/08/2026.,clinica-estetica
D.R Dayane Rossi Estética,Clínica Estética,47997735036,Joinville,https://www.google.com/maps/place/D.R+Dayane+Rossi+Est%C3%A9tica/data=!4m7!3m6!1s0x94deaf9960750cc9:0xdb9881f0e27e8d0d!8m2!3d-26.249188!4d-48.807764!16s%2Fg%2F11sdf1dkw1!19sChIJyQx1YJmv3pQRDY1-4vCBmNs,Não,,,Pendente,,,,Não,Google Maps exibe Adicionar website; verificado em 13/08/2026.,clinica-estetica
Fernanda Rackow Estética,Clínica Estética,47997008485,Joinville,https://www.google.com/maps/place/Fernanda+Rackow+Est%C3%A9tica/data=!4m7!3m6!1s0x94deaf1f012f972f:0x6bdf3dbe81049ba!8m2!3d-26.2536127!4d-48.8073373!16s%2Fg%2F11zd6_btn6!19sChIJL5cvAR-v3pQRukkQ6NvzvQY,Não,,,Pendente,,,,Não,Google Maps exibe Adicionar website; verificado em 13/08/2026.,clinica-estetica
Centro humanizado de estética e nutrição Realize,Clínica Estética,47999279483,Joinville,https://www.google.com/maps/place/Centro+humanizado+de+est%C3%A9tica+e+nutri%C3%A7%C3%A3o+Realize/data=!4m7!3m6!1s0x94deafa797d96ba1:0x7721f9be6afd0624!8m2!3d-26.2578058!4d-48.8185248!16s%2Fg%2F11zkvf7nbf!19sChIJoWvZl6ev3pQRJAb9ar75IXc,Não,,,Pendente,,,,Não,Google Maps exibe Adicionar website; verificado em 13/08/2026.,clinica-estetica
Estética Gabrielly Cristine,Clínica Estética,47999474915,Joinville,https://www.google.com/maps/place/Est%C3%A9tica+Gabrielly+Cristine/data=!4m7!3m6!1s0x94deaf3e568a9ee5:0xc90b83114c0e37b1!8m2!3d-26.2625719!4d-48.8093847!16s%2Fg%2F11l2690jpk!19sChIJ5Z6KVj6v3pQRsTcOTBGDC8k,Não,,,Pendente,,,,Não,Google Maps exibe Adicionar website; verificado em 13/08/2026.,clinica-estetica
Zenite Balsanello - Massoterapia e Estética,Clínica Estética,47999142863,Joinville,https://www.google.com/maps/place/Zenite+Balsanello+-+Massoterapia+e+Est%C3%A9tica/data=!4m7!3m6!1s0x94deae77117ca4a1:0x8b12114e0741b5d!8m2!3d-26.2382306!4d-48.8029104!16s%2Fg%2F11c3n1tg3z!19sChIJoaR8EXeu3pQRXRt04BQhsQg,Não,,,Pendente,,,,Não,Google Maps exibe Adicionar website; verificado em 13/08/2026.,clinica-estetica
TEF Fisioterapia e Pilates,Fisioterapia,4734545883,Joinville,https://www.google.com/maps/place/TEF+Fisioterapia+e+Pilates/data=!4m7!3m6!1s0x94deb73c3b4cd019:0x180ef8bacb0ab02c!8m2!3d-26.3787319!4d-48.8253613!16s%2Fg%2F11hfjz134p!19sChIJGdBMOzy33pQRLLAKy7r4Dhg,Não,,,Pendente,,,,Não,Google Maps exibe Adicionar website; verificado em 13/08/2026.,fisioterapia
"Fisioterapeuta Andressa de Oliveira - DTM’s, Paralisia Facial e Pós Operatórios Faciais em Joinville/SC",Fisioterapia,47992009852,Joinville,"https://www.google.com/maps/place/Fisioterapeuta+Andressa+de+Oliveira+-+DTM%E2%80%99s,+Paralisia+Facial+e+P%C3%B3s+Operat%C3%B3rios+Faciais+em+Joinville%2FSC/data=!4m7!3m6!1s0x4a4612bd3a77ead:0x5534561d37fc6c40!8m2!3d-14.4095262!4d-51.3168626!16s%2Fg%2F11vhcwp07r!19sChIJrX6n0ythpAQRQGz8Nx1WNFU",Não,,,Pendente,,,,Não,Google Maps exibe Adicionar website; verificado em 13/08/2026.,fisioterapia
Dra Isadora Ruidias Fisioterapia Pélvica Joinville,Fisioterapia,47999083452,Joinville,https://www.google.com/maps/place/Dra+Isadora+Ruidias+Fisioterapia+P%C3%A9lvica+Joinville/data=!4m7!3m6!1s0x94deb15d73569895:0xec06aaea206bfd56!8m2!3d-26.3164243!4d-48.8485318!16s%2Fg%2F11y76j1zfx!19sChIJlZhWc12x3pQRVv1rIOqqBuw,Não,,,Pendente,,,,Não,Google Maps exibe Adicionar website; verificado em 13/08/2026.,fisioterapia
Clínica de Fisioterapia Coradelli,Fisioterapia,4734360023,Joinville,https://www.google.com/maps/place/Cl%C3%ADnica+de+Fisioterapia+Coradelli/data=!4m7!3m6!1s0x94deb11a313e8a1b:0x71053b3395f03a0a!8m2!3d-26.3350084!4d-48.8288735!16s%2Fg%2F11b6hhcjw6!19sChIJG4o-MRqx3pQRCjrwlTM7BXE,Não,,,Pendente,,,,Não,Google Maps exibe Adicionar website; verificado em 13/08/2026.,fisioterapia
Dr. Wynner Reis,Fisioterapia,47997021134,Joinville,https://www.google.com/maps/place/Dr.+Wynner+Reis/data=!4m7!3m6!1s0x94deb14490a12ee3:0x6c29e05731b5c03f!8m2!3d-26.3088532!4d-48.8449518!16s%2Fg%2F11s7mf6n7f!19sChIJ4y6hkESx3pQRP8C1MVfgKWw,Não,,,Pendente,,,,Não,Google Maps exibe Adicionar website; verificado em 13/08/2026.,fisioterapia
Dra. Caroline Aparecida Moreira - Fisioterapeuta Vascular e Oncologia,Fisioterapia,47988090401,Joinville,https://www.google.com/maps/place/Dra.+Caroline+Aparecida+Moreira+-+Fisioterapeuta+Vascular+e+Oncologia/data=!4m7!3m6!1s0x94deb160c8c1e0d7:0xfd8fc0a848dc8701!8m2!3d-26.3047494!4d-48.8444641!16s%2Fg%2F11yzcxljgw!19sChIJ1-DByGCx3pQRAYfcSKjAj_0,Não,,,Pendente,,,,Não,Google Maps exibe Adicionar website; verificado em 13/08/2026.,fisioterapia
Ortotrauma Clínica de Fisioterapia,Fisioterapia,4730265155,Joinville,https://www.google.com/maps/place/Ortotrauma+Cl%C3%ADnica+de+Fisioterapia/data=!4m7!3m6!1s0x94deb051e25ecba9:0x90e4ce9bd4ca4967!8m2!3d-26.3100491!4d-48.8460046!16s%2Fg%2F1v16rg2s!19sChIJqcte4lGw3pQRZ0nK1JvO5JA,Não,,,Pendente,,,,Não,Google Maps exibe Adicionar website; verificado em 13/08/2026.,fisioterapia
Movimentus Clínica de Fisioterapia e Massoterapia,Fisioterapia,47999752422,Joinville,https://www.google.com/maps/place/Movimentus+Cl%C3%ADnica+de+Fisioterapia+e+Massoterapia/data=!4m7!3m6!1s0x94deb168df266ebb:0xdf5f2d0ca8ec33bc!8m2!3d-26.306553!4d-48.845598!16s%2Fg%2F11w3z5_prm!19sChIJu24m32ix3pQRvDPsqAwtX98,Não,,,Pendente,,,,Não,Google Maps exibe Adicionar website; verificado em 13/08/2026.,fisioterapia
Jorge Santos - Centro de Fisioterapia e Pilates,Fisioterapia,47996014789,Joinville,https://www.google.com/maps/place/Jorge+Santos+-+Centro+de+Fisioterapia+e+Pilates/data=!4m7!3m6!1s0x94deb1973d9adf17:0x3f675c3268d7a4df!8m2!3d-26.2895754!4d-48.8488658!16s%2Fg%2F11rqlqlr73!19sChIJF9-aPZex3pQR36TXaDJcZz8,Não,,,Pendente,,,,Não,Google Maps exibe Adicionar website; verificado em 13/08/2026.,fisioterapia
S&R Físio e RPG,Fisioterapia,47989063639,Joinville,https://www.google.com/maps/place/S%26R+F%C3%ADsio+e+RPG/data=!4m7!3m6!1s0x94deb1b9cb8512c1:0x1d551ef67ec9ad6f!8m2!3d-26.3049518!4d-48.8468508!16s%2Fg%2F11frs9byct!19sChIJwRKFy7mx3pQRb63JfvYeVR0,Não,,,Pendente,,,,Não,Google Maps exibe Adicionar website; verificado em 13/08/2026.,fisioterapia
Dinâmica Clinica de Fisioterapia e Reabilitação Estética,Fisioterapia,47997255655,Joinville,https://www.google.com/maps/place/Din%C3%A2mica+Clinica+de+Fisioterapia+e+Reabilita%C3%A7%C3%A3o+Est%C3%A9tica/data=!4m7!3m6!1s0x94deb0547bd66c71:0x3ba7dad057f55308!8m2!3d-26.3139645!4d-48.8428528!16s%2Fg%2F1td7_759!19sChIJcWzWe1Sw3pQRCFP1V9Dapzs,Não,,,Pendente,,,,Não,Google Maps exibe Adicionar website; verificado em 13/08/2026.,fisioterapia
Fisioterapeuta Gabriela dos Santos,Fisioterapia,47996011377,Joinville,https://www.google.com/maps/place/Fisioterapeuta+Gabriela+dos+Santos/data=!4m7!3m6!1s0x94deb1dcb2bfc2c5:0xa10c30c447ea818c!8m2!3d-26.3049518!4d-48.8468508!16s%2Fg%2F11mrqysszj!19sChIJxcK_styx3pQRjIHqR8QwDKE,Não,,,Pendente,,,,Não,Google Maps exibe Adicionar website; verificado em 13/08/2026.,fisioterapia
Clínica de Fisioterapia Start Moove,Fisioterapia,47999999873,Joinville,https://www.google.com/maps/place/Cl%C3%ADnica+de+Fisioterapia+Start+Moove/data=!4m7!3m6!1s0x94deb1b0280392d7:0x60cfc8040a9bb30d!8m2!3d-26.3003544!4d-48.8532901!16s%2Fg%2F11n_y7jjbq!19sChIJ15IDKLCx3pQRDbObCgTIz2A,Não,,,Pendente,,,,Não,Google Maps exibe Adicionar website; verificado em 13/08/2026.,fisioterapia
Espaço Tia Dé - Fisioterapia Pediátrica | Joinville,Fisioterapia,47997916507,Joinville,https://www.google.com/maps/place/Espa%C3%A7o+Tia+D%C3%A9+-+Fisioterapia+Pedi%C3%A1trica+%7C+Joinville/data=!4m7!3m6!1s0x94deaf3ec9e33ead:0xd4da7de5171ac85e!8m2!3d-26.2821312!4d-48.8494762!16s%2Fg%2F11z219449b!19sChIJrT7jyT6v3pQRXsgaF-V92tQ,Não,,,Pendente,,,,Não,Google Maps exibe Adicionar website; verificado em 13/08/2026.,fisioterapia
Dr. Edwards Laurentino Neto - Osteopatia - RPG,Fisioterapia,47991802592,Joinville,https://www.google.com/maps/place/Dr.+Edwards+Laurentino+Neto+-+Osteopatia+-+RPG/data=!4m7!3m6!1s0x94deafc8128b3c85:0x4cba2b87a8e75c9!8m2!3d-26.2881217!4d-48.8499417!16s%2Fg%2F11c7wf25wb!19sChIJhTyLEsiv3pQRyXWOeriiywQ,Não,,,Pendente,,,,Não,Google Maps exibe Adicionar website; verificado em 13/08/2026.,fisioterapia
Físio Sports,Fisioterapia,4730283712,Joinville,https://www.google.com/maps/place/F%C3%ADsio+Sports/data=!4m7!3m6!1s0x94deb04e4330a403:0xa008235f6672bd07!8m2!3d-26.3085239!4d-48.8464071!16s%2Fg%2F1ptxcq18t!19sChIJA6QwQ06w3pQRB71yZl8jCKA,Não,,,Pendente,,,,Não,Google Maps exibe Adicionar website; verificado em 13/08/2026.,fisioterapia
Fisiotec Fisioterapia,Fisioterapia,4734381926,Joinville,https://www.google.com/maps/place/Fisiotec+Fisioterapia/data=!4m7!3m6!1s0x94deb0688366f0b7:0xfade0996920f31a2!8m2!3d-26.3155442!4d-48.8628887!16s%2Fg%2F1th5843f!19sChIJt_Bmg2iw3pQRojEPkpYJ3vo,Não,,,Pendente,,,,Não,Google Maps exibe Adicionar website; verificado em 13/08/2026.,fisioterapia
Dra. Cristiane Trindade | Fisioterapeuta Pélvica Funcional,Fisioterapia,47988482034,Joinville,https://www.google.com/maps/place/Dra.+Cristiane+Trindade+%7C+Fisioterapeuta+P%C3%A9lvica+Funcional/data=!4m7!3m6!1s0x94deb103b9205fdb:0xc8ab9c4fbf56ec9c!8m2!3d-26.3031161!4d-48.8538301!16s%2Fg%2F11kr8tqjrv!19sChIJ218guQOx3pQRnOxWv0-cq8g,Não,,,Pendente,,,,Não,Google Maps exibe Adicionar website; verificado em 13/08/2026.,fisioterapia
Corporal Centro Reabilitação Fisioterápica,Fisioterapia,4734220793,Joinville,https://www.google.com/maps/place/Corporal+Centro+Reabilita%C3%A7%C3%A3o+Fisioter%C3%A1pica/data=!4m7!3m6!1s0x94deb0576fefea53:0x83d2ea6c79b19ead!8m2!3d-26.317757!4d-48.8579!16s%2Fg%2F1tdzh43b!19sChIJU-rvb1ew3pQRrZ6xeWzq0oM,Não,,,Pendente,,,,Não,Google Maps exibe Adicionar website; verificado em 13/08/2026.,fisioterapia
Dr. Augusto Felipe - Fisioterapia Domiciliar e Liberação Miofascial,Fisioterapia,47988793880,Joinville,https://www.google.com/maps/place/Dr.+Augusto+Felipe+-+Fisioterapia+Domiciliar+e+Libera%C3%A7%C3%A3o+Miofascial/data=!4m7!3m6!1s0x94deb1c9977f8537:0x61ebfc39379bb1f5!8m2!3d-26.2979628!4d-48.8647206!16s%2Fg%2F11vd3qfd30!19sChIJN4V_l8mx3pQR9bGbNzn862E,Não,,,Pendente,,,,Não,Google Maps exibe Adicionar website; verificado em 13/08/2026.,fisioterapia
Dra Verônica Medeiros Meurer,Fisioterapia,47996385396,Joinville,https://www.google.com/maps/place/Dra+Ver%C3%B4nica+Medeiros+Meurer/data=!4m7!3m6!1s0x94deb17053163683:0x637e8a64f4794b67!8m2!3d-26.3163039!4d-48.839701!16s%2Fg%2F11q45d5lqf!19sChIJgzYWU3Cx3pQRZ0t59GSKfmM,Não,,,Pendente,,,,Não,Google Maps exibe Adicionar website; verificado em 13/08/2026.,fisioterapia
Clínica Neuro Reabilitar,Fisioterapia,47991751224,Joinville,https://www.google.com/maps/place/Cl%C3%ADnica+Neuro+Reabilitar/data=!4m7!3m6!1s0x94deb1374be1c119:0x869a1b843f23e3be!8m2!3d-26.2962582!4d-48.8633848!16s%2Fg%2F11n42zjyn_!19sChIJGcHhSzex3pQRvuMjP4QbmoY,Não,,,Pendente,,,,Não,Google Maps exibe Adicionar website; verificado em 13/08/2026.,fisioterapia
Studio Upgrade Pilates,Fisioterapia,47997286331,Joinville,https://www.google.com/maps/place/Studio+Upgrade+Pilates/data=!4m7!3m6!1s0x94deb050fd439e7b:0x7c84b937f7677900!8m2!3d-26.3192828!4d-48.8613987!16s%2Fg%2F11ggw8h58v!19sChIJe55D_VCw3pQRAHln9ze5hHw,Não,,,Pendente,,,,Não,Google Maps exibe Adicionar website; verificado em 13/08/2026.,fisioterapia
Lipocenter,Fisioterapia,4730261146,Joinville,https://www.google.com/maps/place/Lipocenter/data=!4m7!3m6!1s0x94deb0573d839f2b:0x7cfc2a0d8a3db79!8m2!3d-26.3168743!4d-48.8480787!16s%2Fg%2F1ptwzf7jb!19sChIJK5-DPVew3pQReduj2KDCzwc,Não,,,Pendente,,,,Não,Google Maps exibe Adicionar website; verificado em 13/08/2026.,fisioterapia
Dra. Jeniffer Pontes - Fisioterapeuta pélvica,Fisioterapia,47992424202,Joinville,https://www.google.com/maps/place/Dra.+Jeniffer+Pontes+-+Fisioterapeuta+p%C3%A9lvica/data=!4m7!3m6!1s0x94deb1d9be0b132b:0xa93123cd9a326beb!8m2!3d-26.3132851!4d-48.8495634!16s%2Fg%2F11yt4px9gw!19sChIJKxMLvtmx3pQR62syms0jMak,Não,,,Pendente,,,,Não,Google Maps exibe Adicionar website; verificado em 13/08/2026.,fisioterapia
Josiâni Fachini Fisioterapeuta,Fisioterapia,47999422971,Joinville,https://www.google.com/maps/place/Josi%C3%A2ni+Fachini+Fisioterapeuta/data=!4m7!3m6!1s0x94deb04bac3c126f:0x897dadb45d873468!8m2!3d-26.3185324!4d-48.8563425!16s%2Fg%2F11hczxsvp0!19sChIJbxI8rEuw3pQRaDSHXbStfYk,Não,,,Pendente,,,,Não,Google Maps exibe Adicionar website; verificado em 13/08/2026.,fisioterapia
Maria Isabella Fisioterapia Acupuntura Pilates,Fisioterapia,47984364421,Joinville,https://www.google.com/maps/place/Maria+Isabella+Fisioterapia+Acupuntura+Pilates/data=!4m7!3m6!1s0x94deb1aed6593e11:0x5fc9caa8d5d0bdd8!8m2!3d-26.3186147!4d-48.8563876!16s%2Fg%2F11j0twtn3p!19sChIJET5Z1q6x3pQR2L3Q1ajKyV8,Não,,,Pendente,,,,Não,Google Maps exibe Adicionar website; verificado em 13/08/2026.,fisioterapia
Osteopatia Joinville - Osteopatia | Terapia Manual | Tratamento da Dor Lombar e Cervical,Fisioterapia,47991079715,Joinville,https://www.google.com/maps/place/Osteopatia+Joinville+-+Osteopatia+%7C+Terapia+Manual+%7C+Tratamento+da+Dor+Lombar+e+Cervical/data=!4m7!3m6!1s0x94deb1fc233e9267:0xde7923234461c367!8m2!3d-26.2763078!4d-48.8486838!16s%2Fg%2F11jgd2237b!19sChIJZ5I-I_yx3pQRZ8NhRCMjed4,Não,,,Pendente,,,,Não,Google Maps exibe Adicionar website; verificado em 13/08/2026.,fisioterapia
Aline Taner | Fisioterapeuta,Fisioterapia,47997715567,Joinville,https://www.google.com/maps/place/Aline+Taner+%7C+Fisioterapeuta/data=!4m7!3m6!1s0x94deafb063a8e043:0xb4cc4c3bfcb8c07f!8m2!3d-26.2791569!4d-48.8451581!16s%2Fg%2F11yzb18byg!19sChIJQ-CoY7Cv3pQRf8C4_DtMzLQ,Não,,,Pendente,,,,Não,Google Maps exibe Adicionar website; verificado em 13/08/2026.,fisioterapia
Priscila Taufenbach Fisioterapia,Fisioterapia,47999195581,Joinville,https://www.google.com/maps/place/Priscila+Taufenbach+Fisioterapia/data=!4m7!3m6!1s0x94deafd0115137eb:0x5f0216ec30d6e40b!8m2!3d-26.2987125!4d-48.850077!16s%2Fg%2F11kp_5trng!19sChIJ6zdREdCv3pQRC-TWMOwWAl8,Não,,,Pendente,,,,Não,Google Maps exibe Adicionar website; verificado em 13/08/2026.,fisioterapia
Ivana Parizzi - fisioterapia e esporte,Fisioterapia,47989008787,Joinville,https://www.google.com/maps/place/Ivana+Parizzi+-+fisioterapia+e+esporte/data=!4m7!3m6!1s0x94deb1360151884f:0x7e27b031950a5738!8m2!3d-26.2986246!4d-48.8534406!16s%2Fg%2F11yx2fh799!19sChIJT4hRATax3pQROFcKlTGwJ34,Não,,,Pendente,,,,Não,Google Maps exibe Adicionar website; verificado em 13/08/2026.,fisioterapia
Studio Keer Pilates e Fisioterapia,Fisioterapia,47999025557,Joinville,https://www.google.com/maps/place/Studio+Keer+Pilates+e+Fisioterapia/data=!4m7!3m6!1s0x94dea54e30a566af:0xd36fec686542e199!8m2!3d-26.2921775!4d-48.913708!16s%2Fg%2F11j1m6tm_z!19sChIJr2alME6l3pQRmeFCZWjsb9M,Não,,,Pendente,,,,Não,Google Maps exibe Adicionar website; verificado em 13/08/2026.,fisioterapia
Konrad Werner Kasemodel,Fisioterapia,4734262112,Joinville,https://www.google.com/maps/place/Konrad+Werner+Kasemodel/data=!4m7!3m6!1s0x94deb0e551464979:0x260ce918631b7723!8m2!3d-26.33129!4d-48.849238!16s%2Fg%2F1v4k7nvb!19sChIJeUlGUeWw3pQRI3cbYxjpDCY,Não,,,Pendente,,,,Não,Google Maps exibe Adicionar website; verificado em 13/08/2026.,fisioterapia
Vittare Clínica de Fisioterapia-Drª Jaqueline Schulz,Fisioterapia,4734276818,Joinville,https://www.google.com/maps/place/Vittare+Cl%C3%ADnica+de+Fisioterapia-Dr%C2%AA+Jaqueline+Schulz/data=!4m7!3m6!1s0x94deb1d5c1e01e05:0x237ab9071d35fa7e!8m2!3d-26.2787292!4d-48.8358016!16s%2Fg%2F1vm_z0ry!19sChIJBR7gwdWx3pQRfvo1HQe5eiM,Não,,,Pendente,,,,Não,Google Maps exibe Adicionar website; verificado em 13/08/2026.,fisioterapia
Eleve Pilates e Fisioterapia,Fisioterapia,47996678148,Joinville,https://www.google.com/maps/place/Eleve+Pilates+e+Fisioterapia/data=!4m7!3m6!1s0x94deb1e9a3147c67:0x533c0ba0f5b08697!8m2!3d-26.2718504!4d-48.8170469!16s%2Fg%2F11vbdwyc_l!19sChIJZ3wUo-mx3pQRl4aw9aALPFM,Não,,,Pendente,,,,Não,Google Maps exibe Adicionar website; verificado em 13/08/2026.,fisioterapia
Fisioterapia e Cia,Fisioterapia,4734341379,Joinville,https://www.google.com/maps/place/Fisioterapia+e+Cia/data=!4m7!3m6!1s0x94deae2286d1b24d:0x2fb577ff7d6fa86!8m2!3d-26.2639547!4d-48.8195586!16s%2Fg%2F1tdxx4z0!19sChIJTbLRhiKu3pQRhvrW939X-wI,Não,,,Pendente,,,,Não,Google Maps exibe Adicionar website; verificado em 13/08/2026.,fisioterapia
Dra. Daiane Levandoski,Fisioterapia,47999285519,Joinville,https://www.google.com/maps/place/Dra.+Daiane+Levandoski/data=!4m7!3m6!1s0x94deb1fc1e1b8a1d:0xd136268cef49f2db!8m2!3d-26.2691355!4d-48.8101511!16s%2Fg%2F11y1r_b5_s!19sChIJHYobHvyx3pQR2_JJ74wmNtE,Não,,,Pendente,,,,Não,Google Maps exibe Adicionar website; verificado em 13/08/2026.,fisioterapia
Cássia Terapeuta Manual / Quiropraxia Japonesa,Fisioterapia,47997172244,Joinville,https://www.google.com/maps/place/C%C3%A1ssia+Terapeuta+Manual+%2F+Quiropraxia+Japonesa/data=!4m7!3m6!1s0x94deb1b5199aa74f:0x1e66b9ad7205e20e!8m2!3d-26.2694218!4d-48.8029594!16s%2Fg%2F11wfpp10gw!19sChIJT6eaGbWx3pQRDuIFcq25Zh4,Não,,,Pendente,,,,Não,Google Maps exibe Adicionar website; verificado em 13/08/2026.,fisioterapia
Dra. Amanda Hintz - Fisioterapia Pélvica,Fisioterapia,47991497957,Joinville,https://www.google.com/maps/place/Dra.+Amanda+Hintz+-+Fisioterapia+P%C3%A9lvica/data=!4m7!3m6!1s0x94deb1dd9b2459f1:0x7bfdd1544e7e76ba!8m2!3d-26.2846015!4d-48.8548622!16s%2Fg%2F11y3s4gr60!19sChIJ8Vkkm92x3pQRunZ-TlTR_Xs,Não,,,Pendente,,,,Não,Google Maps exibe Adicionar website; verificado em 13/08/2026.,fisioterapia
Fisioterapeuta Dra SHEILLA BLANK - Fisioterapia/Joinville,Fisioterapia,47988270247,Joinville,https://www.google.com/maps/place/Fisioterapeuta+Dra+SHEILLA+BLANK+-+Fisioterapia%2FJoinville/data=!4m7!3m6!1s0x94deafa10bd6e489:0x9641e055e44c7b4f!8m2!3d-26.3052912!4d-48.8316599!16s%2Fg%2F11shrkt1j3!19sChIJieTWC6Gv3pQRT3tM5FXgQZY,Não,,,Pendente,,,,Não,Google Maps exibe Adicionar website; verificado em 13/08/2026.,fisioterapia
ADEJ - Associação dos Deficientes Físicos de Joinville,Fisioterapia,4734336355,Joinville,https://www.google.com/maps/place/ADEJ+-+Associa%C3%A7%C3%A3o+dos+Deficientes+F%C3%ADsicos+de+Joinville/data=!4m7!3m6!1s0x94deb1afd6e3129d:0xbc8b1790bf3f2d25!8m2!3d-26.3053261!4d-48.8316282!16s%2Fg%2F11bv2lpn9v!19sChIJnRLj1q-x3pQRJS0_v5AXi7w,Não,,,Pendente,,,,Não,Google Maps exibe Adicionar website; verificado em 13/08/2026.,fisioterapia
"Clínica Pilates + Saúde Comasa - Pilates, Fisioterapia e Pole Sport",Fisioterapia,47996632755,Joinville,"https://www.google.com/maps/place/Cl%C3%ADnica+Pilates+%2B+Sa%C3%BAde+Comasa+-+Pilates,+Fisioterapia+e+Pole+Sport/data=!4m7!3m6!1s0x94deb12ac6b67521:0x246e78078546237e!8m2!3d-26.2835529!4d-48.8035037!16s%2Fg%2F11t4tcxxsm!19sChIJIXW2xiqx3pQRfiNGhQd4biQ",Não,,,Pendente,,,,Não,Google Maps exibe Adicionar website; verificado em 13/08/2026.,fisioterapia
Fisioterapeuta - Atendimento Domiciliar,Fisioterapia,47984691197,Joinville,https://www.google.com/maps/place/Fisioterapeuta+-+Atendimento+Domiciliar/data=!4m7!3m6!1s0x94deb12be10c5b45:0xbfba19817c110c20!8m2!3d-26.2734344!4d-48.8105431!16s%2Fg%2F11ry9cprwr!19sChIJRVsM4Sux3pQRIAwRfIEZur8,Não,,,Pendente,,,,Não,Google Maps exibe Adicionar website; verificado em 13/08/2026.,fisioterapia
Clínica de Pilates + Saúde Espinheiros - Fisioterapia,Fisioterapia,47999309889,Joinville,https://www.google.com/maps/place/Cl%C3%ADnica+de+Pilates+%2B+Sa%C3%BAde+Espinheiros+-+Fisioterapia/data=!4m7!3m6!1s0x94deb3135578310f:0x3a53c63f520a819f!8m2!3d-26.2882581!4d-48.7800531!16s%2Fg%2F11wn5016k_!19sChIJDzF4VROz3pQRn4EKUj_GUzo,Não,,,Pendente,,,,Não,Google Maps exibe Adicionar website; verificado em 13/08/2026.,fisioterapia
Centro de Fisioterapia e Hidroterapia Joinville-SC,Fisioterapia,4734222463,Joinville,https://www.google.com/maps/place/Centro+de+Fisioterapia+e+Hidroterapia+Joinville-SC/data=!4m7!3m6!1s0x94deaf00548eb85d:0x65c5f956e04d1a81!8m2!3d-26.2688264!4d-48.8704658!16s%2Fg%2F11yq1z5826!19sChIJXbiOVACv3pQRgRpN4Fb5xWU,Não,,,Pendente,,,,Não,Google Maps exibe Adicionar website; verificado em 13/08/2026.,fisioterapia
Analú Pilates & Estética,Fisioterapia,47996036421,Joinville,https://www.google.com/maps/place/Anal%C3%BA+Pilates+%26+Est%C3%A9tica/data=!4m7!3m6!1s0x94deb15c251fa893:0xdf1ce832def1efe5!8m2!3d-26.321628!4d-48.8327533!16s%2Fg%2F11gmh7trts!19sChIJk6gfJVyx3pQR5e_x3jLoHN8,Não,,,Pendente,,,,Não,Google Maps exibe Adicionar website; verificado em 13/08/2026.,fisioterapia
"O3 Vital Clínica Integrativa ""Ozonioterapia e Biorressonância.",Fisioterapia,47992704606,Joinville,https://www.google.com/maps/place/O3+Vital+Cl%C3%ADnica+Integrativa+%22Ozonioterapia+e+Biorresson%C3%A2ncia./data=!4m7!3m6!1s0x94deb164111df8fb:0xb67ae25d7f185e76!8m2!3d-26.3221808!4d-48.8313823!16s%2Fg%2F11rb5_qx5z!19sChIJ-_gdEWSx3pQRdl4Yf13ierY,Não,,,Pendente,,,,Não,Google Maps exibe Adicionar website; verificado em 13/08/2026.,fisioterapia
3Mpilates,Fisioterapia,47984661551,Joinville,https://www.google.com/maps/place/3Mpilates/data=!4m7!3m6!1s0x94deb1e9b26b60ed:0x719ef9f54650d6ef!8m2!3d-26.2661752!4d-48.8097397!16s%2Fg%2F11ylsqz6dg!19sChIJ7WBrsumx3pQR79ZQRvX5nnE,Não,,,Pendente,,,,Não,Google Maps exibe Adicionar website; verificado em 13/08/2026.,fisioterapia
Alongue Estúdio de Pilates,Fisioterapia,47996380188,Joinville,https://www.google.com/maps/place/Alongue+Est%C3%BAdio+de+Pilates/data=!4m7!3m6!1s0x94deb197d1795ac7:0xc35ae1a7935b245b!8m2!3d-26.2637698!4d-48.805197!16s%2Fg%2F11pzv471t4!19sChIJx1p50Zex3pQRWyRbk6fhWsM,Não,,,Pendente,,,,Não,Google Maps exibe Adicionar website; verificado em 13/08/2026.,fisioterapia
Massoterapia FR,Fisioterapia,47996748362,Joinville,https://www.google.com/maps/place/Massoterapia+FR/data=!4m7!3m6!1s0x94deae1881dcf099:0xf01b45a3eaba74a9!8m2!3d-26.2645877!4d-48.8194928!16s%2Fg%2F11bvcvk9c5!19sChIJmfDcgRiu3pQRqXS66qNFG_A,Não,,,Pendente,,,,Não,Google Maps exibe Adicionar website; verificado em 13/08/2026.,fisioterapia
Bella & Along Saúde e Reabilitação,Fisioterapia,47996136591,Joinville,https://www.google.com/maps/place/Bella+%26+Along+Sa%C3%BAde+e+Reabilita%C3%A7%C3%A3o/data=!4m7!3m6!1s0x94dea66886f68809:0x5c1ad0eb0a70ec06!8m2!3d-26.2103429!4d-48.9095617!16s%2Fg%2F11fylqry5x!19sChIJCYj2hmim3pQRBuxwCuvQGlw,Não,,,Pendente,,,,Não,Google Maps exibe Adicionar website; verificado em 13/08/2026.,fisioterapia
Clínica Estética Virtuosa - Pirabeiraba,Fisioterapia,4733054078,Joinville,https://www.google.com/maps/place/Cl%C3%ADnica+Est%C3%A9tica+Virtuosa+-+Pirabeiraba/data=!4m7!3m6!1s0x94dea70ae3fe7dcd:0x138b255e7b95ee57!8m2!3d-26.2096111!4d-48.9095538!16s%2Fg%2F11fjtw13b8!19sChIJzX3-4wqn3pQRV-6Ve14lixM,Não,,,Pendente,,,,Não,Google Maps exibe Adicionar website; verificado em 13/08/2026.,fisioterapia
Pilates Studio,Fisioterapia,4734530673,Joinville,https://www.google.com/maps/place/Pilates+Studio/data=!4m7!3m6!1s0x94dea78d575da3b1:0x618be1e38d3ccb13!8m2!3d-26.2108955!4d-48.908205!16s%2Fg%2F11fpl4zkv_!19sChIJsaNdV42n3pQRE8s8jePhi2E,Não,,,Pendente,,,,Não,Google Maps exibe Adicionar website; verificado em 13/08/2026.,fisioterapia
Fleury Termografia do Movimento e Fisioterapia Regenerativa,Fisioterapia,47988529772,Joinville,https://www.google.com/maps/place/Fleury+Termografia+do+Movimento+e+Fisioterapia+Regenerativa/data=!4m7!3m6!1s0x94deb13d70a4b89b:0x959ff4bec7939f66!8m2!3d-26.3201196!4d-48.8749978!16s%2Fg%2F11nnpdl3rs!19sChIJm7ikcD2x3pQRZp-Tx770n5U,Não,,,Pendente,,,,Não,Google Maps exibe Adicionar website; verificado em 13/08/2026.,fisioterapia
Fisioterapia Domiciliar Joinville,Fisioterapia,47999246109,Joinville,https://www.google.com/maps/place/Fisioterapia+Domiciliar+Joinville/data=!4m7!3m6!1s0x94deb14aa1f1a81b:0xd2953cd20e62f691!8m2!3d-26.325729!4d-48.8688812!16s%2Fg%2F11fs3ntjz6!19sChIJG6jxoUqx3pQRkfZiDtI8ldI,Não,,,Pendente,,,,Não,Google Maps exibe Adicionar website; verificado em 13/08/2026.,fisioterapia
Spaço Saúde Academia,Fisioterapia,47992590890,Joinville,https://www.google.com/maps/place/Spa%C3%A7o+Sa%C3%BAde+Academia/data=!4m7!3m6!1s0x94debbd850238da9:0x14588e2c1d1579d4!8m2!3d-26.3290623!4d-48.9082646!16s%2Fg%2F11lt9qmw0c!19sChIJqY0jUNi73pQR1HkVHSyOWBQ,Não,,,Pendente,,,,Não,Google Maps exibe Adicionar website; verificado em 13/08/2026.,fisioterapia
Moratelli Saúde Integrada,Fisioterapia,4730303498,Joinville,https://www.google.com/maps/place/Moratelli+Sa%C3%BAde+Integrada/data=!4m7!3m6!1s0x94deb10c5d5377eb:0x1fe08190be763de0!8m2!3d-26.3149456!4d-48.8513902!16s%2Fg%2F11tczc8b85!19sChIJ63dTXQyx3pQR4D12vpCB4B8,Não,,,Pendente,,,,Não,Google Maps exibe Adicionar website; verificado em 13/08/2026.,fisioterapia
Fisioterapia Domiciliar Joinville,Fisioterapia,47996249132,Joinville,https://www.google.com/maps/place/Fisioterapia+Domiciliar+Joinville/data=!4m7!3m6!1s0x94deafe72ede70e1:0x959746c40bf13f10!8m2!3d-26.2688858!4d-48.8610439!16s%2Fg%2F11fmdjzbc6!19sChIJ4XDeLuev3pQRED_xC8RGl5U,Não,,,Pendente,,,,Não,Google Maps exibe Adicionar website; verificado em 13/08/2026.,fisioterapia
ELIZ Fisioterapia & Pilates,Fisioterapia,47988813838,Joinville,https://www.google.com/maps/place/ELIZ+Fisioterapia+%26+Pilates/data=!4m7!3m6!1s0x94deb1df1f12b235:0xb48c80959da8f142!8m2!3d-26.2767849!4d-48.8539128!16s%2Fg%2F11n11zzky5!19sChIJNbISH9-x3pQRQvGonZWAjLQ,Não,,,Pendente,,,,Não,Google Maps exibe Adicionar website; verificado em 13/08/2026.,fisioterapia
Animal Fit Fisiatria e Reabilitação Veterinária,Fisioterapia,47996783033,Joinville,https://www.google.com/maps/place/Animal+Fit+Fisiatria+e+Reabilita%C3%A7%C3%A3o+Veterin%C3%A1ria/data=!4m7!3m6!1s0x94deb1925230e487:0xdffb74f12cc3fcc2!8m2!3d-26.2657896!4d-48.8480361!16s%2Fg%2F11j7ffkwnh!19sChIJh-QwUpKx3pQRwvzDLPF0-98,Não,,,Pendente,,,,Não,Google Maps exibe Adicionar website; verificado em 13/08/2026.,fisioterapia
Studio K Freitas Pilates,Fisioterapia,4730430550,Joinville,https://www.google.com/maps/place/Studio+K+Freitas+Pilates/data=!4m7!3m6!1s0x94deafcc09f630c3:0x90fc608f01f9bab1!8m2!3d-26.2653979!4d-48.8438465!16s%2Fg%2F11f4rd2sqy!19sChIJwzD2Ccyv3pQRsbr5AY9g_JA,Não,,,Pendente,,,,Não,Google Maps exibe Adicionar website; verificado em 13/08/2026.,fisioterapia
IDEAR CLÍNICA DE PSICOLOGIA,Psicologia,47996963723,Joinville,https://www.google.com/maps/place/IDEAR+CL%C3%8DNICA+DE+PSICOLOGIA/data=!4m7!3m6!1s0x94deb1ba83ae79bd:0x83a531422474a6cf!8m2!3d-26.2851937!4d-48.8446135!16s%2Fg%2F11rj6cw81p!19sChIJvXmug7qx3pQRz6Z0JEIxpYM,Não,,,Pendente,,,,Não,Google Maps exibe Adicionar website; verificado em 13/08/2026.,psicologia
Clínica de Psicologia AB,Psicologia,47999338473,Joinville,https://www.google.com/maps/place/Cl%C3%ADnica+de+Psicologia+AB/data=!4m7!3m6!1s0x94deb1806c86ba7b:0xac71a692dad0048a!8m2!3d-26.3065597!4d-48.848675!16s%2Fg%2F11fk0mjgjs!19sChIJe7qGbICx3pQRigTQ2pKmcaw,Não,,,Pendente,,,,Não,Google Maps exibe Adicionar website; verificado em 13/08/2026.,psicologia
Personalitté Clínica de Psicologia,Psicologia,47988196463,Joinville,https://www.google.com/maps/place/Personalitt%C3%A9+Cl%C3%ADnica+de+Psicologia/data=!4m7!3m6!1s0x94deb04c50c455c1:0xef42bf0abbe8c377!8m2!3d-26.3066506!4d-48.8429097!16s%2Fg%2F1ptx1yvrr!19sChIJwVXEUEyw3pQRd8Pouwq_Qu8,Não,,,Pendente,,,,Não,Google Maps exibe Adicionar website; verificado em 13/08/2026.,psicologia
Clínica de Psicologia Caminhos Gestálticos,Psicologia,47992587475,Joinville,https://www.google.com/maps/place/Cl%C3%ADnica+de+Psicologia+Caminhos+Gest%C3%A1lticos/data=!4m7!3m6!1s0x94deb1dae2835595:0x2eb774072871dc74!8m2!3d-26.2844677!4d-48.8523655!16s%2Fg%2F11jhv64mq0!19sChIJlVWD4tqx3pQRdNxxKAd0ty4,Não,,,Pendente,,,,Não,Google Maps exibe Adicionar website; verificado em 13/08/2026.,psicologia
Tatiane Felicio - Psicóloga Clínica,Psicologia,47989071753,Joinville,https://www.google.com/maps/place/Tatiane+Felicio+-+Psic%C3%B3loga+Cl%C3%ADnica/data=!4m7!3m6!1s0x94deb12a55b0b891:0x4bc9ced4b981c80a!8m2!3d-26.3017362!4d-48.8488255!16s%2Fg%2F11j9csh9n6!19sChIJkbiwVSqx3pQRCsiBudTOyUs,Não,,,Pendente,,,,Não,Google Maps exibe Adicionar website; verificado em 13/08/2026.,psicologia
Psicóloga Giovanna Bini,Psicologia,47996613120,Joinville,https://www.google.com/maps/place/Psic%C3%B3loga+Giovanna+Bini/data=!4m7!3m6!1s0x94deb1e5bdb9a89b:0x7e2915ad8586095b!8m2!3d-26.3014567!4d-48.8459757!16s%2Fg%2F11njz8gpn3!19sChIJm6i5veWx3pQRWwmGha0VKX4,Não,,,Pendente,,,,Não,Google Maps exibe Adicionar website; verificado em 13/08/2026.,psicologia
Psicólogo João Victor da Maia (Psicologia do Esporte e Clínica),Psicologia,47988785196,Joinville,https://www.google.com/maps/place/Psic%C3%B3logo+Jo%C3%A3o+Victor+da+Maia+%28Psicologia+do+Esporte+e+Cl%C3%ADnica%29/data=!4m7!3m6!1s0x94deb11cb5893479:0x88c1df82dafbb240!8m2!3d-26.298372!4d-48.8503852!16s%2Fg%2F11zcngvs74!19sChIJeTSJtRyx3pQRQLL72oLfwYg,Não,,,Pendente,,,,Não,Google Maps exibe Adicionar website; verificado em 13/08/2026.,psicologia
Rosalvo Psicologia,Psicologia,47992938888,Joinville,https://www.google.com/maps/place/Rosalvo+Psicologia/data=!4m7!3m6!1s0x94deb1552251af33:0x285207de33537bfd!8m2!3d-26.2932956!4d-48.8536496!16s%2Fg%2F11yv8wp5z5!19sChIJM69RIlWx3pQR_XtTM94HUig,Não,,,Pendente,,,,Não,Google Maps exibe Adicionar website; verificado em 13/08/2026.,psicologia
DDV Clínica e Avaliações Psicológicas,Psicologia,4732279700,Joinville,https://www.google.com/maps/place/DDV+Cl%C3%ADnica+e+Avalia%C3%A7%C3%B5es+Psicol%C3%B3gicas/data=!4m7!3m6!1s0x94deb103031d4c4f:0xb2271271d4b86dba!8m2!3d-26.2825528!4d-48.8515481!16s%2Fg%2F11fr7czk8b!19sChIJT0wdAwOx3pQRum241HESJ7I,Não,,,Pendente,,,,Não,Google Maps exibe Adicionar website; verificado em 13/08/2026.,psicologia
Consultório de Psicologia e Psicanálise,Psicologia,47991100396,Joinville,https://www.google.com/maps/place/Consult%C3%B3rio+de+Psicologia+e+Psican%C3%A1lise/data=!4m7!3m6!1s0x94deb1df2e2c5a63:0xeb8222c0cdff6aef!8m2!3d-26.3002598!4d-48.8532216!16s%2Fg%2F11hfxv2ns_!19sChIJY1osLt-x3pQR72r_zcAigus,Não,,,Pendente,,,,Não,Google Maps exibe Adicionar website; verificado em 13/08/2026.,psicologia
Edcléia Souza - Psicóloga Clínica,Psicologia,47996213969,Joinville,https://www.google.com/maps/place/Edcl%C3%A9ia+Souza+-+Psic%C3%B3loga+Cl%C3%ADnica/data=!4m7!3m6!1s0x94deb153e1337017:0xfe1c7fa5c3f28b73!8m2!3d-26.3002598!4d-48.8532216!16s%2Fg%2F11h4632m0f!19sChIJF3Az4VOx3pQRc4vyw6V_HP4,Não,,,Pendente,,,,Não,Google Maps exibe Adicionar website; verificado em 13/08/2026.,psicologia
Adriana Casas Psicóloga,Psicologia,47997070805,Joinville,https://www.google.com/maps/place/Adriana+Casas+Psic%C3%B3loga/data=!4m7!3m6!1s0x2a67d8149d26e8b5:0xa6c8d09229b70c71!8m2!3d-26.305087!4d-48.8495067!16s%2Fg%2F11yzyn6jtv!19sChIJtegmnRTYZyoRcQy3KZLQyKY,Não,,,Pendente,,,,Não,Google Maps exibe Adicionar website; verificado em 13/08/2026.,psicologia
Cognicare: avaliação neuropsicológica e psicoterapia Ltda.,Psicologia,47992440763,Joinville,https://www.google.com/maps/place/Cognicare:+avalia%C3%A7%C3%A3o+neuropsicol%C3%B3gica+e+psicoterapia+Ltda./data=!4m7!3m6!1s0x94deb1929769e12f:0xdca22de4d9a140d7!8m2!3d-26.3101676!4d-48.8491237!16s%2Fg%2F11xfkht4zl!19sChIJL-Fpl5Kx3pQR10Ch2eQtotw,Não,,,Pendente,,,,Não,Google Maps exibe Adicionar website; verificado em 13/08/2026.,psicologia
Psicólogo Jurídico Thiago Lima,Psicologia,47991669668,Joinville,https://www.google.com/maps/place/Psic%C3%B3logo+Jur%C3%ADdico+Thiago+Lima/data=!4m7!3m6!1s0x94deb162a07cbdef:0xc67deb0f564dd840!8m2!3d-26.31985!4d-48.8516294!16s%2Fg%2F11pxlfy16n!19sChIJ7718oGKx3pQRQNhNVg_rfcY,Não,,,Pendente,,,,Não,Google Maps exibe Adicionar website; verificado em 13/08/2026.,psicologia
Flavia Martins Consultoria,Psicologia,47999480788,Joinville,https://www.google.com/maps/place/Flavia+Martins+Consultoria/data=!4m7!3m6!1s0x94deb1ed03c5ca0b:0x29b4937d298e910c!8m2!3d-26.3163293!4d-48.8531428!16s%2Fg%2F11z1tf06t9!19sChIJC8rFA-2x3pQRDJGOKX2TtCk,Não,,,Pendente,,,,Não,Google Maps exibe Adicionar website; verificado em 13/08/2026.,psicologia
Psicóloga Francine Macedo,Psicologia,47996113463,Joinville,https://www.google.com/maps/place/Psic%C3%B3loga+Francine+Macedo/data=!4m7!3m6!1s0xa8693ac2785e9997:0x251128dd33b94bc6!8m2!3d-26.3166293!4d-48.8501239!16s%2Fg%2F11y73_zy36!19sChIJl5leeMI6aagRxku5M90oESU,Não,,,Pendente,,,,Não,Google Maps exibe Adicionar website; verificado em 13/08/2026.,psicologia
CAC (Centro de Avaliação de Condutores) Clínica Libertare,Psicologia,4730859449,Joinville,https://www.google.com/maps/place/CAC+%28Centro+de+Avalia%C3%A7%C3%A3o+de+Condutores%29+Cl%C3%ADnica+Libertare/data=!4m7!3m6!1s0x94deb1fb713d314f:0x3d67cc36d67b469e!8m2!3d-26.3213264!4d-48.8593616!16s%2Fg%2F11qj00mvbn!19sChIJTzE9cfux3pQRnkZ71jbMZz0,Não,,,Pendente,,,,Não,Google Maps exibe Adicionar website; verificado em 13/08/2026.,psicologia
Cognitive - Neuropsicologia Infantil,Psicologia,47999433220,Joinville,https://www.google.com/maps/place/Cognitive+-+Neuropsicologia+Infantil/data=!4m7!3m6!1s0x94deb1b8814d9e73:0x715f33e497a38217!8m2!3d-26.3167109!4d-48.8482988!16s%2Fg%2F11j_03_mp0!19sChIJc55Ngbix3pQRF4Kjl-QzX3E,Não,,,Pendente,,,,Não,Google Maps exibe Adicionar website; verificado em 13/08/2026.,psicologia
Soul Psicologia Clínica e do Esporte,Psicologia,47996928928,Joinville,https://www.google.com/maps/place/Soul+Psicologia+Cl%C3%ADnica+e+do+Esporte/data=!4m7!3m6!1s0x94deb1b1b6e6fd15:0x5043111b7d6aedc7!8m2!3d-26.3111548!4d-48.8473231!16s%2Fg%2F11y36rvcdy!19sChIJFf3mtrGx3pQRx-1qfRsRQ1A,Não,,,Pendente,,,,Não,Google Maps exibe Adicionar website; verificado em 13/08/2026.,psicologia
IPP - Clínica de Psicologia,Psicologia,4734533000,Joinville,https://www.google.com/maps/place/IPP+-+Cl%C3%ADnica+de+Psicologia/data=!4m7!3m6!1s0x94deb04e51905a9b:0x72e70924ed5d8a44!8m2!3d-26.3092141!4d-48.8473212!16s%2Fg%2F1tm2bv1y!19sChIJm1qQUU6w3pQRRIpd7SQJ53I,Não,,,Pendente,,,,Não,Google Maps exibe Adicionar website; verificado em 13/08/2026.,psicologia
Psicóloga Nathally Alexandre,Psicologia,47999793654,Joinville,https://www.google.com/maps/place/Psic%C3%B3loga+Nathally+Alexandre/data=!4m7!3m6!1s0x94deb1b4f65c7727:0x9cc50b8efeae757e!8m2!3d-26.2862298!4d-48.8394649!16s%2Fg%2F11zh0ytbdx!19sChIJJ3dc9rSx3pQRfnWu_o4LxZw,Não,,,Pendente,,,,Não,Google Maps exibe Adicionar website; verificado em 13/08/2026.,psicologia
Nesso Psicologia,Psicologia,47992095258,Joinville,https://www.google.com/maps/place/Nesso+Psicologia/data=!4m7!3m6!1s0x94deb10fb79d8073:0x772189c87bcb52e8!8m2!3d-26.295175!4d-48.8407175!16s%2Fg%2F11nqr6jk3d!19sChIJc4Cdtw-x3pQR6FLLe8iJIXc,Não,,,Pendente,,,,Não,Google Maps exibe Adicionar website; verificado em 13/08/2026.,psicologia
Psicóloga Joinville Natália Rosa,Psicologia,47988528970,Joinville,https://www.google.com/maps/place/Psic%C3%B3loga+Joinville+Nat%C3%A1lia+Rosa/data=!4m7!3m6!1s0x94deafef438bb499:0xad77e0729c64e281!8m2!3d-26.2742513!4d-48.8439181!16s%2Fg%2F11nq8t6w0y!19sChIJmbSLQ--v3pQRgeJknHLgd60,Não,,,Pendente,,,,Não,Google Maps exibe Adicionar website; verificado em 13/08/2026.,psicologia
Mariana Kurth - Psicóloga,Psicologia,47991804442,Joinville,https://www.google.com/maps/place/Mariana+Kurth+-+Psic%C3%B3loga/data=!4m7!3m6!1s0x94deb1bf7f101a8b:0x8e93b420bb165d12!8m2!3d-26.2938452!4d-48.8401222!16s%2Fg%2F11n51m30ql!19sChIJixoQf7-x3pQREl0WuyC0k44,Não,,,Pendente,,,,Não,Google Maps exibe Adicionar website; verificado em 13/08/2026.,psicologia
Psicóloga Ana Carolina Schmalz,Psicologia,47999644230,Joinville,https://www.google.com/maps/place/Psic%C3%B3loga+Ana+Carolina+Schmalz/data=!4m7!3m6!1s0x94deaf457b9011ed:0x21fc5c659e5437a8!8m2!3d-26.2755263!4d-48.8403492!16s%2Fg%2F11vz04br2f!19sChIJ7RGQe0Wv3pQRqDdUnmVc_CE,Não,,,Pendente,,,,Não,Google Maps exibe Adicionar website; verificado em 13/08/2026.,psicologia
Psicólogo Cássio Rafaeli,Psicologia,47992284363,Joinville,https://www.google.com/maps/place/Psic%C3%B3logo+C%C3%A1ssio+Rafaeli/data=!4m7!3m6!1s0x94deb152425c6583:0x40bbe7cd1669ef6c!8m2!3d-26.2768422!4d-48.847871!16s%2Fg%2F11v5dfxvxc!19sChIJg2VcQlKx3pQRbO9pFs3nu0A,Não,,,Pendente,,,,Não,Google Maps exibe Adicionar website; verificado em 13/08/2026.,psicologia
Psicóloga Viviane Moehlecke,Psicologia,4734354256,Joinville,https://www.google.com/maps/place/Psic%C3%B3loga+Viviane+Moehlecke/data=!4m7!3m6!1s0x94deafec8bf774df:0xece22710872b59e9!8m2!3d-26.2755263!4d-48.8403492!16s%2Fg%2F11y3wnr3k8!19sChIJ33T3i-yv3pQR6VkrhxAn4uw,Não,,,Pendente,,,,Não,Google Maps exibe Adicionar website; verificado em 13/08/2026.,psicologia
Espaço Ludere - Psicologia e Psicanálise,Psicologia,47984570509,Joinville,https://www.google.com/maps/place/Espa%C3%A7o+Ludere+-+Psicologia+e+Psican%C3%A1lise/data=!4m7!3m6!1s0x94deb195d4b9a82d:0xe4079cc83e4dce03!8m2!3d-26.2817949!4d-48.8418821!16s%2Fg%2F11xmkrd097!19sChIJLai51JWx3pQRA85NPsicB-Q,Não,,,Pendente,,,,Não,Google Maps exibe Adicionar website; verificado em 13/08/2026.,psicologia
Psicóloga Amélia Silva – Psicoterapia e Terapia de Casal / Bairro Costa e Silva,Psicologia,47989000228,Joinville,https://www.google.com/maps/place/Psic%C3%B3loga+Am%C3%A9lia+Silva+%E2%80%93+Psicoterapia+e+Terapia+de+Casal+%2F+Bairro+Costa+e+Silva/data=!4m7!3m6!1s0x94deafc729ce8eb1:0x15768914639f84df!8m2!3d-26.2740439!4d-48.8746882!16s%2Fg%2F11fvhx26gv!19sChIJsY7OKcev3pQR34SfYxSJdhU,Não,,,Pendente,,,,Não,Google Maps exibe Adicionar website; verificado em 13/08/2026.,psicologia
Naski Psicologia & Saúde Mental,Psicologia,47988430438,Joinville,https://www.google.com/maps/place/Naski+Psicologia+%26+Sa%C3%BAde+Mental/data=!4m7!3m6!1s0x94dea5ed10fb26bb:0x92c3ce93e839510b!8m2!3d-26.2733213!4d-48.8889187!16s%2Fg%2F11yy2xq1vz!19sChIJuyb7EO2l3pQRC1E56JPOw5I,Não,,,Pendente,,,,Não,Google Maps exibe Adicionar website; verificado em 13/08/2026.,psicologia
Terapeuta de Mulheres Fernanda Palodetto,Psicologia,47984793480,Joinville,https://www.google.com/maps/place/Terapeuta+de+Mulheres+Fernanda+Palodetto/data=!4m7!3m6!1s0x94deaf3fbae5a541:0xa01990c23c851f5d!8m2!3d-26.2750025!4d-48.8725477!16s%2Fg%2F11m_3h_sw2!19sChIJQaXluj-v3pQRXR-FPMKQGaA,Não,,,Pendente,,,,Não,Google Maps exibe Adicionar website; verificado em 13/08/2026.,psicologia
Espaço Terapêutico São Francisco de Assis,Psicologia,47992468802,Joinville,https://www.google.com/maps/place/Espa%C3%A7o+Terap%C3%AAutico+S%C3%A3o+Francisco+de+Assis/data=!4m7!3m6!1s0x94dea5d98db00cdd:0xe8a1a38d3025d49a!8m2!3d-26.2663862!4d-48.8841085!16s%2Fg%2F11yn9ky33t!19sChIJ3Qywjdml3pQRmtQlMI2joeg,Não,,,Pendente,,,,Não,Google Maps exibe Adicionar website; verificado em 13/08/2026.,psicologia
Tarot Carvalho,Psicologia,47996820923,Joinville,https://www.google.com/maps/place/Tarot+Carvalho/data=!4m7!3m6!1s0x94deb176813014ab:0x6a934085ee5a1c3e!8m2!3d-26.2758053!4d-48.8838007!16s%2Fg%2F11vqh3lgfr!19sChIJqxQwgXax3pQRPhxa7oVAk2o,Não,,,Pendente,,,,Não,Google Maps exibe Adicionar website; verificado em 13/08/2026.,psicologia
Vanessa Sander - Psicologia e Neuropsicologia,Psicologia,47997514301,Joinville,https://www.google.com/maps/place/Vanessa+Sander+-+Psicologia+e+Neuropsicologia/data=!4m7!3m6!1s0x94dea53e0873b2c7:0x9fcdb5ccf9edfc80!8m2!3d-26.2908398!4d-48.8762071!16s%2Fg%2F11f3vjxgcz!19sChIJx7JzCD6l3pQRgPzt-cy1zZ8,Não,,,Pendente,,,,Não,Google Maps exibe Adicionar website; verificado em 13/08/2026.,psicologia
Bem-Querer Espaço Terapêutico,Psicologia,47999375412,Joinville,https://www.google.com/maps/place/Bem-Querer+Espa%C3%A7o+Terap%C3%AAutico/data=!4m7!3m6!1s0x94deafd6bcc35c97:0x17daef53dc1ba5a5!8m2!3d-26.2837549!4d-48.8751387!16s%2Fg%2F11frml7ln_!19sChIJl1zDvNav3pQRpaUb3FPv2hc,Não,,,Pendente,,,,Não,Google Maps exibe Adicionar website; verificado em 13/08/2026.,psicologia
Rosa Psicoterapia,Psicologia,47988753883,Joinville,https://www.google.com/maps/place/Rosa+Psicoterapia/data=!4m7!3m6!1s0x94dea58fed868d8b:0x8dd58f7c40e76486!8m2!3d-26.2797491!4d-48.8845121!16s%2Fg%2F11z0mpz8c2!19sChIJi42G7Y-l3pQRhmTnQHyP1Y0,Não,,,Pendente,,,,Não,Google Maps exibe Adicionar website; verificado em 13/08/2026.,psicologia
Psicóloga Mariana Vanzuita,Psicologia,47984787267,Joinville,https://www.google.com/maps/place/Psic%C3%B3loga+Mariana+Vanzuita/data=!4m7!3m6!1s0x94dea51ba01a09ad:0x4dd8e9ab0e6d0c59!8m2!3d-26.286895!4d-48.9208245!16s%2Fg%2F11rk5g6nqr!19sChIJrQkaoBul3pQRWQxtDqvp2E0,Não,,,Pendente,,,,Não,Google Maps exibe Adicionar website; verificado em 13/08/2026.,psicologia
Psicologia Clínica - Angelita Ferreira Meira Blazius,Psicologia,47996832715,Joinville,https://www.google.com/maps/place/Psicologia+Cl%C3%ADnica+-+Angelita+Ferreira+Meira+Blazius/data=!4m7!3m6!1s0x94dea5d3be8dfb63:0x7aa2b006ca51248a!8m2!3d-26.2820722!4d-48.8983878!16s%2Fg%2F11qzxbzlvj!19sChIJY_uNvtOl3pQRiiRRygawono,Não,,,Pendente,,,,Não,Google Maps exibe Adicionar website; verificado em 13/08/2026.,psicologia
Psicóloga Rosângela Marchiorato em Joinville,Psicologia,47992704570,Joinville,https://www.google.com/maps/place/Psic%C3%B3loga+Ros%C3%A2ngela+Marchiorato+em+Joinville/data=!4m7!3m6!1s0x94deb14af78e4aef:0x6e4963066f071447!8m2!3d-26.2979628!4d-48.8647206!16s%2Fg%2F11yx30_zcx!19sChIJ70qO90qx3pQRRxQHbwZjSW4,Não,,,Pendente,,,,Não,Google Maps exibe Adicionar website; verificado em 13/08/2026.,psicologia
Terapeuta Maria Lucimar,Psicologia,47988166142,Joinville,https://www.google.com/maps/place/Terapeuta+Maria+Lucimar/data=!4m7!3m6!1s0x94deb1c3247eef09:0x4a0f7f299480bfeb!8m2!3d-26.2961458!4d-48.873883!16s%2Fg%2F11tdzc4_km!19sChIJCe9-JMOx3pQR67-AlCl_D0o,Não,,,Pendente,,,,Não,Google Maps exibe Adicionar website; verificado em 13/08/2026.,psicologia
Dorianny Melo,Psicologia,47997452220,Joinville,https://www.google.com/maps/place/Dorianny+Melo/data=!4m7!3m6!1s0x94deb1f49c5e6eaf:0x229c27ae00c60770!8m2!3d-26.3342851!4d-48.8459245!16s%2Fg%2F11hzjgb58_!19sChIJr25enPSx3pQRcAfGAK4nnCI,Não,,,Pendente,,,,Não,Google Maps exibe Adicionar website; verificado em 13/08/2026.,psicologia
Psicóloga e Neuropsicopedagoga Pâmela Papadópulos,Psicologia,47991284636,Joinville,https://www.google.com/maps/place/Psic%C3%B3loga+e+Neuropsicopedagoga+P%C3%A2mela+Papad%C3%B3pulos/data=!4m7!3m6!1s0x94deb1d25c4ce3a3:0x3abaa7a39f72a06b!8m2!3d-26.3207527!4d-48.844101!16s%2Fg%2F11ntp8mwk7!19sChIJo-NMXNKx3pQRa6Byn6Onujo,Não,,,Pendente,,,,Não,Google Maps exibe Adicionar website; verificado em 13/08/2026.,psicologia
Serviço de Psicologia Univille,Psicologia,4734310641,Joinville,https://www.google.com/maps/place/Servi%C3%A7o+de+Psicologia+Univille/data=!4m7!3m6!1s0x94deb1accca41117:0xa77067b596ae56da!8m2!3d-26.3112247!4d-48.8396847!16s%2Fg%2F11c806hj8m!19sChIJFxGkzKyx3pQR2laulrVncKc,Não,,,Pendente,,,,Não,Google Maps exibe Adicionar website; verificado em 13/08/2026.,psicologia
Espaço Quéops,Psicologia,4730346150,Joinville,https://www.google.com/maps/place/Espa%C3%A7o+Qu%C3%A9ops/data=!4m7!3m6!1s0x94deb11e178174f7:0x12a766719b979ee8!8m2!3d-26.3330804!4d-48.8390941!16s%2Fg%2F11c509ncc9!19sChIJ93SBFx6x3pQR6J6Xm3FmpxI,Não,,,Pendente,,,,Não,Google Maps exibe Adicionar website; verificado em 13/08/2026.,psicologia
Espaço Terapêutico Alquimestres,Psicologia,47999518120,Joinville,https://www.google.com/maps/place/Espa%C3%A7o+Terap%C3%AAutico+Alquimestres/data=!4m7!3m6!1s0x94deb148c1a557fd:0xbf45dcc65fd0ced0!8m2!3d-26.3315979!4d-48.8386615!16s%2Fg%2F11s3txb_zx!19sChIJ_VelwUix3pQR0M7QX8bcRb8,Não,,,Pendente,,,,Não,Google Maps exibe Adicionar website; verificado em 13/08/2026.,psicologia
Acupuntura e Psicologia Moises Silva CRT-12/08362,Psicologia,47984776320,Joinville,https://www.google.com/maps/place/Acupuntura+e+Psicologia+Moises+Silva+CRT-12%2F08362/data=!4m7!3m6!1s0x94deb6d0e150c6b9:0xfbf35ed8de733580!8m2!3d-26.3617161!4d-48.8325632!16s%2Fg%2F1tm1rly5!19sChIJucZQ4dC23pQRgDVz3the8_s,Não,,,Pendente,,,,Não,Google Maps exibe Adicionar website; verificado em 13/08/2026.,psicologia
Terapêutica,Psicologia,47997199167,Joinville,https://www.google.com/maps/place/Terap%C3%AAutica/data=!4m7!3m6!1s0x94dbf146f41326d3:0xaa00ce256a9008d2!8m2!3d-26.3601862!4d-48.8148261!16s%2Fg%2F11jmlvzbrb!19sChIJ0yYT9Ebx25QR0giQaiXOAKo,Não,,,Pendente,,,,Não,Google Maps exibe Adicionar website; verificado em 13/08/2026.,psicologia
Espaço Esmalteria Néia Belas Unhas,Psicologia,47999889837,Joinville,https://www.google.com/maps/place/Espa%C3%A7o+Esmalteria+N%C3%A9ia+Belas+Unhas/data=!4m7!3m6!1s0x94deb6c5493efc25:0x3fea65c255d86c67!8m2!3d-26.3625302!4d-48.8297772!16s%2Fg%2F11bvcv202v!19sChIJJfw-ScW23pQRZ2zYVcJl6j8,Não,,,Pendente,,,,Não,Google Maps exibe Adicionar website; verificado em 13/08/2026.,psicologia
Psicóloga Bruna Priester,Psicologia,47991714332,Joinville,https://www.google.com/maps/place/Psic%C3%B3loga+Bruna+Priester/data=!4m7!3m6!1s0x94deb184e4211d87:0x3b54eea254e1fc46!8m2!3d-26.3112418!4d-48.8397796!16s%2Fg%2F11g2zyrstt!19sChIJhx0h5ISx3pQRRvzhVKLuVDs,Não,,,Pendente,,,,Não,Google Maps exibe Adicionar website; verificado em 13/08/2026.,psicologia
Psicóloga Clínica e Jurídica - Andréia Stahelski,Psicologia,47999740101,Joinville,https://www.google.com/maps/place/Psic%C3%B3loga+Cl%C3%ADnica+e+Jur%C3%ADdica+-+Andr%C3%A9ia+Stahelski/data=!4m7!3m6!1s0x94deb115d8b93f35:0xf83e4c727e92c14d!8m2!3d-26.2514077!4d-48.8207854!16s%2Fg%2F11z4_d1_4b!19sChIJNT-52BWx3pQRTcGSfnJMPvg,Não,,,Pendente,,,,Não,Google Maps exibe Adicionar website; verificado em 13/08/2026.,psicologia
Cintia Berthier | Ampliar Psicologia,Psicologia,47999233614,Joinville,https://www.google.com/maps/place/Cintia+Berthier+%7C+Ampliar+Psicologia/data=!4m7!3m6!1s0x94deb1475f145145:0xb65e08e4dcb1854c!8m2!3d-26.2794207!4d-48.8340343!16s%2Fg%2F11zc391vbx!19sChIJRVEUX0ex3pQRTIWx3OQIXrY,Não,,,Pendente,,,,Não,Google Maps exibe Adicionar website; verificado em 13/08/2026.,psicologia
Psicóloga Daniela Eyng Schneider | Terapia Cognitivo Comportamental para adultos e casais,Psicologia,47996432096,Joinville,https://www.google.com/maps/place/Psic%C3%B3loga+Daniela+Eyng+Schneider+%7C+Terapia+Cognitivo+Comportamental+para+adultos+e+casais/data=!4m7!3m6!1s0x94deb1163f67b8ef:0xd9a0dfa639a0c539!8m2!3d-26.270671!4d-48.8120739!16s%2Fg%2F11mstrr546!19sChIJ77hnPxax3pQROcWgOabfoNk,Não,,,Pendente,,,,Não,Google Maps exibe Adicionar website; verificado em 13/08/2026.,psicologia
Terapeuta Olistico,Psicologia,47999712518,Joinville,https://www.google.com/maps/place/Terapeuta+Olistico/data=!4m7!3m6!1s0x94deafb7ef2a6e09:0x92b1cd6897e70db6!8m2!3d-26.2490798!4d-48.8077008!16s%2Fg%2F11tg5d31dj!19sChIJCW4q77ev3pQRtg3nl2jNsZI,Não,,,Pendente,,,,Não,Google Maps exibe Adicionar website; verificado em 13/08/2026.,psicologia
Psicóloga Bruna Lypczinski,Psicologia,47989250342,Joinville,https://www.google.com/maps/place/Psic%C3%B3loga+Bruna+Lypczinski/data=!4m7!3m6!1s0x94deaf102d9d174f:0x3a1b1dc1da09542d!8m2!3d-26.2851718!4d-48.8445773!16s%2Fg%2F11xt9blgs5!19sChIJTxedLRCv3pQRLVQJ2sEdGzo,Não,,,Pendente,,,,Não,Google Maps exibe Adicionar website; verificado em 13/08/2026.,psicologia
Psicóloga Patrícia Pickler,Psicologia,4732788164,Joinville,https://www.google.com/maps/place/Psic%C3%B3loga+Patr%C3%ADcia+Pickler/data=!4m7!3m6!1s0x94deaf976854ddd7:0x30d1cf725f6da7e2!8m2!3d-26.2725059!4d-48.8250392!16s%2Fg%2F11t7rgvv7c!19sChIJ191UaJev3pQR4qdtX3LP0TA,Não,,,Pendente,,,,Não,Google Maps exibe Adicionar website; verificado em 13/08/2026.,psicologia
Terapia e Psicanálise Sinara Boeing,Psicologia,47996161817,Joinville,https://www.google.com/maps/place/Terapia+e+Psican%C3%A1lise+Sinara+Boeing/data=!4m7!3m6!1s0x94deb1865daf9ecd:0xd90e333ef5600a0a!8m2!3d-26.2837904!4d-48.8434737!16s%2Fg%2F11npv6p7ww!19sChIJzZ6vXYax3pQRCgpg9T4zDtk,Não,,,Pendente,,,,Não,Google Maps exibe Adicionar website; verificado em 13/08/2026.,psicologia
Eliziane terapeuta TRG,Psicologia,47997129718,Joinville,https://www.google.com/maps/place/Eliziane+terapeuta+TRG/data=!4m7!3m6!1s0x94deb15a448187a1:0xbdae11cdc2d8452a!8m2!3d-26.3034868!4d-48.8139042!16s%2Fg%2F11n3d8ksn1!19sChIJoYeBRFqx3pQRKkXYws0Rrr0,Não,,,Pendente,,,,Não,Google Maps exibe Adicionar website; verificado em 13/08/2026.,psicologia
CRAS Comasa - Secretaria de Assistência Social,Psicologia,4734223483,Joinville,https://www.google.com/maps/place/CRAS+Comasa+-+Secretaria+de+Assist%C3%AAncia+Social/data=!4m7!3m6!1s0x94deb1f1bdd4fe17:0xf9f0f5079cbc008b!8m2!3d-26.2809261!4d-48.8077534!16s%2Fg%2F119tjyz0h!19sChIJF_7UvfGx3pQRiwC8nAf18Pk,Não,,,Pendente,,,,Não,Google Maps exibe Adicionar website; verificado em 13/08/2026.,psicologia
Terapeuta Manual | Stephany Caroline,Psicologia,47933891198,Joinville,https://www.google.com/maps/place/Terapeuta+Manual+%7C+Stephany+Caroline/data=!4m7!3m6!1s0x94deb1d7d41ad191:0xa6349aef98cf009f!8m2!3d-26.3262587!4d-48.8167727!16s%2Fg%2F11yzbbw54d!19sChIJkdEa1Nex3pQRnwDPmO-aNKY,Não,,,Pendente,,,,Não,Google Maps exibe Adicionar website; verificado em 13/08/2026.,psicologia
Marilda ulbrich terapeuta,Psicologia,47997563397,Joinville,https://www.google.com/maps/place/Marilda+ulbrich+terapeuta/data=!4m7!3m6!1s0x94deb10aa6b8dd5d:0xa60ca8e12f238777!8m2!3d-26.3185499!4d-48.8152466!16s%2Fg%2F11yrcfy2jr!19sChIJXd24pgqx3pQRd4cjL-GoDKY,Não,,,Pendente,,,,Não,Google Maps exibe Adicionar website; verificado em 13/08/2026.,psicologia
LuquanticaTerapias,Psicologia,47996520935,Joinville,https://www.google.com/maps/place/LuquanticaTerapias/data=!4m7!3m6!1s0x94deb19be7e70d0d:0x45865d348809bca4!8m2!3d-26.3426438!4d-48.8272647!16s%2Fg%2F11v0cgwk9x!19sChIJDQ3n55ux3pQRpLwJiDRdhkU,Não,,,Pendente,,,,Não,Google Maps exibe Adicionar website; verificado em 13/08/2026.,psicologia
Psicóloga Lais de Resende,Psicologia,47997254548,Joinville,https://www.google.com/maps/place/Psic%C3%B3loga+Lais+de+Resende/data=!4m7!3m6!1s0x94deb12be5a746b5:0x7ba07a75e6d80adf!8m2!3d-26.3207527!4d-48.844101!16s%2Fg%2F11l2p2s3qq!19sChIJtUan5Sux3pQR3wrY5nV6oHs,Não,,,Pendente,,,,Não,Google Maps exibe Adicionar website; verificado em 13/08/2026.,psicologia
Ghanem Laboratório (Itaum),Laboratório,4730283001,Joinville,https://www.google.com/maps/place/Ghanem+Laborat%C3%B3rio+%28Itaum%29/data=!4m7!3m6!1s0x94deb1485ca118b3:0xbbc55e351e7ee1a!8m2!3d-26.3408033!4d-48.8176312!16s%2Fg%2F11f12phsvd!19sChIJsxihXEix3pQRGu7nUeNVvAs,Não,,,Pendente,,,,Não,Google Maps exibe Adicionar website; verificado em 13/08/2026.,laboratorio
KG Laboratório de Análises Clínicas,Laboratório,4730274441,Joinville,https://www.google.com/maps/place/KG+Laborat%C3%B3rio+de+An%C3%A1lises+Cl%C3%ADnicas/data=!4m7!3m6!1s0x94deb04ea452d0dd:0xfa79f8c4f89339b1!8m2!3d-26.3054596!4d-48.8445942!16s%2Fg%2F1pty9dzz8!19sChIJ3dBSpE6w3pQRsTmT-MT4efo,Não,,,Pendente,,,,Não,Google Maps exibe Adicionar website; verificado em 13/08/2026.,laboratorio
Mob Laboratório de Análises Clinicasmax Colin,Laboratório,4730275965,Joinville,https://www.google.com/maps/place/Mob+Laborat%C3%B3rio+de+An%C3%A1lises+Clinicasmax+Colin/data=!4m7!3m6!1s0x94deb0dc626bf235:0x5bd074f0befe10bc!8m2!3d-26.3420149!4d-48.8470476!16s%2Fg%2F1ptx3qm7b!19sChIJNfJrYtyw3pQRvBD-vvB00Fs,Não,,,Pendente,,,,Não,Google Maps exibe Adicionar website; verificado em 13/08/2026.,laboratorio
CTA Joinville - Centro de Testagem e Aconselhamento,Laboratório,4734171377,Joinville,https://www.google.com/maps/place/CTA+Joinville+-+Centro+de+Testagem+e+Aconselhamento/data=!4m7!3m6!1s0x94deb158091fb093:0x18c97d440c76383b!8m2!3d-26.3060407!4d-48.8433952!16s%2Fg%2F11gl0_xhy4!19sChIJk7AfCVix3pQROzh2DER9yRg,Não,,,Pendente,,,,Não,Google Maps exibe Adicionar website; verificado em 13/08/2026.,laboratorio
Lab Microtec Psc Floresta,Laboratório,4739031252,Joinville,https://www.google.com/maps/place/Lab+Microtec+Psc+Floresta/data=!4m7!3m6!1s0x94deb0e7a96596fb:0xcbff2e78a1eb361a!8m2!3d-26.3376593!4d-48.8472265!16s%2Fg%2F11c5_bv444!19sChIJ-5Zlqeew3pQRGjbroXgu_8s,Não,,,Pendente,,,,Não,Google Maps exibe Adicionar website; verificado em 13/08/2026.,laboratorio
Mob Laboratório de Análises Clinicasmax Colin,Laboratório,4730257759,Joinville,https://www.google.com/maps/place/Mob+Laborat%C3%B3rio+de+An%C3%A1lises+Clinicasmax+Colin/data=!4m7!3m6!1s0x94deb04ea69d2013:0xc9a055838e8a3e99!8m2!3d-26.3054413!4d-48.8444971!16s%2Fg%2F1ptwsskx4!19sChIJEyCdpk6w3pQRmT6KjoNVoMk,Não,,,Pendente,,,,Não,Google Maps exibe Adicionar website; verificado em 13/08/2026.,laboratorio
Munhoz Microtec,Laboratório,4734221492,Joinville,https://www.google.com/maps/place/Munhoz+Microtec/data=!4m7!3m6!1s0x94deb04c767c91eb:0x9cf16662e1b4a8e0!8m2!3d-26.3041622!4d-48.8428517!16s%2Fg%2F1tlmpgs4!19sChIJ65F8dkyw3pQR4Ki04WJm8Zw,Não,,,Pendente,,,,Não,Google Maps exibe Adicionar website; verificado em 13/08/2026.,laboratorio
Unimed Personal - Unidade Centro,Laboratório,4734414000,Joinville,https://www.google.com/maps/place/Unimed+Personal+-+Unidade+Centro/data=!4m7!3m6!1s0x94deb1ff03a0693d:0xfb4a10090e226763!8m2!3d-26.2898636!4d-48.8482189!16s%2Fg%2F11j0r3bng1!19sChIJPWmgA_-x3pQRY2ciDgkQSvs,Não,,,Pendente,,,,Não,Google Maps exibe Adicionar website; verificado em 13/08/2026.,laboratorio
Essencial Exames,Laboratório,47999307167,Joinville,https://www.google.com/maps/place/Essencial+Exames/data=!4m7!3m6!1s0x94deb11f796a67a1:0x854518c04ef040e3!8m2!3d-26.303718!4d-48.8451835!16s%2Fg%2F11mzy7g7ch!19sChIJoWdqeR-x3pQR40DwTsAYRYU,Não,,,Pendente,,,,Não,Google Maps exibe Adicionar website; verificado em 13/08/2026.,laboratorio
BADANIE VET - Serviços em Patologia Clínica Veterinária,Laboratório,47991861916,Joinville,https://www.google.com/maps/place/BADANIE+VET+-+Servi%C3%A7os+em+Patologia+Cl%C3%ADnica+Veterin%C3%A1ria/data=!4m7!3m6!1s0x94deb02abd1a3edf:0x41e336d39cd789c3!8m2!3d-26.2798532!4d-48.8408767!16s%2Fg%2F11g6njg190!19sChIJ3z4avSqw3pQRw4nXnNM240E,Não,,,Pendente,,,,Não,Google Maps exibe Adicionar website; verificado em 13/08/2026.,laboratorio
Mob Laboratório de Análises Clínicas,Laboratório,4730436048,Joinville,https://www.google.com/maps/place/Mob+Laborat%C3%B3rio+de+An%C3%A1lises+Cl%C3%ADnicas/data=!4m7!3m6!1s0x94dea548ae9dfbf3:0x8297659ea63c39d0!8m2!3d-26.2875147!4d-48.899802!16s%2Fg%2F1ptync9jh!19sChIJ8_udrkil3pQR0Dk8pp5ll4I,Não,,,Pendente,,,,Não,Google Maps exibe Adicionar website; verificado em 13/08/2026.,laboratorio
K&L Laboratórios de Metrologia JOI,Laboratório,4734261712,Joinville,https://www.google.com/maps/place/K%26L+Laborat%C3%B3rios+de+Metrologia+JOI/data=!4m7!3m6!1s0x94deb0c2d73c80db:0x35e977c1edd33516!8m2!3d-26.343193!4d-48.8503784!16s%2Fg%2F1tslkwkm!19sChIJ24A818Kw3pQRFjXT7cF36TU,Não,,,Pendente,,,,Não,Google Maps exibe Adicionar website; verificado em 13/08/2026.,laboratorio
Microtec,Laboratório,4732787708,Joinville,https://www.google.com/maps/place/Microtec/data=!4m7!3m6!1s0x94deae7066a47db3:0xf66acc8d04e4e548!8m2!3d-26.2393136!4d-48.8074226!16s%2Fg%2F11t7fdrj8d!19sChIJs32kZnCu3pQRSOXkBI3MavY,Não,,,Pendente,,,,Não,Google Maps exibe Adicionar website; verificado em 13/08/2026.,laboratorio
Mob Laboratório de Análises Clinicasmax Colin,Laboratório,4730434714,Joinville,https://www.google.com/maps/place/Mob+Laborat%C3%B3rio+de+An%C3%A1lises+Clinicasmax+Colin/data=!4m7!3m6!1s0x94deb1e9477efa59:0x2383e7f886508015!8m2!3d-26.2832374!4d-48.8152891!16s%2Fg%2F1ptw2f7gs!19sChIJWfp-R-mx3pQRFYBQhvjngyM,Não,,,Pendente,,,,Não,Google Maps exibe Adicionar website; verificado em 13/08/2026.,laboratorio
Santa Sophia Toxicológico Joinville Shop,Laboratório,4732073529,Joinville,https://www.google.com/maps/place/Santa+Sophia+Toxicol%C3%B3gico+Joinville+Shop/data=!4m7!3m6!1s0x94deb1a2fa88ee75:0xebed37462cf0c31!8m2!3d-26.3206336!4d-48.8457141!16s%2Fg%2F11zd3rzqcf!19sChIJde6I-qKx3pQRMQzPYnTTvg4,Não,,,Pendente,,,,Não,Google Maps exibe Adicionar website; verificado em 13/08/2026.,laboratorio
Formulatto Farmácia e Manipulação Iririú,Laboratório,47991867382,Joinville,https://www.google.com/maps/place/Formulatto+Farm%C3%A1cia+e+Manipula%C3%A7%C3%A3o+Iriri%C3%BA/data=!4m7!3m6!1s0x94deb1e25c53e731:0xe5d277f6c79b0af8!8m2!3d-26.2709613!4d-48.8124881!16s%2Fg%2F1tkjmbs6!19sChIJMedTXOKx3pQR-Aqbx_Z30uU,Não,,,Pendente,,,,Não,Google Maps exibe Adicionar website; verificado em 13/08/2026.,laboratorio
Drogaria Coradelli Paranaguamirim,Laboratório,47996278590,Joinville,https://www.google.com/maps/place/Drogaria+Coradelli+Paranaguamirim/data=!4m7!3m6!1s0x94deb56f6e149493:0xe224e4d96dffe204!8m2!3d-26.3457129!4d-48.7869622!16s%2Fg%2F11hzwbyhct!19sChIJk5QUbm-13pQRBOL_bdnkJOI,Não,,,Pendente,,,,Não,Google Maps exibe Adicionar website; verificado em 13/08/2026.,laboratorio
Clinica Imaginar,Laboratório,47991936587,Joinville,https://www.google.com/maps/place/Clinica+Imaginar/data=!4m7!3m6!1s0x94deafe3c88c2ceb:0x3d0583a9863dc0e0!8m2!3d-26.275826!4d-48.8617297!16s%2Fg%2F11yzn2tk_n!19sChIJ6yyMyOOv3pQR4MA9hqmDBT0,Não,,,Pendente,,,,Não,Google Maps exibe Adicionar website; verificado em 13/08/2026.,laboratorio
Napolitana,Laboratório,4734250099,Joinville,https://www.google.com/maps/place/Napolitana/data=!4m7!3m6!1s0x94deafdcb26680e3:0xa197a2e58ab17941!8m2!3d-26.2746821!4d-48.8554565!16s%2Fg%2F11b86yw0k0!19sChIJ44Bmstyv3pQRQXmxiuWil6E,Não,,,Pendente,,,,Não,Google Maps exibe Adicionar website; verificado em 13/08/2026.,laboratorio
Laboratório de Anatomia e Patológica Dr Hugo Carvalho,Laboratório,4734225712,Joinville,https://www.google.com/maps/place/Laborat%C3%B3rio+de+Anatomia+e+Patol%C3%B3gica+Dr+Hugo+Carvalho/data=!4m7!3m6!1s0x94deb05217558109:0x2e19489e1749e57b!8m2!3d-26.3105014!4d-48.844128!16s%2Fg%2F1tc_57l1!19sChIJCYFVF1Kw3pQRe-VJF55IGS4,Não,,,Pendente,,,,Não,Google Maps exibe Adicionar website; verificado em 13/08/2026.,laboratorio
CLAMED Health Center,Laboratório,47992832128,Joinville,https://www.google.com/maps/place/CLAMED+Health+Center/data=!4m7!3m6!1s0x94deb146329159bb:0xaf33a9d502f7312e!8m2!3d-26.2353032!4d-48.8830326!16s%2Fg%2F11qgyjwwg4!19sChIJu1mRMkax3pQRLjH3AtWpM68,Não,,,Pendente,,,,Não,Google Maps exibe Adicionar website; verificado em 13/08/2026.,laboratorio
Mercado Zeu S.O.S. 24h,Mercado,47996013917,Joinville,https://www.google.com/maps/place/Mercado+Zeu+S.O.S.+24h/data=!4m7!3m6!1s0x94deb739bc099715:0xe79141dec38e39c7!8m2!3d-26.3678969!4d-48.8288559!16s%2Fg%2F11qzyz_xmq!19sChIJFZcJvDm33pQRxzmOw95Bkec,Não,,,Pendente,,,,Não,Google Maps exibe Adicionar website; verificado em 13/08/2026.,mercado
Mercado Kemper 2,Mercado,47988901494,Joinville,https://www.google.com/maps/place/Mercado+Kemper+2/data=!4m7!3m6!1s0x94deb6c4e12ed93f:0xae5763c3c2049126!8m2!3d-26.365154!4d-48.8296547!16s%2Fg%2F11bvctz0wk!19sChIJP9ku4cS23pQRJpEEwsNjV64,Não,,,Pendente,,,,Não,Google Maps exibe Adicionar website; verificado em 13/08/2026.,mercado
Kauâm Supermercado,Mercado,4734547467,Joinville,https://www.google.com/maps/place/Kau%C3%A2m+Supermercado/data=!4m7!3m6!1s0x94deb6c3ab883b7d:0x691839d8d29a1074!8m2!3d-26.3686791!4d-48.8269429!16s%2Fg%2F11b73ssst2!19sChIJfTuIq8O23pQRdBCa0tg5GGk,Não,,,Pendente,,,,Não,Google Maps exibe Adicionar website; verificado em 13/08/2026.,mercado
Mercado Escolinha,Mercado,4732786145,Joinville,https://www.google.com/maps/place/Mercado+Escolinha/data=!4m7!3m6!1s0x94deb7a1ebf7db67:0x90e82d667fd61a1c!8m2!3d-26.365154!4d-48.8296547!16s%2Fg%2F11mvr8w6sm!19sChIJZ9v366G33pQRHBrWf2Yt6JA,Não,,,Pendente,,,,Não,Google Maps exibe Adicionar website; verificado em 13/08/2026.,mercado
Supermercado Super Bom,Mercado,47991211620,Joinville,https://www.google.com/maps/place/Supermercado+Super+Bom/data=!4m7!3m6!1s0x94deb1979b485e8f:0x6052934ab9ac757c!8m2!3d-26.3519497!4d-48.8297199!16s%2Fg%2F11tnhk1mmd!19sChIJj15Im5ex3pQRfHWsuUqTUmA,Não,,,Pendente,,,,Não,Google Maps exibe Adicionar website; verificado em 13/08/2026.,mercado
Vizinhão Atacarejo,Mercado,4734651688,Joinville,https://www.google.com/maps/place/Vizinh%C3%A3o+Atacarejo/data=!4m7!3m6!1s0x94deb7a7cd87fc6f:0xd263acc4254ba1dc!8m2!3d-26.3621122!4d-48.8118247!16s%2Fg%2F11kmst6823!19sChIJb_yHzae33pQR3KFLJcSsY9I,Não,,,Pendente,,,,Não,Google Maps exibe Adicionar website; verificado em 13/08/2026.,mercado
Mercado Popular,Mercado,4734656981,Joinville,https://www.google.com/maps/place/Mercado+Popular/data=!4m7!3m6!1s0x94deb6d46c2ea25d:0x2d9db48f2304f0c!8m2!3d-26.358432!4d-48.835701!16s%2Fg%2F1tn06ytt!19sChIJXaIubNS23pQRDE8w8kjb2QI,Não,,,Pendente,,,,Não,Google Maps exibe Adicionar website; verificado em 13/08/2026.,mercado
Mercado João Costa,Mercado,4734367184,Joinville,https://www.google.com/maps/place/Mercado+Jo%C3%A3o+Costa/data=!4m7!3m6!1s0x94deb6b5434fbeab:0xd7b26fd743dfa8aa!8m2!3d-26.3502862!4d-48.8189742!16s%2Fg%2F11bv5sl_nn!19sChIJq75PQ7W23pQRqqjfQ9dvstc,Não,,,Pendente,,,,Não,Google Maps exibe Adicionar website; verificado em 13/08/2026.,mercado
Supermercado Luchese,Mercado,4730131080,Joinville,https://www.google.com/maps/place/Supermercado+Luchese/data=!4m7!3m6!1s0x94deb7a9557f0343:0x7ed7c85ddde370f3!8m2!3d-26.3696608!4d-48.8206667!16s%2Fg%2F11p0143424!19sChIJQwN_Vam33pQR83Dj3V3I134,Não,,,Pendente,,,,Não,Google Maps exibe Adicionar website; verificado em 13/08/2026.,mercado
Meu Vizinho Supermercados - Itinga,Mercado,4735112191,Joinville,https://www.google.com/maps/place/Meu+Vizinho+Supermercados+-+Itinga/data=!4m7!3m6!1s0x94deb7359cb48fd9:0x1c24a9915e2cb126!8m2!3d-26.3813211!4d-48.8223095!16s%2Fg%2F11gy4rvcjy!19sChIJ2Y-0nDW33pQRJrEsXpGpJBw,Não,,,Pendente,,,,Não,Google Maps exibe Adicionar website; verificado em 13/08/2026.,mercado
Doca Supermercadinhos-Matriz,Mercado,4734360912,Joinville,https://www.google.com/maps/place/Doca+Supermercadinhos-Matriz/data=!4m7!3m6!1s0x94deb0d39ed9daeb:0x681faa5b0f7d0bdd!8m2!3d-26.3560804!4d-48.8459336!16s%2Fg%2F1tddtbpw!19sChIJ69rZntOw3pQR3Qt9D1uqH2g,Não,,,Pendente,,,,Não,Google Maps exibe Adicionar website; verificado em 13/08/2026.,mercado
Antigo Mercado Santana,Mercado,4734292210,Joinville,https://www.google.com/maps/place/Antigo+Mercado+Santana/data=!4m7!3m6!1s0x94deb6eaa1aa5fd9:0xba93e9e73f0d82c1!8m2!3d-26.3697713!4d-48.8206138!16s%2Fg%2F1tgcbnv6!19sChIJ2V-qoeq23pQRwYINP-fpk7o,Não,,,Pendente,,,,Não,Google Maps exibe Adicionar website; verificado em 13/08/2026.,mercado
Supermercado Bobato..Itaum,Mercado,4734294906,Joinville,https://www.google.com/maps/place/Supermercado+Bobato..Itaum/data=!4m7!3m6!1s0x94deb146e6d504a9:0xcb567fd76e396ef7!8m2!3d-26.334682!4d-48.8171155!16s%2Fg%2F1pty78y3s!19sChIJqQTV5kax3pQR9245btd_Vss,Não,,,Pendente,,,,Não,Google Maps exibe Adicionar website; verificado em 13/08/2026.,mercado
Conveniência Santana,Mercado,4734650371,Joinville,https://www.google.com/maps/place/Conveni%C3%AAncia+Santana/data=!4m7!3m6!1s0x94deb6bcbc378f85:0x962ba32bfc4e680d!8m2!3d-26.361863!4d-48.8105269!16s%2Fg%2F11c3n319qb!19sChIJhY83vLy23pQRDWhO_CujK5Y,Não,,,Pendente,,,,Não,Google Maps exibe Adicionar website; verificado em 13/08/2026.,mercado
Mercearia Marinata,Mercado,4734292560,Joinville,https://www.google.com/maps/place/Mercearia+Marinata/data=!4m7!3m6!1s0x94deb6c6b2703373:0x2cc390ffd3711e73!8m2!3d-26.3654414!4d-48.8239835!16s%2Fg%2F11b8d21f1b!19sChIJczNwssa23pQRcx5x0_-Qwyw,Não,,,Pendente,,,,Não,Google Maps exibe Adicionar website; verificado em 13/08/2026.,mercado
Supermercado Cometa,Mercado,4734651349,Joinville,https://www.google.com/maps/place/Supermercado+Cometa/data=!4m7!3m6!1s0x94deb6ba1ad4743f:0x4405ca101d4aa8e0!8m2!3d-26.3579591!4d-48.8141063!16s%2Fg%2F11bv6plvsf!19sChIJP3TUGrq23pQR4KhKHRDKBUQ,Não,,,Pendente,,,,Não,Google Maps exibe Adicionar website; verificado em 13/08/2026.,mercado
MERCEARIA E HORTIFRUTI FRATELLI,Mercado,4734369498,Joinville,https://www.google.com/maps/place/MERCEARIA+E+HORTIFRUTI+FRATELLI/data=!4m7!3m6!1s0x94deb76ab31d897d:0xa6d62bd95d917fbc!8m2!3d-26.3630594!4d-48.8241295!16s%2Fg%2F11nbmsvkj1!19sChIJfYkds2q33pQRvH-RXdkr1qY,Não,,,Pendente,,,,Não,Google Maps exibe Adicionar website; verificado em 13/08/2026.,mercado
Mercearia & Conveniência Avenida,Mercado,47996514003,Joinville,https://www.google.com/maps/place/Mercearia+%26+Conveni%C3%AAncia+Avenida/data=!4m7!3m6!1s0x94deb7d94cc439c1:0xbff591060c16da39!8m2!3d-26.3598101!4d-48.8067567!16s%2Fg%2F11l2_t4bbm!19sChIJwTnETNm33pQROdoWDAaR9b8,Não,,,Pendente,,,,Não,Google Maps exibe Adicionar website; verificado em 13/08/2026.,mercado
Feirão Frutaville Escolinha,Mercado,4738011113,Joinville,https://www.google.com/maps/place/Feir%C3%A3o+Frutaville+Escolinha/data=!4m7!3m6!1s0x94deb6c54a426439:0x1c272ca05a9bdd07!8m2!3d-26.3638168!4d-48.8295405!16s%2Fg%2F11c40pbxgl!19sChIJOWRCSsW23pQRB92bWqAsJxw,Não,,,Pendente,,,,Não,Google Maps exibe Adicionar website; verificado em 13/08/2026.,mercado
Mercado Carolina,Mercado,4730263129,Joinville,https://www.google.com/maps/place/Mercado+Carolina/data=!4m7!3m6!1s0x94deb0ed002908d7:0x91ab1cc7ab20669a!8m2!3d-26.3359691!4d-48.8574706!16s%2Fg%2F11c3l5vj7r!19sChIJ1wgpAO2w3pQRmmYgq8ccq5E,Não,,,Pendente,,,,Não,Google Maps exibe Adicionar website; verificado em 13/08/2026.,mercado
Panificadora Ana Júlia,Mercado,47992637689,Joinville,https://www.google.com/maps/place/Panificadora+Ana+J%C3%BAlia/data=!4m7!3m6!1s0x94deb78ab2424bad:0xd07c27e01452a7c5!8m2!3d-26.3675075!4d-48.8302404!16s%2Fg%2F11yzw0yd4k!19sChIJrUtCsoq33pQRxadSFOAnfNA,Não,,,Pendente,,,,Não,Google Maps exibe Adicionar website; verificado em 13/08/2026.,mercado
Mercado Brasília Select,Mercado,47992268089,Joinville,https://www.google.com/maps/place/Mercado+Bras%C3%ADlia+Select/data=!4m7!3m6!1s0x94deb1007dc65c11:0xd3a8405d0e2c6c9c!8m2!3d-26.3074811!4d-48.8485795!16s%2Fg%2F11m6lwsgn2!19sChIJEVzGfQCx3pQRnGwsDl1AqNM,Não,,,Pendente,,,,Não,Google Maps exibe Adicionar website; verificado em 13/08/2026.,mercado
Espaço Sabor,Mercado,47999744043,Joinville,https://www.google.com/maps/place/Espa%C3%A7o+Sabor/data=!4m7!3m6!1s0x94deb04cda4c1825:0x9b4f2a5f115406d5!8m2!3d-26.3054857!4d-48.840522!16s%2Fg%2F11b822wfd3!19sChIJJRhM2kyw3pQR1QZUEV8qT5s,Não,,,Pendente,,,,Não,Google Maps exibe Adicionar website; verificado em 13/08/2026.,mercado
Stammhaus Café,Mercado,4730263898,Joinville,https://www.google.com/maps/place/Stammhaus+Caf%C3%A9/data=!4m7!3m6!1s0x94deb04cd0b753a1:0x81f4389c0e657b1f!8m2!3d-26.3054975!4d-48.8404187!16s%2Fg%2F11bv2bxdxj!19sChIJoVO30Eyw3pQRH3tlDpw49IE,Não,,,Pendente,,,,Não,Google Maps exibe Adicionar website; verificado em 13/08/2026.,mercado
Supermercado Cézar,Mercado,4734374827,Joinville,https://www.google.com/maps/place/Supermercado+C%C3%A9zar/data=!4m7!3m6!1s0x94deb1ff801b23af:0x23f53dd19cd06bbe!8m2!3d-26.2670347!4d-48.8000079!16s%2Fg%2F1tfjxfl4!19sChIJryMbgP-x3pQRvmvQnNE99SM,Não,,,Pendente,,,,Não,Google Maps exibe Adicionar website; verificado em 13/08/2026.,mercado
Conveniência da Max,Mercado,47988410288,Joinville,https://www.google.com/maps/place/Conveni%C3%AAncia+da+Max/data=!4m7!3m6!1s0x94deb156201ce681:0x851eb7eb1ceb57d0!8m2!3d-26.2933254!4d-48.8679219!16s%2Fg%2F11z0kb1ym0!19sChIJgeYcIFax3pQR0FfrHOu3HoU,Não,,,Pendente,,,,Não,Google Maps exibe Adicionar website; verificado em 13/08/2026.,mercado
Jovens bebidas Centro,Mercado,47996952940,Joinville,https://www.google.com/maps/place/Jovens+bebidas+Centro/data=!4m7!3m6!1s0x94deb1122fdead6b:0x68d92bd514dcd84b!8m2!3d-26.2952594!4d-48.8433452!16s%2Fg%2F11x76wxzxq!19sChIJa63eLxKx3pQRS9jcFNUr2Wg,Não,,,Pendente,,,,Não,Google Maps exibe Adicionar website; verificado em 13/08/2026.,mercado
Mercearia Carmel,Mercado,47991070756,Joinville,https://www.google.com/maps/place/Mercearia+Carmel/data=!4m7!3m6!1s0x94deb1001d3e4def:0x4c746e6639465e3a!8m2!3d-26.3065582!4d-48.8494064!16s%2Fg%2F11vppj2wnz!19sChIJ700-HQCx3pQROl5GOWZudEw,Não,,,Pendente,,,,Não,Google Maps exibe Adicionar website; verificado em 13/08/2026.,mercado
Empório da Lê João Colin,Mercado,4734322199,Joinville,https://www.google.com/maps/place/Emp%C3%B3rio+da+L%C3%AA+Jo%C3%A3o+Colin/data=!4m7!3m6!1s0x94deb03721c55555:0x9c1daa98a9207450!8m2!3d-26.2972189!4d-48.8474889!16s%2Fg%2F11g9syyppz!19sChIJVVXFITew3pQRUHQgqZiqHZw,Não,,,Pendente,,,,Não,Google Maps exibe Adicionar website; verificado em 13/08/2026.,mercado
Empório Raiz Natural,Mercado,47997111853,Joinville,https://www.google.com/maps/place/Emp%C3%B3rio+Raiz+Natural/data=!4m7!3m6!1s0x94deb1744768fbaf:0x7f39a883a93f37d3!8m2!3d-26.3004863!4d-48.8471404!16s%2Fg%2F11zd3y7b8b!19sChIJr_toR3Sx3pQR0zc_qYOoOX8,Não,,,Pendente,,,,Não,Google Maps exibe Adicionar website; verificado em 13/08/2026.,mercado
Mercado Brasil,Mercado,4734350655,Joinville,https://www.google.com/maps/place/Mercado+Brasil/data=!4m7!3m6!1s0x94deafd2ba8ffeff:0x1f09f9eb71b2cb7d!8m2!3d-26.2700474!4d-48.8404317!16s%2Fg%2F11bv38hf50!19sChIJ__6PutKv3pQRfcuycev5CR8,Não,,,Pendente,,,,Não,Google Maps exibe Adicionar website; verificado em 13/08/2026.,mercado
Empório Premium,Mercado,4735112858,Joinville,https://www.google.com/maps/place/Emp%C3%B3rio+Premium/data=!4m7!3m6!1s0x94deb1a2ac667f25:0x37f7e902ff8f229!8m2!3d-26.2927081!4d-48.8503078!16s%2Fg%2F11qsz00zfr!19sChIJJX9mrKKx3pQRKfL4L5B-fwM,Não,,,Pendente,,,,Não,Google Maps exibe Adicionar website; verificado em 13/08/2026.,mercado
Supermercado MiniPreço - Loja 3,Mercado,4731459100,Joinville,https://www.google.com/maps/place/Supermercado+MiniPre%C3%A7o+-+Loja+3/data=!4m7!3m6!1s0x94deafd238945ed5:0xa8cd1e0540388567!8m2!3d-26.2389315!4d-48.8452423!16s%2Fg%2F11q4kz56ml!19sChIJ1V6UONKv3pQRZ4U4QAUezag,Não,,,Pendente,,,,Não,Google Maps exibe Adicionar website; verificado em 13/08/2026.,mercado
Superville,Mercado,4734320571,Joinville,https://www.google.com/maps/place/Superville/data=!4m7!3m6!1s0x94deaf532d192923:0x96020c4a6fa42953!8m2!3d-26.2848987!4d-48.8761062!16s%2Fg%2F11g_t_lsrh!19sChIJIykZLVOv3pQRUymkb0oMApY,Não,,,Pendente,,,,Não,Google Maps exibe Adicionar website; verificado em 13/08/2026.,mercado
Zeppelin Mercearia - Açougue - Padaria,Mercado,4730281811,Joinville,https://www.google.com/maps/place/Zeppelin+Mercearia+-+A%C3%A7ougue+-+Padaria/data=!4m7!3m6!1s0x94deb02745643e9b:0x6f807d4cb0dc7868!8m2!3d-26.2846691!4d-48.8551692!16s%2Fg%2F1tf3q19l!19sChIJmz5kRSew3pQRaHjcsEx9gG8,Não,,,Pendente,,,,Não,Google Maps exibe Adicionar website; verificado em 13/08/2026.,mercado
Kopenhagen América,Mercado,47991877434,Joinville,https://www.google.com/maps/place/Kopenhagen+Am%C3%A9rica/data=!4m7!3m6!1s0x94deb1313b6466f1:0x2afdc5d27417fe37!8m2!3d-26.3014937!4d-48.859368!16s%2Fg%2F11vxtzhmtc!19sChIJ8WZkOzGx3pQRN_4XdNLF_So,Não,,,Pendente,,,,Não,Google Maps exibe Adicionar website; verificado em 13/08/2026.,mercado
Doce Aroma Café e Conveniência,Mercado,47974002554,Joinville,https://www.google.com/maps/place/Doce+Aroma+Caf%C3%A9+e+Conveni%C3%AAncia/data=!4m7!3m6!1s0x94deb1f7102ef061:0xb8094152d4cb965!8m2!3d-26.2892095!4d-48.8487995!16s%2Fg%2F11xg88dnft!19sChIJYfAuEPex3pQRZblMLRWUgAs,Não,,,Pendente,,,,Não,Google Maps exibe Adicionar website; verificado em 13/08/2026.,mercado
Jeff Casa de Carnes,Mercado,47989072401,Joinville,https://www.google.com/maps/place/Jeff+Casa+de+Carnes/data=!4m7!3m6!1s0x94deb7de86e9c59b:0xf1c93f743190bddc!8m2!3d-26.3691546!4d-48.8204409!16s%2Fg%2F11gslvqv58!19sChIJm8Xpht633pQR3L2QMXQ_yfE,Não,,,Pendente,,,,Não,Google Maps exibe Adicionar website; verificado em 13/08/2026.,mercado
Ponto Mime Atiradores,Mercado,47992935207,Joinville,https://www.google.com/maps/place/Ponto+Mime+Atiradores/data=!4m7!3m6!1s0x94deb1f5e4f812bd:0x47eb85d48e1c4c99!8m2!3d-26.3036392!4d-48.8536986!16s%2Fg%2F11v5fpm4_x!19sChIJvRL45PWx3pQRmUwcjtSF60c,Não,,,Pendente,,,,Não,Google Maps exibe Adicionar website; verificado em 13/08/2026.,mercado
CELULAR SHOP Atiradores Joinville,Mercado,4730272399,Joinville,https://www.google.com/maps/place/CELULAR+SHOP+Atiradores+Joinville/data=!4m7!3m6!1s0x94deb10c0d3a7287:0x449591ff63a0c126!8m2!3d-26.3113902!4d-48.8547546!16s%2Fg%2F11z83x_3z_!19sChIJh3I6DQyx3pQRJsGgY_-RlUQ,Não,,,Pendente,,,,Não,Google Maps exibe Adicionar website; verificado em 13/08/2026.,mercado
Casa Sarang - Restaurante Coreano e Mercearia,Mercado,47996062775,Joinville,https://www.google.com/maps/place/Casa+Sarang+-+Restaurante+Coreano+e+Mercearia/data=!4m7!3m6!1s0x94deb11e156b22c7:0x2dd380c65e7a868e!8m2!3d-26.3049561!4d-48.8594881!16s%2Fg%2F11nbh8wfx3!19sChIJxyJrFR6x3pQRjoZ6XsaA0y0,Não,,,Pendente,,,,Não,Google Maps exibe Adicionar website; verificado em 13/08/2026.,mercado
Mercadinho Dona Iva,Mercado,4730859091,Joinville,https://www.google.com/maps/place/Mercadinho+Dona+Iva/data=!4m7!3m6!1s0x94deb058952d699f:0x2338d310735c7254!8m2!3d-26.3212698!4d-48.8532427!16s%2Fg%2F1trxfvn1!19sChIJn2ktlViw3pQRVHJccxDTOCM,Não,,,Pendente,,,,Não,Google Maps exibe Adicionar website; verificado em 13/08/2026.,mercado
Garibaldi Empório e Frutaria,Mercado,47991428051,Joinville,https://www.google.com/maps/place/Garibaldi+Emp%C3%B3rio+e+Frutaria/data=!4m7!3m6!1s0x94deb042d676728f:0x59316fdb64241113!8m2!3d-26.3160555!4d-48.8555234!16s%2Fg%2F1ydkhrc2w!19sChIJj3J21kKw3pQRExEkZNtvMVk,Não,,,Pendente,,,,Não,Google Maps exibe Adicionar website; verificado em 13/08/2026.,mercado
Mercadinho Concórdia,Mercado,47984939228,Joinville,https://www.google.com/maps/place/Mercadinho+Conc%C3%B3rdia/data=!4m7!3m6!1s0x94deb1aa7acf2457:0x924167c223668dfe!8m2!3d-26.3150739!4d-48.8562162!16s%2Fg%2F11nh_w1pbh!19sChIJVyTPeqqx3pQR_o1mI8JnQZI,Não,,,Pendente,,,,Não,Google Maps exibe Adicionar website; verificado em 13/08/2026.,mercado
Comercial Krüger,Mercado,4734386735,Joinville,https://www.google.com/maps/place/Comercial+Kr%C3%BCger/data=!4m7!3m6!1s0x94deb06615afb12b:0x100be302582daf1b!8m2!3d-26.3173122!4d-48.8636632!16s%2Fg%2F11b75px1wh!19sChIJK7GvFWaw3pQRG68tWALjCxA,Não,,,Pendente,,,,Não,Google Maps exibe Adicionar website; verificado em 13/08/2026.,mercado
GP StoreVille,Mercado,47996463769,Joinville,https://www.google.com/maps/place/GP+StoreVille/data=!4m7!3m6!1s0x94deb05bc65eaaab:0x21946c8bb25e0c4d!8m2!3d-26.3164134!4d-48.8530873!16s%2Fg%2F11s86wt0bn!19sChIJq6pexluw3pQRTQxesotslCE,Não,,,Pendente,,,,Não,Google Maps exibe Adicionar website; verificado em 13/08/2026.,mercado
Nutribê Produtos Naturais,Mercado,47997252318,Joinville,https://www.google.com/maps/place/Nutrib%C3%AA+Produtos+Naturais/data=!4m7!3m6!1s0x94deb1405d5cdce9:0xbe0056378f050beb!8m2!3d-26.3212247!4d-48.8598323!16s%2Fg%2F11n3k87j8x!19sChIJ6dxcXUCx3pQR6wsFjzdWAL4,Não,,,Pendente,,,,Não,Google Maps exibe Adicionar website; verificado em 13/08/2026.,mercado
Hortifrúti Saguaçu,Mercado,47997826041,Joinville,https://www.google.com/maps/place/Hortifr%C3%BAti+Sagua%C3%A7u/data=!4m7!3m6!1s0x94deb1d5f8f7874f:0x45149f354134b050!8m2!3d-26.2772109!4d-48.8352407!16s%2Fg%2F11s16szvs0!19sChIJT4f3-NWx3pQRULA0QTWfFEU,Não,,,Pendente,,,,Não,Google Maps exibe Adicionar website; verificado em 13/08/2026.,mercado
Mercado Alberton,Mercado,4734352768,Joinville,https://www.google.com/maps/place/Mercado+Alberton/data=!4m7!3m6!1s0x94deafd2555a0c17:0x2aad9ad47271d85b!8m2!3d-26.2723044!4d-48.8422783!16s%2Fg%2F11bv38cf7m!19sChIJFwxaVdKv3pQRW9hxctSarSo,Não,,,Pendente,,,,Não,Google Maps exibe Adicionar website; verificado em 13/08/2026.,mercado
COMERCIAL JOELI,Mercado,4734721778,Joinville,https://www.google.com/maps/place/COMERCIAL+JOELI/data=!4m7!3m6!1s0x94deb02b0f4031c1:0xa6d329a8bad6ea34!8m2!3d-26.2826455!4d-48.8416078!16s%2Fg%2F1v16rg2k!19sChIJwTFADyuw3pQRNOrWuqgp06Y,Não,,,Pendente,,,,Não,Google Maps exibe Adicionar website; verificado em 13/08/2026.,mercado
Chácara Saguaçu,Mercado,47997405921,Joinville,https://www.google.com/maps/place/Ch%C3%A1cara+Sagua%C3%A7u/data=!4m7!3m6!1s0x94deb1d35855f28d:0xcfac0532baf7927a!8m2!3d-26.2835382!4d-48.8388934!16s%2Fg%2F11gztq3yv!19sChIJjfJVWNOx3pQRepL3ujIFrM8,Não,,,Pendente,,,,Não,Google Maps exibe Adicionar website; verificado em 13/08/2026.,mercado
Green Market alimentos,Mercado,4730311535,Joinville,https://www.google.com/maps/place/Green+Market+alimentos/data=!4m7!3m6!1s0x94deb1d4ebfd57cf:0x956258996f5a18b1!8m2!3d-26.2815636!4d-48.8382057!16s%2Fg%2F11f4rcvrr1!19sChIJz1f969Sx3pQRsRhab5lYYpU,Não,,,Pendente,,,,Não,Google Maps exibe Adicionar website; verificado em 13/08/2026.,mercado
Stok mercado,Mercado,47996161999,Joinville,https://www.google.com/maps/place/Stok+mercado/data=!4m7!3m6!1s0x94deb56da50db3b5:0xa1cb93e9e946cb0a!8m2!3d-26.348984!4d-48.7940423!16s%2Fg%2F11kj242vc4!19sChIJtbMNpW213pQRCstG6emTy6E,Não,,,Pendente,,,,Não,Google Maps exibe Adicionar website; verificado em 13/08/2026.,mercado
FS BEBIDAS,Mercado,47933830749,Joinville,https://www.google.com/maps/place/FS+BEBIDAS/data=!4m7!3m6!1s0x94deaf99e459d459:0x7db8d312a7c91430!8m2!3d-26.2764693!4d-48.8472276!16s%2Fg%2F11vt7t2j19!19sChIJWdRZ5Jmv3pQRMBTJpxLTuH0,Não,,,Pendente,,,,Não,Google Maps exibe Adicionar website; verificado em 13/08/2026.,mercado
O Mercador Distribuidora,Mercado,4730285507,Joinville,https://www.google.com/maps/place/O+Mercador+Distribuidora/data=!4m7!3m6!1s0x94deae1d137b34e5:0x7abe3aa36a3d7978!8m2!3d-26.2888726!4d-48.8420712!16s%2Fg%2F1ptx1byl0!19sChIJ5TR7Ex2u3pQReHk9aqM6vno,Não,,,Pendente,,,,Não,Google Maps exibe Adicionar website; verificado em 13/08/2026.,mercado
Mercado JZ,Mercado,47989028585,Joinville,https://www.google.com/maps/place/Mercado+JZ/data=!4m7!3m6!1s0x94deaf8a1042b67f:0x58218f0779327a36!8m2!3d-26.2688275!4d-48.8792512!16s%2Fg%2F11b8t6zpmr!19sChIJf7ZCEIqv3pQRNnoyeQePIVg,Não,,,Pendente,,,,Não,Google Maps exibe Adicionar website; verificado em 13/08/2026.,mercado
Supermercado Kalfels,Mercado,4734735524,Joinville,https://www.google.com/maps/place/Supermercado+Kalfels/data=!4m7!3m6!1s0x94dea560932187cb:0x8beef022278c729a!8m2!3d-26.2730919!4d-48.8822344!16s%2Fg%2F1tdmr638!19sChIJy4chk2Cl3pQRmnKMJyLw7os,Não,,,Pendente,,,,Não,Google Maps exibe Adicionar website; verificado em 13/08/2026.,mercado
Mercado Gil,Mercado,4734735929,Joinville,https://www.google.com/maps/place/Mercado+Gil/data=!4m7!3m6!1s0x94dea55272a6cbf3:0xbe719aa4f4dd4ce3!8m2!3d-26.2645289!4d-48.8867773!16s%2Fg%2F11gy8gydx9!19sChIJ88umclKl3pQR40zd9KSacb4,Não,,,Pendente,,,,Não,Google Maps exibe Adicionar website; verificado em 13/08/2026.,mercado
Verdureira Estação das Frutas,Mercado,4730436866,Joinville,https://www.google.com/maps/place/Verdureira+Esta%C3%A7%C3%A3o+das+Frutas/data=!4m7!3m6!1s0x94deaff4dcfd4681:0x6c438fc706cbfc1d!8m2!3d-26.2733904!4d-48.8769691!16s%2Fg%2F11b7q8s0g6!19sChIJgUb93PSv3pQRHfzLBsePQ2w,Não,,,Pendente,,,,Não,Google Maps exibe Adicionar website; verificado em 13/08/2026.,mercado
Mercado Madalena,Mercado,47999842820,Joinville,https://www.google.com/maps/place/Mercado+Madalena/data=!4m7!3m6!1s0x94deaf1764aed197:0xaffbd5feca33a24e!8m2!3d-26.2856945!4d-48.8699931!16s%2Fg%2F11sms04vf7!19sChIJl9GuZBev3pQRTqIzyv7V-68,Não,,,Pendente,,,,Não,Google Maps exibe Adicionar website; verificado em 13/08/2026.,mercado
Hortiville | Verdureira Costa e Silva,Mercado,4734630218,Joinville,https://www.google.com/maps/place/Hortiville+%7C+Verdureira+Costa+e+Silva/data=!4m7!3m6!1s0x94deafaad8166cdd:0x9ae94d9a617f7162!8m2!3d-26.2789861!4d-48.8659231!16s%2Fg%2F11yxmdmmml!19sChIJ3WwW2Kqv3pQRYnF_YZpN6Zo,Não,,,Pendente,,,,Não,Google Maps exibe Adicionar website; verificado em 13/08/2026.,mercado
Palácio select,Mercado,47992201210,Joinville,https://www.google.com/maps/place/Pal%C3%A1cio+select/data=!4m7!3m6!1s0x94deaf289396d8d9:0x9474a264c103a505!8m2!3d-26.2709214!4d-48.8723934!16s%2Fg%2F11l2fsrqsm!19sChIJ2diWkyiv3pQRBaUDwWSidJQ,Não,,,Pendente,,,,Não,Google Maps exibe Adicionar website; verificado em 13/08/2026.,mercado
Lanchonete e Mercearia Medeiros,Mercado,47999420438,Joinville,https://www.google.com/maps/place/Lanchonete+e+Mercearia+Medeiros/data=!4m7!3m6!1s0x94deaf8c2cfedff1:0x1fee5e83f982a0fe!8m2!3d-26.2663133!4d-48.8726359!16s%2Fg%2F11bv6p9drv!19sChIJ8d_-LIyv3pQR_qCC-YNe7h8,Não,,,Pendente,,,,Não,Google Maps exibe Adicionar website; verificado em 13/08/2026.,mercado
Mercado Bia,Mercado,47991301453,Joinville,https://www.google.com/maps/place/Mercado+Bia/data=!4m7!3m6!1s0x94deaf0845a5562f:0xab9a6379261ad9b4!8m2!3d-26.2672582!4d-48.8682248!16s%2Fg%2F11v0s46vrh!19sChIJL1alRQiv3pQRtNkaJnljmqs,Não,,,Pendente,,,,Não,Google Maps exibe Adicionar website; verificado em 13/08/2026.,mercado
Supermercado Silva,Mercado,4734266440,Joinville,https://www.google.com/maps/place/Supermercado+Silva/data=!4m7!3m6!1s0x94deb16a8f421b11:0xe6ad09cfbb1e9186!8m2!3d-26.3290712!4d-48.8176442!16s%2Fg%2F1w113b49!19sChIJERtCj2qx3pQRhpEeu88JreY,Não,,,Pendente,,,,Não,Google Maps exibe Adicionar website; verificado em 13/08/2026.,mercado
MERCADO SILVA,Mercado,4734339793,Joinville,https://www.google.com/maps/place/MERCADO+SILVA/data=!4m7!3m6!1s0x94dea4dff8d284ed:0x2ee219367559157c!8m2!3d-26.2875414!4d-48.9203949!16s%2Fg%2F1ptxb00gf!19sChIJ7YTS-N-k3pQRfBVZdTYZ4i4,Não,,,Pendente,,,,Não,Google Maps exibe Adicionar website; verificado em 13/08/2026.,mercado
Nosso Mercadinho,Mercado,47991454349,Joinville,https://www.google.com/maps/place/Nosso+Mercadinho/data=!4m7!3m6!1s0x94dea58b4c2dc01f:0xb85562c530b3f41c!8m2!3d-26.2757005!4d-48.880456!16s%2Fg%2F11y6nsz1wz!19sChIJH8AtTIul3pQRHPSzMMViVbg,Não,,,Pendente,,,,Não,Google Maps exibe Adicionar website; verificado em 13/08/2026.,mercado
Panificadora e Mercearia Dona Erna,Mercado,4734738972,Joinville,https://www.google.com/maps/place/Panificadora+e+Mercearia+Dona+Erna/data=!4m7!3m6!1s0x94deaff539ea0e3f:0xa8205bace95e96e1!8m2!3d-26.273096!4d-48.878671!16s%2Fg%2F1td4fp_b!19sChIJPw7qOfWv3pQR4ZZe6axbIKg,Não,,,Pendente,,,,Não,Google Maps exibe Adicionar website; verificado em 13/08/2026.,mercado
Mercado Triunfo,Mercado,47991929353,Joinville,https://www.google.com/maps/place/Mercado+Triunfo/data=!4m7!3m6!1s0x94dea5cd3fb29b3b:0x55ed6ea33e31ad7!8m2!3d-26.2781873!4d-48.9001954!16s%2Fg%2F11fcr3w1df!19sChIJO5uyP82l3pQR1xrjM-rWXgU,Não,,,Pendente,,,,Não,Google Maps exibe Adicionar website; verificado em 13/08/2026.,mercado
Mercado Ideal,Mercado,47997030360,Joinville,https://www.google.com/maps/place/Mercado+Ideal/data=!4m7!3m6!1s0x94dea5251319ef3d:0xce29622614bd8b93!8m2!3d-26.2928655!4d-48.9096251!16s%2Fg%2F11c3nzyp1t!19sChIJPe8ZEyWl3pQRk4u9FCZiKc4,Não,,,Pendente,,,,Não,Google Maps exibe Adicionar website; verificado em 13/08/2026.,mercado
Mercado Vêber,Mercado,4734340227,Joinville,https://www.google.com/maps/place/Mercado+V%C3%AAber/data=!4m7!3m6!1s0x94dea59a4b379bbb:0x34ca6a18fbc774f2!8m2!3d-26.2800636!4d-48.9069912!16s%2Fg%2F11g_qqd4zh!19sChIJu5s3S5ql3pQR8nTH-xhqyjQ,Não,,,Pendente,,,,Não,Google Maps exibe Adicionar website; verificado em 13/08/2026.,mercado
Mercado,Mercado,47988397973,Joinville,https://www.google.com/maps/place/Mercado/data=!4m7!3m6!1s0x94deb099684a9e99:0xf651ac69180cadd!8m2!3d-26.3447842!4d-48.87362!16s%2Fg%2F11g9gtv10b!19sChIJmZ5KaJmw3pQR3cqAkcYaZQ8,Não,,,Pendente,,,,Não,Google Maps exibe Adicionar website; verificado em 13/08/2026.,mercado
Mini Mercado e conveniência JC,Mercado,47992812292,Joinville,https://www.google.com/maps/place/Mini+Mercado+e+conveni%C3%AAncia+JC/data=!4m7!3m6!1s0x94dea525c7bfc417:0xe5c05999042e387!8m2!3d-26.2800353!4d-48.9069622!16s%2Fg%2F11z7k7dd2j!19sChIJF8S_xyWl3pQRh-NCkJkFXA4,Não,,,Pendente,,,,Não,Google Maps exibe Adicionar website; verificado em 13/08/2026.,mercado
Suthao armazém e espetaria,Mercado,47984325927,Joinville,https://www.google.com/maps/place/Suthao+armaz%C3%A9m+e+espetaria/data=!4m7!3m6!1s0x94dea5132542ad8d:0xa55f30b348b7a0c3!8m2!3d-26.2924744!4d-48.9022433!16s%2Fg%2F11ms01vdq4!19sChIJja1CJROl3pQRw6C3SLMwX6U,Não,,,Pendente,,,,Não,Google Maps exibe Adicionar website; verificado em 13/08/2026.,mercado
TS Conveniência,Mercado,47999105767,Joinville,https://www.google.com/maps/place/TS+Conveni%C3%AAncia/data=!4m7!3m6!1s0x94dea53ce8e02d93:0x713bacc5a6d409aa!8m2!3d-26.2918745!4d-48.9071259!16s%2Fg%2F11j1jrdfv2!19sChIJky3g6Dyl3pQRqgnUpsWsO3E,Não,,,Pendente,,,,Não,Google Maps exibe Adicionar website; verificado em 13/08/2026.,mercado
Mercearia do Toddy,Mercado,47992053195,Joinville,https://www.google.com/maps/place/Mercearia+do+Toddy/data=!4m7!3m6!1s0x94dea592eb0c6939:0x451dba433110c0e2!8m2!3d-26.2801388!4d-48.9069825!16s%2Fg%2F11tn7ydv6f!19sChIJOWkM65Kl3pQR4sAQMUO6HUU,Não,,,Pendente,,,,Não,Google Maps exibe Adicionar website; verificado em 13/08/2026.,mercado
Produtos Naturais Grão de Mostarda Vila Nova - Armazém Natural,Mercado,47991682800,Joinville,https://www.google.com/maps/place/Produtos+Naturais+Gr%C3%A3o+de+Mostarda+Vila+Nova+-+Armaz%C3%A9m+Natural/data=!4m7!3m6!1s0x94dea538f1e25309:0xdcb4406769a9f8f5!8m2!3d-26.2874902!4d-48.9017309!16s%2Fg%2F11bv6pz_0f!19sChIJCVPi8Til3pQR9fipaWdAtNw,Não,,,Pendente,,,,Não,Google Maps exibe Adicionar website; verificado em 13/08/2026.,mercado
Empório Madri,Mercado,4730315090,Joinville,https://www.google.com/maps/place/Emp%C3%B3rio+Madri/data=!4m7!3m6!1s0x94dea514cfa0767d:0xaa05090aedede046!8m2!3d-26.2761352!4d-48.9013381!16s%2Fg%2F11c55cw7b1!19sChIJfXagzxSl3pQRRuDt7QoJBao,Não,,,Pendente,,,,Não,Google Maps exibe Adicionar website; verificado em 13/08/2026.,mercado
Blinda Presentes e Beleza,Loja,47984114880,Joinville,https://www.google.com/maps/place/Blinda+Presentes+e+Beleza/data=!4m7!3m6!1s0x94deb72ec5b06d21:0x90527ef8d1e2727c!8m2!3d-26.3607115!4d-48.8311406!16s%2Fg%2F11xkw04lz_!19sChIJIW2wxS633pQRfHLi0fh-UpA,Não,,,Pendente,,,,Não,Google Maps exibe Adicionar website; verificado em 13/08/2026.,loja
Casa de Embalagens - PH Embalagens e Festas,Loja,4734650006,Joinville,https://www.google.com/maps/place/Casa+de+Embalagens+-+PH+Embalagens+e+Festas/data=!4m7!3m6!1s0x94deb6d113f701e7:0x4d1df580333cc14d!8m2!3d-26.3606908!4d-48.8312144!16s%2Fg%2F1td5mw2j!19sChIJ5wH3E9G23pQRTcE8M4D1HU0,Não,,,Pendente,,,,Não,Google Maps exibe Adicionar website; verificado em 13/08/2026.,loja
Frutaria Monte das Oliveiras,Loja,47997525190,Joinville,https://www.google.com/maps/place/Frutaria+Monte+das+Oliveiras/data=!4m7!3m6!1s0x94deb6cfd4418b27:0x543b59912feec130!8m2!3d-26.3604717!4d-48.8294281!16s%2Fg%2F11bv6pwn0q!19sChIJJ4tB1M-23pQRMMHuL5FZO1Q,Não,,,Pendente,,,,Não,Google Maps exibe Adicionar website; verificado em 13/08/2026.,loja
PH PRODUTOS NATURAIS,Loja,4734666161,Joinville,https://www.google.com/maps/place/PH+PRODUTOS+NATURAIS/data=!4m7!3m6!1s0x94deb6cfc3ecf731:0x97f504ac6fbb2d49!8m2!3d-26.360563!4d-48.8287288!16s%2Fg%2F11fyzf0dcm!19sChIJMffsw8-23pQRSS27b6wE9Zc,Não,,,Pendente,,,,Não,Google Maps exibe Adicionar website; verificado em 13/08/2026.,loja
Janete Variedades ME,Loja,4734650043,Joinville,https://www.google.com/maps/place/Janete+Variedades+ME/data=!4m7!3m6!1s0x94deb6c39edf233b:0xfd491bd0cb632858!8m2!3d-26.3678705!4d-48.8260244!16s%2Fg%2F1tj1t78d!19sChIJOyPfnsO23pQRWChjy9AbSf0,Não,,,Pendente,,,,Não,Google Maps exibe Adicionar website; verificado em 13/08/2026.,loja
Loja de variedades,Loja,4734361878,Joinville,https://www.google.com/maps/place/Loja+de+variedades/data=!4m7!3m6!1s0x94deb16af209b479:0xf4576da308edac7a!8m2!3d-26.327887!4d-48.8176473!16s%2Fg%2F11bv5s9y7l!19sChIJebQJ8mqx3pQReqztCKNtV_Q,Não,,,Pendente,,,,Não,Google Maps exibe Adicionar website; verificado em 13/08/2026.,loja
Amor d& Casa,Loja,47984618642,Joinville,https://www.google.com/maps/place/Amor+d%26+Casa/data=!4m7!3m6!1s0x94deb7cb66a2697b:0x6e79400fd3dc2300!8m2!3d-26.368995!4d-48.8269743!16s%2Fg%2F11j2xn7k5l!19sChIJe2miZsu33pQRACPc0w9AeW4,Não,,,Pendente,,,,Não,Google Maps exibe Adicionar website; verificado em 13/08/2026.,loja
Kajolly Variedades,Loja,4734651055,Joinville,https://www.google.com/maps/place/Kajolly+Variedades/data=!4m7!3m6!1s0x94deb6c20fa872c5:0x5345eaecedc41c43!8m2!3d-26.370556!4d-48.8253165!16s%2Fg%2F11b8t7j7mf!19sChIJxXKoD8K23pQRQxzE7ezqRVM,Não,,,Pendente,,,,Não,Google Maps exibe Adicionar website; verificado em 13/08/2026.,loja
"Cristian,Utilidades Domésticas.",Loja,47997744397,Joinville,"https://www.google.com/maps/place/Cristian,Utilidades+Dom%C3%A9sticas./data=!4m7!3m6!1s0x94deb74dc37ebf23:0x89a75fbf4c961d01!8m2!3d-26.3592964!4d-48.8358301!16s%2Fg%2F11tc_c58kw!19sChIJI79-w0233pQRAR2WTL9fp4k",Não,,,Pendente,,,,Não,Google Maps exibe Adicionar website; verificado em 13/08/2026.,loja
"Donatudo Embalagens, Doces e Festas",Loja,4732787155,Joinville,"https://www.google.com/maps/place/Donatudo+Embalagens,+Doces+e+Festas/data=!4m7!3m6!1s0x94deb6c3aaf78613:0x9d3106bae452776a!8m2!3d-26.3678634!4d-48.8291022!16s%2Fg%2F11bvcv94mj!19sChIJE4b3qsO23pQRandS5LoGMZ0",Não,,,Pendente,,,,Não,Google Maps exibe Adicionar website; verificado em 13/08/2026.,loja
Mega Bazar Papelaria Utilidades Brinquedos,Loja,4730171334,Joinville,https://www.google.com/maps/place/Mega+Bazar+Papelaria+Utilidades+Brinquedos/data=!4m7!3m6!1s0x94deb6bc93d7d8b3:0x8aab979528a23b26!8m2!3d-26.3621211!4d-48.8112662!16s%2Fg%2F11h93fkd0d!19sChIJs9jXk7y23pQRJjuiKJWXq4o,Não,,,Pendente,,,,Não,Google Maps exibe Adicionar website; verificado em 13/08/2026.,loja
Lojão Astral Atacarejo Bairro Floresta,Loja,47997190719,Joinville,https://www.google.com/maps/place/Loj%C3%A3o+Astral+Atacarejo+Bairro+Floresta/data=!4m7!3m6!1s0x94deb0e656bd9209:0x5fe82b38828f60d2!8m2!3d-26.3415448!4d-48.847573!16s%2Fg%2F1ptzfq512!19sChIJCZK9Vuaw3pQR0mCPgjgr6F8,Não,,,Pendente,,,,Não,Google Maps exibe Adicionar website; verificado em 13/08/2026.,loja
RR Brinquedos & Utilidades,Loja,47992690686,Joinville,https://www.google.com/maps/place/RR+Brinquedos+%26+Utilidades/data=!4m7!3m6!1s0x94dc04ed3b390d83:0xeb618516c8a06e9c!8m2!3d-26.3380876!4d-48.8191988!16s%2Fg%2F11g8vlz03f!19sChIJgw05O-0E3JQRnG6gyBaFYes,Não,,,Pendente,,,,Não,Google Maps exibe Adicionar website; verificado em 13/08/2026.,loja
Olive presentes afetivos,Loja,47984597618,Joinville,https://www.google.com/maps/place/Olive+presentes+afetivos/data=!4m7!3m6!1s0x94deb122fe1967a1:0x703eaafd85cd963!8m2!3d-26.3042881!4d-48.8419909!16s%2Fg%2F11y90m4drb!19sChIJoWcZ_iKx3pQRY9lc2K_qAwc,Não,,,Pendente,,,,Não,Google Maps exibe Adicionar website; verificado em 13/08/2026.,loja
Ana Bijuterias e Presentes,Loja,4732782526,Joinville,https://www.google.com/maps/place/Ana+Bijuterias+e+Presentes/data=!4m7!3m6!1s0x94deb049f32b9393:0x3c94f17fb2063623!8m2!3d-26.3013236!4d-48.8451246!16s%2Fg%2F11bv1ng61k!19sChIJk5Mr80mw3pQRIzYGsn_xlDw,Não,,,Pendente,,,,Não,Google Maps exibe Adicionar website; verificado em 13/08/2026.,loja
Revestire Casa e Presentes,Loja,4730254711,Joinville,https://www.google.com/maps/place/Revestire+Casa+e+Presentes/data=!4m7!3m6!1s0x94deb03737716347:0xdab11d3cdaa06da7!8m2!3d-26.2966864!4d-48.8482925!16s%2Fg%2F1pwfbq2h5!19sChIJR2NxNzew3pQRp22g2jwdsdo,Não,,,Pendente,,,,Não,Google Maps exibe Adicionar website; verificado em 13/08/2026.,loja
DAXINA CENTER,Loja,4730333214,Joinville,https://www.google.com/maps/place/DAXINA+CENTER/data=!4m7!3m6!1s0x94deb1fa4ff230d1:0x9bf6734beedecf70!8m2!3d-26.3008589!4d-48.846795!16s%2Fg%2F11q24ld8ff!19sChIJ0TDyT_qx3pQRcM_e7ktz9ps,Não,,,Pendente,,,,Não,Google Maps exibe Adicionar website; verificado em 13/08/2026.,loja
DL Sc Store,Loja,47991333749,Joinville,https://www.google.com/maps/place/DL+Sc+Store/data=!4m7!3m6!1s0x94deb18202ee936d:0x6bc02aa0c981c92f!8m2!3d-26.3056378!4d-48.8432603!16s%2Fg%2F11s58xlnfj!19sChIJbZPuAoKx3pQRL8mByaAqwGs,Não,,,Pendente,,,,Não,Google Maps exibe Adicionar website; verificado em 13/08/2026.,loja
Casa Günther,Loja,4730288626,Joinville,https://www.google.com/maps/place/Casa+G%C3%BCnther/data=!4m7!3m6!1s0x94deb037b6d6134f:0x3ba541f57ef0ce4e!8m2!3d-26.301411!4d-48.8463102!16s%2Fg%2F1ptzbtq1y!19sChIJTxPWtjew3pQRTs7wfvVBpTs,Não,,,Pendente,,,,Não,Google Maps exibe Adicionar website; verificado em 13/08/2026.,loja
Comercial Belém,Loja,47997728335,Joinville,https://www.google.com/maps/place/Comercial+Bel%C3%A9m/data=!4m7!3m6!1s0x94deb0497a30f70f:0x40bb15bb8fa1a61!8m2!3d-26.3030452!4d-48.8453183!16s%2Fg%2F11b824_3yy!19sChIJD_cwekmw3pQRYRr6uFuxCwQ,Não,,,Pendente,,,,Não,Google Maps exibe Adicionar website; verificado em 13/08/2026.,loja
Chocante,Loja,4734338093,Joinville,https://www.google.com/maps/place/Chocante/data=!4m7!3m6!1s0x94deb03821eea165:0xfb37d4f75f31f89!8m2!3d-26.302702!4d-48.84495!16s%2Fg%2F1tdwr7kg!19sChIJZaHuITiw3pQRiR_zdU99sw8,Não,,,Pendente,,,,Não,Google Maps exibe Adicionar website; verificado em 13/08/2026.,loja
Tudo em Make Joinville,Loja,47997095577,Joinville,https://www.google.com/maps/place/Tudo+em+Make+Joinville/data=!4m7!3m6!1s0x94deb049ed4ce781:0x9d6212dab2007b95!8m2!3d-26.3023307!4d-48.8453105!16s%2Fg%2F11vcvt_1n7!19sChIJgedM7Umw3pQRlXsAstoSYp0,Não,,,Pendente,,,,Não,Google Maps exibe Adicionar website; verificado em 13/08/2026.,loja
C e A Utilidades,Loja,47999450263,Joinville,https://www.google.com/maps/place/C+e+A+Utilidades/data=!4m7!3m6!1s0x94deb1f10d029305:0xa98aabfd15a68e0b!8m2!3d-26.2808235!4d-48.8065333!16s%2Fg%2F11bvt25ph9!19sChIJBZMCDfGx3pQRC46mFf2riqk,Não,,,Pendente,,,,Não,Google Maps exibe Adicionar website; verificado em 13/08/2026.,loja
Donna Geek,Loja,47991444258,Joinville,https://www.google.com/maps/place/Donna+Geek/data=!4m7!3m6!1s0x94deb1d0671f9c49:0xde210d91ba39fcf!8m2!3d-26.299541!4d-48.8500141!16s%2Fg%2F11h037sgwd!19sChIJSZwfZ9Cx3pQRz5-jG9kQ4g0,Não,,,Pendente,,,,Não,Google Maps exibe Adicionar website; verificado em 13/08/2026.,loja
Isa Presentes,Loja,4734675724,Joinville,https://www.google.com/maps/place/Isa+Presentes/data=!4m7!3m6!1s0x94deaf49ae446d31:0xb1c1e0432b6550b1!8m2!3d-26.2539486!4d-48.819608!16s%2Fg%2F11q7f9hvbr!19sChIJMW1Erkmv3pQRsVBlK0PgwbE,Não,,,Pendente,,,,Não,Google Maps exibe Adicionar website; verificado em 13/08/2026.,loja
Donna Geek,Loja,47991504258,Joinville,https://www.google.com/maps/place/Donna+Geek/data=!4m7!3m6!1s0x94deaf3ceff96a01:0x49601e21c55a7466!8m2!3d-26.3113902!4d-48.8547546!16s%2Fg%2F11rd3521sz!19sChIJAWr57zyv3pQRZnRaxSEeYEk,Não,,,Pendente,,,,Não,Google Maps exibe Adicionar website; verificado em 13/08/2026.,loja
Caed Store Tabacaria e Presentes,Loja,4730277768,Joinville,https://www.google.com/maps/place/Caed+Store+Tabacaria+e+Presentes/data=!4m7!3m6!1s0x94deb030fe80113f:0xb5d4c6644fe9dd4e!8m2!3d-26.2937542!4d-48.8477288!16s%2Fg%2F11bv1nn5xb!19sChIJPxGA_jCw3pQRTt3pT2TG1LU,Não,,,Pendente,,,,Não,Google Maps exibe Adicionar website; verificado em 13/08/2026.,loja
Unistus Store,Loja,47997714842,Joinville,https://www.google.com/maps/place/Unistus+Store/data=!4m7!3m6!1s0x94deb1806cc65703:0x917d84b4c75bc927!8m2!3d-26.2814782!4d-48.8404261!16s%2Fg%2F11tg75dsqt!19sChIJA1fGbICx3pQRJ8lbx7SEfZE,Não,,,Pendente,,,,Não,Google Maps exibe Adicionar website; verificado em 13/08/2026.,loja
Imperat Impor e Com de Utilidades Domésticas,Loja,4730438001,Joinville,https://www.google.com/maps/place/Imperat+Impor+e+Com+de+Utilidades+Dom%C3%A9sticas/data=!4m7!3m6!1s0x94deb02578815b8b:0x371a3e4ff0f0abc1!8m2!3d-26.289852!4d-48.8503213!16s%2Fg%2F1ptw13fmj!19sChIJi1uBeCWw3pQRwavw8E8-Gjc,Não,,,Pendente,,,,Não,Google Maps exibe Adicionar website; verificado em 13/08/2026.,loja
Encantos Presentes,Loja,47999438574,Joinville,https://www.google.com/maps/place/Encantos+Presentes/data=!4m7!3m6!1s0x94deae26572a0901:0xfafb591479f0b8a5!8m2!3d-26.2799016!4d-48.8171315!16s%2Fg%2F1tdbm4dn!19sChIJAQkqVyau3pQRpbjweRRZ-_o,Não,,,Pendente,,,,Não,Google Maps exibe Adicionar website; verificado em 13/08/2026.,loja
Floricultura Emoções,Loja,4734335452,Joinville,https://www.google.com/maps/place/Floricultura+Emo%C3%A7%C3%B5es/data=!4m7!3m6!1s0x94deb042c03d384d:0xe4dabaf32f5dba85!8m2!3d-26.3135279!4d-48.8596789!16s%2Fg%2F1vl5hyg7!19sChIJTTg9wEKw3pQRhbpdL_O62uQ,Não,,,Pendente,,,,Não,Google Maps exibe Adicionar website; verificado em 13/08/2026.,loja
Loja de Presente Personalizado - Lojinha Bem Bolada - Morro do Meio,Loja,47996930727,Joinville,https://www.google.com/maps/place/Loja+de+Presente+Personalizado+-+Lojinha+Bem+Bolada+-+Morro+do+Meio/data=!4m7!3m6!1s0x94debbe45c1116bf:0x8540b4e8c9abd727!8m2!3d-26.3278547!4d-48.9074622!16s%2Fg%2F11vm3znwg7!19sChIJvxYRXOS73pQRJ9eryei0QIU,Não,,,Pendente,,,,Não,Google Maps exibe Adicionar website; verificado em 13/08/2026.,loja
Coisas de Bazar,Loja,4730257606,Joinville,https://www.google.com/maps/place/Coisas+de+Bazar/data=!4m7!3m6!1s0x94deb0467141e6b5:0x4e656278dd0d5f56!8m2!3d-26.3136443!4d-48.8519254!16s%2Fg%2F1wc32d6v!19sChIJteZBcUaw3pQRVl8N3XhiZU4,Não,,,Pendente,,,,Não,Google Maps exibe Adicionar website; verificado em 13/08/2026.,loja
Baby Chubby,Loja,47997115506,Joinville,https://www.google.com/maps/place/Baby+Chubby/data=!4m7!3m6!1s0x94deb03d6e7f4c43:0x92f64ed136344fdc!8m2!3d-26.3134511!4d-48.8515474!16s%2Fg%2F11gd1_5tkr!19sChIJQ0x_bj2w3pQR3E80NtFO9pI,Não,,,Pendente,,,,Não,Google Maps exibe Adicionar website; verificado em 13/08/2026.,loja
Atacado Alfa 114,Loja,4738041099,Joinville,https://www.google.com/maps/place/Atacado+Alfa+114/data=!4m7!3m6!1s0x94deb0f929760c8f:0x5fd2bd7d418ab853!8m2!3d-26.3211648!4d-48.8452919!16s%2Fg%2F1yfjc6k85!19sChIJjwx2Kfmw3pQRU7iKQX290l8,Não,,,Pendente,,,,Não,Google Maps exibe Adicionar website; verificado em 13/08/2026.,loja
YEN STORE Produtos Orientais,Loja,47991078538,Joinville,https://www.google.com/maps/place/YEN+STORE+Produtos+Orientais/data=!4m7!3m6!1s0x94deb051362f740f:0xb08d0553da12e99c!8m2!3d-26.3145415!4d-48.8460564!16s%2Fg%2F11c611ndw6!19sChIJD3QvNlGw3pQRnOkS2lMFjbA,Não,,,Pendente,,,,Não,Google Maps exibe Adicionar website; verificado em 13/08/2026.,loja
Moobil,Loja,47999795139,Joinville,https://www.google.com/maps/place/Moobil/data=!4m7!3m6!1s0x94deb044ea821abd:0x19f9bd27a0d571b0!8m2!3d-26.311535!4d-48.8533351!16s%2Fg%2F11bv1pt_h2!19sChIJvRqC6kSw3pQRsHHVoCe9-Rk,Não,,,Pendente,,,,Não,Google Maps exibe Adicionar website; verificado em 13/08/2026.,loja
Centro Geriátrico Doce Lar,Loja,47991349178,Joinville,https://www.google.com/maps/place/Centro+Geri%C3%A1trico+Doce+Lar/data=!4m7!3m6!1s0x94deb110b6d963e1:0x186c88166d0fe035!8m2!3d-26.3133654!4d-48.8503829!16s%2Fg%2F11j0_cn5_n!19sChIJ4WPZthCx3pQRNeAPbRaIbBg,Não,,,Pendente,,,,Não,Google Maps exibe Adicionar website; verificado em 13/08/2026.,loja
Anita Ferro velho e Auto Parts,Loja,4734382243,Joinville,https://www.google.com/maps/place/Anita+Ferro+velho+e+Auto+Parts/data=!4m7!3m6!1s0x94deb06039b3c2cd:0x1ef0135cc8650c95!8m2!3d-26.324208!4d-48.8616486!16s%2Fg%2F11ggr9f7zm!19sChIJzcKzOWCw3pQRlQxlyFwT8B4,Não,,,Pendente,,,,Não,Google Maps exibe Adicionar website; verificado em 13/08/2026.,loja
Loja 7 Curva do nereu Iririu,Loja,47989051512,Joinville,https://www.google.com/maps/place/Loja+7+Curva+do+nereu+Iririu/data=!4m7!3m6!1s0x94deb111b7d3f40f:0x8075598c5e539920!8m2!3d-26.271189!4d-48.8120009!16s%2Fg%2F11td3twwh1!19sChIJD_TTtxGx3pQRIJlTXoxZdYA,Não,,,Pendente,,,,Não,Google Maps exibe Adicionar website; verificado em 13/08/2026.,loja
UniVariety,Loja,47997059673,Joinville,https://www.google.com/maps/place/UniVariety/data=!4m7!3m6!1s0x94deb17ba4328581:0x348adc82b6916d4!8m2!3d-26.2808205!4d-48.8431307!16s%2Fg%2F11w1qzf91n!19sChIJgYUypHux3pQR1BZpK8itSAM,Não,,,Pendente,,,,Não,Google Maps exibe Adicionar website; verificado em 13/08/2026.,loja
Ponto Mil Variedades,Loja,47934353432,Joinville,https://www.google.com/maps/place/Ponto+Mil+Variedades/data=!4m7!3m6!1s0x94deae6dc6e50ef9:0xcb8e1bb4e8ddbc84!8m2!3d-26.2452524!4d-48.8111845!16s%2Fg%2F11gffcbkq5!19sChIJ-Q7lxm2u3pQRhLzd6LQbjss,Não,,,Pendente,,,,Não,Google Maps exibe Adicionar website; verificado em 13/08/2026.,loja
Fofura Quero Tudo,Loja,47991878154,Joinville,https://www.google.com/maps/place/Fofura+Quero+Tudo/data=!4m7!3m6!1s0x94deb3ad4cf6fc7f:0x5ff2409c1695367d!8m2!3d-26.2833993!4d-48.7974072!16s%2Fg%2F11gznvb80x!19sChIJf_z2TK2z3pQRfTaVFpxA8l8,Não,,,Pendente,,,,Não,Google Maps exibe Adicionar website; verificado em 13/08/2026.,loja
Dida Papelaria e Presentes,Loja,4734735717,Joinville,https://www.google.com/maps/place/Dida+Papelaria+e+Presentes/data=!4m7!3m6!1s0x94deaff5a50a7759:0xdd407a6ffc2948c9!8m2!3d-26.2744382!4d-48.8783608!16s%2Fg%2F1vqmkj7w!19sChIJWXcKpfWv3pQRyUgp_G96QN0,Não,,,Pendente,,,,Não,Google Maps exibe Adicionar website; verificado em 13/08/2026.,loja
Estação dos Presentes,Loja,4732780410,Joinville,https://www.google.com/maps/place/Esta%C3%A7%C3%A3o+dos+Presentes/data=!4m7!3m6!1s0x94deaff4ea57cb8d:0x7be3a0a1b71fcdd4!8m2!3d-26.2733694!4d-48.8765691!16s%2Fg%2F11c3n2_3xm!19sChIJjctX6vSv3pQR1M0ft6Gg43s,Não,,,Pendente,,,,Não,Google Maps exibe Adicionar website; verificado em 13/08/2026.,loja
Visa Papelaria,Loja,4734350443,Joinville,https://www.google.com/maps/place/Visa+Papelaria/data=!4m7!3m6!1s0x94deaff2f9a890e5:0xe950665bba1b0b3e!8m2!3d-26.2728092!4d-48.8719578!16s%2Fg%2F1ptwbx7n4!19sChIJ5ZCo-fKv3pQRPgsbultmUOk,Não,,,Pendente,,,,Não,Google Maps exibe Adicionar website; verificado em 13/08/2026.,loja
Fidelizzare Presentes Personalizados,Loja,47989236928,Joinville,https://www.google.com/maps/place/Fidelizzare+Presentes+Personalizados/data=!4m7!3m6!1s0x94deaf3e28c568a3:0xca3a1d8e4b644142!8m2!3d-26.2672801!4d-48.8742879!16s%2Fg%2F11nr2nmf4h!19sChIJo2jFKD6v3pQRQkFkS44dOso,Não,,,Pendente,,,,Não,Google Maps exibe Adicionar website; verificado em 13/08/2026.,loja
Santo Anjo Embalagens,Loja,4733002305,Joinville,https://www.google.com/maps/place/Santo+Anjo+Embalagens/data=!4m7!3m6!1s0x94deaff3a363fe0b:0x689ea4f15cc4231b!8m2!3d-26.2739274!4d-48.8734256!16s%2Fg%2F11bv3tvp0t!19sChIJC_5jo_Ov3pQRGyPEXPGknmg,Não,,,Pendente,,,,Não,Google Maps exibe Adicionar website; verificado em 13/08/2026.,loja
Lilly´s Briglia - Boutique de Presentes,Loja,47991799635,Joinville,https://www.google.com/maps/place/Lilly%C2%B4s+Briglia+-+Boutique+de+Presentes/data=!4m7!3m6!1s0x94deaf8356bdca1b:0x9f4566d8a88fd9cd!8m2!3d-26.2688011!4d-48.8711137!16s%2Fg%2F11yzm4zptd!19sChIJG8q9VoOv3pQRzdmPqNhmRZ8,Não,,,Pendente,,,,Não,Google Maps exibe Adicionar website; verificado em 13/08/2026.,loja
BELLA10 PREÇO UNICO,Loja,47996345384,Joinville,https://www.google.com/maps/place/BELLA10+PRE%C3%87O+UNICO/data=!4m7!3m6!1s0x94deafe77ebc312b:0xa423725f91b36430!8m2!3d-26.2739988!4d-48.8732042!16s%2Fg%2F11nj2h508k!19sChIJKzG8fuev3pQRMGSzkV9yI6Q,Não,,,Pendente,,,,Não,Google Maps exibe Adicionar website; verificado em 13/08/2026.,loja
Aimy Arts - Loja Virtual,Loja,47996554201,Joinville,https://www.google.com/maps/place/Aimy+Arts+-+Loja+Virtual/data=!4m7!3m6!1s0x94dea563b2cfffff:0x2dea20b741aa8ef0!8m2!3d-26.267573!4d-48.8825535!16s%2Fg%2F11q8y841jp!19sChIJ___PsmOl3pQR8I6qQbcg6i0,Não,,,Pendente,,,,Não,Google Maps exibe Adicionar website; verificado em 13/08/2026.,loja
UGC UTILIDADES,Loja,47991081055,Joinville,https://www.google.com/maps/place/UGC+UTILIDADES/data=!4m7!3m6!1s0x94deafb121c6531d:0x685cd478c5503a04!8m2!3d-26.2709042!4d-48.8723881!16s%2Fg%2F11wfqrpyw2!19sChIJHVPGIbGv3pQRBDpQxXjUXGg,Não,,,Pendente,,,,Não,Google Maps exibe Adicionar website; verificado em 13/08/2026.,loja
Bazar em casa,Loja,47999415398,Joinville,https://www.google.com/maps/place/Bazar+em+casa/data=!4m7!3m6!1s0x94deaf937b015627:0xe6ffeb673f9a9bbe!8m2!3d-26.2801744!4d-48.8758002!16s%2Fg%2F11nqsbvpbx!19sChIJJ1YBe5Ov3pQRvpuaP2fr_-Y,Não,,,Pendente,,,,Não,Google Maps exibe Adicionar website; verificado em 13/08/2026.,loja
Joinville Achadinhos,Loja,47996063712,Joinville,https://www.google.com/maps/place/Joinville+Achadinhos/data=!4m7!3m6!1s0x94deaf52b8d76fb1:0x4200c52e5bf2fafa!8m2!3d-26.2753349!4d-48.8663235!16s%2Fg%2F11wvfkrs95!19sChIJsW_XuFKv3pQR-vryWy7FAEI,Não,,,Pendente,,,,Não,Google Maps exibe Adicionar website; verificado em 13/08/2026.,loja
Mahall Importados | Tecnologia e Variedades,Loja,47991839146,Joinville,https://www.google.com/maps/place/Mahall+Importados+%7C+Tecnologia+e+Variedades/data=!4m7!3m6!1s0x94deaf5200fc61bf:0xee1f7eb602272b65!8m2!3d-26.2667737!4d-48.8400731!16s%2Fg%2F11zjyjd344!19sChIJv2H8AFKv3pQRZSsnArZ-H-4,Não,,,Pendente,,,,Não,Google Maps exibe Adicionar website; verificado em 13/08/2026.,loja
Ecoville,Loja,47996776486,Joinville,https://www.google.com/maps/place/Ecoville/data=!4m7!3m6!1s0x94deaff23f50efe9:0xc42d98d9821bdc05!8m2!3d-26.2739926!4d-48.8714457!16s%2Fg%2F11bv3vpk6s!19sChIJ6e9QP_Kv3pQRBdwbgtmYLcQ,Não,,,Pendente,,,,Não,Google Maps exibe Adicionar website; verificado em 13/08/2026.,loja
Élis Brechó e Outlet,Loja,47991289582,Joinville,https://www.google.com/maps/place/%C3%89lis+Brech%C3%B3+e+Outlet/data=!4m7!3m6!1s0x94deafaada1d06b9:0x4804ab739ad76674!8m2!3d-26.2728666!4d-48.8726188!16s%2Fg%2F11gsn42k_6!19sChIJuQYd2qqv3pQRdGbXmnOrBEg,Não,,,Pendente,,,,Não,Google Maps exibe Adicionar website; verificado em 13/08/2026.,loja
Cantinho Dos Presentes E Mimos,Loja,47984831101,Joinville,https://www.google.com/maps/place/Cantinho+Dos+Presentes+E+Mimos/data=!4m7!3m6!1s0x94dea53c0d595555:0x81d27459c5505a8d!8m2!3d-26.2866545!4d-48.9063737!16s%2Fg%2F11gfn95wqr!19sChIJVVVZDTyl3pQRjVpQxVl00oE,Não,,,Pendente,,,,Não,Google Maps exibe Adicionar website; verificado em 13/08/2026.,loja
SAKAE VILA NOVA,Loja,4733051888,Joinville,https://www.google.com/maps/place/SAKAE+VILA+NOVA/data=!4m7!3m6!1s0x94dea5917fee1cfd:0x8805c58bff02ea7!8m2!3d-26.2869114!4d-48.9083157!16s%2Fg%2F11z0vb5z51!19sChIJ_Rzuf5Gl3pQRpy7wv1hcgAg,Não,,,Pendente,,,,Não,Google Maps exibe Adicionar website; verificado em 13/08/2026.,loja
LAN HOUSE LINERAK SERVIÇOS E PRODUTOS,Loja,47984932103,Joinville,https://www.google.com/maps/place/LAN+HOUSE+LINERAK+SERVI%C3%87OS+E+PRODUTOS/data=!4m7!3m6!1s0x94deaf5c97d34bbf:0xeb1822d432804313!8m2!3d-26.2740078!4d-48.8732136!16s%2Fg%2F11ptxzlyd5!19sChIJv0vTl1yv3pQRE0OAMtQiGOs,Não,,,Pendente,,,,Não,Google Maps exibe Adicionar website; verificado em 13/08/2026.,loja
Cintilante Presentes,Loja,47991843465,Joinville,https://www.google.com/maps/place/Cintilante+Presentes/data=!4m7!3m6!1s0x94dea50bd715cc61:0x9460e0e13dd29b43!8m2!3d-26.273636!4d-48.904293!16s%2Fg%2F11tx69hqyf!19sChIJYcwV1wul3pQRQ5vSPeHgYJQ,Não,,,Pendente,,,,Não,Google Maps exibe Adicionar website; verificado em 13/08/2026.,loja
Multiúso Presentes,Loja,47997737655,Joinville,https://www.google.com/maps/place/Multi%C3%BAso+Presentes/data=!4m7!3m6!1s0x94dea53aa40e5e71:0xaf3ac1350c2e99f8!8m2!3d-26.2927842!4d-48.909295!16s%2Fg%2F11f3c92_5m!19sChIJcV4OpDql3pQR-JkuDDXBOq8,Não,,,Pendente,,,,Não,Google Maps exibe Adicionar website; verificado em 13/08/2026.,loja
LÉIA PRESENTES,Loja,47984547467,Joinville,https://www.google.com/maps/place/L%C3%89IA+PRESENTES/data=!4m7!3m6!1s0x94dea500339feb4b:0xa792adc8304de902!8m2!3d-26.2788173!4d-48.8972253!16s%2Fg%2F11lv_4_xnv!19sChIJS-ufMwCl3pQRAulNMMitkqc,Não,,,Pendente,,,,Não,Google Maps exibe Adicionar website; verificado em 13/08/2026.,loja
Loja Ágape Papelaria e Componentes Eletrônicos,Loja,47996183804,Joinville,https://www.google.com/maps/place/Loja+%C3%81gape+Papelaria+e+Componentes+Eletr%C3%B4nicos/data=!4m7!3m6!1s0x94dea521be096da1:0x1448b20c5ccf96c9!8m2!3d-26.2873876!4d-48.9165508!16s%2Fg%2F11bvt8kqsv!19sChIJoW0JviGl3pQRyZbPXAyySBQ,Não,,,Pendente,,,,Não,Google Maps exibe Adicionar website; verificado em 13/08/2026.,loja
Farmácia Boehmerwald,Farmácia,4734160235,Joinville,https://www.google.com/maps/place/Farm%C3%A1cia+Boehmerwald/data=!4m7!3m6!1s0x94deb11f33acf501:0x20328a20816ad2a0!8m2!3d-26.3615044!4d-48.8363028!16s%2Fg%2F1tjhytbx!19sChIJAfWsMx-x3pQRoNJqgSCKMiA,Não,,,Pendente,,,,Não,Google Maps exibe Adicionar website; verificado em 13/08/2026.,farmacia
Droga Raia,Farmácia,47991783261,Joinville,https://www.google.com/maps/place/Droga+Raia/data=!4m7!3m6!1s0x94deb16fd2cdeb93:0x884fa73d43897c48!8m2!3d-26.3309308!4d-48.8463823!16s%2Fg%2F11ll9fy0zs!19sChIJk-vN0m-x3pQRSHyJQz2nT4g,Não,,,Pendente,,,,Não,Google Maps exibe Adicionar website; verificado em 13/08/2026.,farmacia
Farmácia Confiança,Farmácia,4734652279,Joinville,https://www.google.com/maps/place/Farm%C3%A1cia+Confian%C3%A7a/data=!4m7!3m6!1s0x94deb6db328fd907:0x705bc2f4bb8e073b!8m2!3d-26.3657835!4d-48.8297002!16s%2Fg%2F11bvcvsz5b!19sChIJB9mPMtu23pQROweOu_TCW3A,Não,,,Pendente,,,,Não,Google Maps exibe Adicionar website; verificado em 13/08/2026.,farmacia
Farmácia Drogaville,Farmácia,4734655566,Joinville,https://www.google.com/maps/place/Farm%C3%A1cia+Drogaville/data=!4m7!3m6!1s0x94deb6bcbd9bf6b7:0xcc647ef12a225f6a!8m2!3d-26.36175!4d-48.8108038!16s%2Fg%2F11bv6pxhgg!19sChIJt_abvby23pQRal8iKvF-ZMw,Não,,,Pendente,,,,Não,Google Maps exibe Adicionar website; verificado em 13/08/2026.,farmacia
Cia Latino Americana de Medicamentos,Farmácia,4734263727,Joinville,https://www.google.com/maps/place/Cia+Latino+Americana+de+Medicamentos/data=!4m7!3m6!1s0x94deb6d10e630815:0x95ab72215da2b357!8m2!3d-26.3608127!4d-48.8289613!16s%2Fg%2F11b6hrz2cp!19sChIJFQhjDtG23pQRV7OiXSFyq5U,Não,,,Pendente,,,,Não,Google Maps exibe Adicionar website; verificado em 13/08/2026.,farmacia
Farmácia Coradelli Matriz,Farmácia,4734360081,Joinville,https://www.google.com/maps/place/Farm%C3%A1cia+Coradelli+Matriz/data=!4m7!3m6!1s0x94deb197772111bd:0x307b88c00d32b981!8m2!3d-26.3339432!4d-48.8346324!16s%2Fg%2F11mv0ygmjg!19sChIJvREhd5ex3pQRgbkyDcCIezA,Não,,,Pendente,,,,Não,Google Maps exibe Adicionar website; verificado em 13/08/2026.,farmacia
Droga Raia,Farmácia,47991652420,Joinville,https://www.google.com/maps/place/Droga+Raia/data=!4m7!3m6!1s0x94deb0515761f90f:0x27937c2b0d29c71d!8m2!3d-26.3122739!4d-48.8451132!16s%2Fg%2F11b81tqpts!19sChIJD_lhV1Gw3pQRHccpDSt8kyc,Não,,,Pendente,,,,Não,Google Maps exibe Adicionar website; verificado em 13/08/2026.,farmacia
Farmácia Bem Estar,Farmácia,4734541077,Joinville,https://www.google.com/maps/place/Farm%C3%A1cia+Bem+Estar/data=!4m7!3m6!1s0x94deb10003f08f8b:0x96429a23682d8abe!8m2!3d-26.3570605!4d-48.8467355!16s%2Fg%2F11wnzw834s!19sChIJi4_wAwCx3pQRvootaCOaQpY,Não,,,Pendente,,,,Não,Google Maps exibe Adicionar website; verificado em 13/08/2026.,farmacia
Droga Raia,Farmácia,47992455878,Joinville,https://www.google.com/maps/place/Droga+Raia/data=!4m7!3m6!1s0x94deb18ecaa5b0ed:0x2cafaed1e9821dfe!8m2!3d-26.3047875!4d-48.8248307!16s%2Fg%2F11sy31ws9w!19sChIJ7bClyo6x3pQR_h2C6dGuryw,Não,,,Pendente,,,,Não,Google Maps exibe Adicionar website; verificado em 13/08/2026.,farmacia
Droga Raia,Farmácia,47992284525,Joinville,https://www.google.com/maps/place/Droga+Raia/data=!4m7!3m6!1s0x94deb0386048d945:0x30ea77a4a25cb96b!8m2!3d-26.3015243!4d-48.8534382!16s%2Fg%2F1ptx9wg0m!19sChIJRdlIYDiw3pQRa7lcoqR36jA,Não,,,Pendente,,,,Não,Google Maps exibe Adicionar website; verificado em 13/08/2026.,farmacia
Droga Raia,Farmácia,47992256582,Joinville,https://www.google.com/maps/place/Droga+Raia/data=!4m7!3m6!1s0x94deb14225f8b6b1:0x14dcb89a2682898d!8m2!3d-26.2947452!4d-48.8461179!16s%2Fg%2F1ptw3qrk4!19sChIJsbb4JUKx3pQRjYmCJpq43BQ,Não,,,Pendente,,,,Não,Google Maps exibe Adicionar website; verificado em 13/08/2026.,farmacia
Drogaria Coradelli Guanabara,Farmácia,47992189703,Joinville,https://www.google.com/maps/place/Drogaria+Coradelli+Guanabara/data=!4m7!3m6!1s0x94deb175e3529b43:0x4500905350b22ca5!8m2!3d-26.3263287!4d-48.8355065!16s%2Fg%2F11m6mbrk64!19sChIJQ5tS43Wx3pQRpSyyUFOQAEU,Não,,,Pendente,,,,Não,Google Maps exibe Adicionar website; verificado em 13/08/2026.,farmacia
Droga Raia,Farmácia,47991596680,Joinville,https://www.google.com/maps/place/Droga+Raia/data=!4m7!3m6!1s0x94deafc0393620f9:0x18ef44fceee4d11c!8m2!3d-26.2771847!4d-48.8499983!16s%2Fg%2F11f5nvbg65!19sChIJ-SA2OcCv3pQRHNHk7vxE7xg,Não,,,Pendente,,,,Não,Google Maps exibe Adicionar website; verificado em 13/08/2026.,farmacia
Drogaria Farmasul,Farmácia,47996472120,Joinville,https://www.google.com/maps/place/Drogaria+Farmasul/data=!4m7!3m6!1s0x94deb7ed773ba6bd:0x2901da9dbf3354b!8m2!3d-26.366707!4d-48.8439549!16s%2Fg%2F11h3mwlkcv!19sChIJvaY7d-233pQRSzXz26kdkAI,Não,,,Pendente,,,,Não,Google Maps exibe Adicionar website; verificado em 13/08/2026.,farmacia
Raia,Farmácia,47991133678,Joinville,https://www.google.com/maps/place/Raia/data=!4m7!3m6!1s0x94deb1c51808c023:0x3742dadbabbecf57!8m2!3d-26.2939275!4d-48.8642719!16s%2Fg%2F11v9gqth52!19sChIJI8AIGMWx3pQRV8--q9vaQjc,Não,,,Pendente,,,,Não,Google Maps exibe Adicionar website; verificado em 13/08/2026.,farmacia
Líder Popular Farmácia,Farmácia,4732028864,Joinville,https://www.google.com/maps/place/L%C3%ADder+Popular+Farm%C3%A1cia/data=!4m7!3m6!1s0x94deb1485f21281f:0x70dd28161febd308!8m2!3d-26.3404658!4d-48.8178224!16s%2Fg%2F11pcl0qhlb!19sChIJHyghX0ix3pQRCNPrHxYo3XA,Não,,,Pendente,,,,Não,Google Maps exibe Adicionar website; verificado em 13/08/2026.,farmacia
Cia Latino Americana de Medicamentos,Farmácia,4734549263,Joinville,https://www.google.com/maps/place/Cia+Latino+Americana+de+Medicamentos/data=!4m7!3m6!1s0x94deb0e7adcae007:0x1e88d17e4c5c64ce!8m2!3d-26.3376878!4d-48.847764!16s%2Fg%2F11b6hr1hr1!19sChIJB-DKreew3pQRzmRcTH7RiB4,Não,,,Pendente,,,,Não,Google Maps exibe Adicionar website; verificado em 13/08/2026.,farmacia
Drogaria Jheneka,Farmácia,4734635068,Joinville,https://www.google.com/maps/place/Drogaria+Jheneka/data=!4m7!3m6!1s0x94deb4056c5e7983:0x83f39f06fd30a233!8m2!3d-26.3470423!4d-48.7910919!16s%2Fg%2F11b6hn9jsm!19sChIJg3lebAW03pQRM6Iw_Qaf84M,Não,,,Pendente,,,,Não,Google Maps exibe Adicionar website; verificado em 13/08/2026.,farmacia
Droga Raia,Farmácia,47991320020,Joinville,https://www.google.com/maps/place/Droga+Raia/data=!4m7!3m6!1s0x94deaf06d7aa7dff:0xd9fc022cfc53a1fd!8m2!3d-26.2733633!4d-48.8723259!16s%2Fg%2F11fj6jqr58!19sChIJ_32q1wav3pQR_aFT_CwC_Nk,Não,,,Pendente,,,,Não,Google Maps exibe Adicionar website; verificado em 13/08/2026.,farmacia
Farmácia do Carlos,Farmácia,4734227580,Joinville,https://www.google.com/maps/place/Farm%C3%A1cia+do+Carlos/data=!4m7!3m6!1s0x94deaff4d8540001:0xeccee2e380393bde!8m2!3d-26.2730829!4d-48.8773426!16s%2Fg%2F11dzw5g537!19sChIJAQBU2PSv3pQR3js5gOPizuw,Não,,,Pendente,,,,Não,Google Maps exibe Adicionar website; verificado em 13/08/2026.,farmacia
Drogaria Coradelli Glória,Farmácia,4730431555,Joinville,https://www.google.com/maps/place/Drogaria+Coradelli+Gl%C3%B3ria/data=!4m7!3m6!1s0x94deafb950447723:0x1824e0b639f02c44!8m2!3d-26.2851224!4d-48.8752092!16s%2Fg%2F11lgtq22vx!19sChIJI3dEULmv3pQRRCzwObbgJBg,Não,,,Pendente,,,,Não,Google Maps exibe Adicionar website; verificado em 13/08/2026.,farmacia
Droga Raia,Farmácia,47992928270,Joinville,https://www.google.com/maps/place/Droga+Raia/data=!4m7!3m6!1s0x94debb84cefe3413:0xb1b04d88af656d7e!8m2!3d-26.2872229!4d-48.9005701!16s%2Fg%2F11s78fd47c!19sChIJEzT-zoS73pQRfm1lr4hNsLE,Não,,,Pendente,,,,Não,Google Maps exibe Adicionar website; verificado em 13/08/2026.,farmacia
Drogaria Coradelli Jardim Edilene,Farmácia,4733072958,Joinville,https://www.google.com/maps/place/Drogaria+Coradelli+Jardim+Edilene/data=!4m7!3m6!1s0x94deb586f2513b5b:0x8b66e617bc44fa7c!8m2!3d-26.3442618!4d-48.7764142!16s%2Fg%2F11h895pfk9!19sChIJWztR8oa13pQRfPpEvBfmZos,Não,,,Pendente,,,,Não,Google Maps exibe Adicionar website; verificado em 13/08/2026.,farmacia
Farmácia ForteFarma VILA NOVA,Farmácia,4730253993,Joinville,https://www.google.com/maps/place/Farm%C3%A1cia+ForteFarma+VILA+NOVA/data=!4m7!3m6!1s0x94dea53cead88325:0xc2808de665d3b1a7!8m2!3d-26.2866641!4d-48.9091386!16s%2Fg%2F1td0zmjp!19sChIJJYPY6jyl3pQRp7HTZeaNgMI,Não,,,Pendente,,,,Não,Google Maps exibe Adicionar website; verificado em 13/08/2026.,farmacia
Farma Dez,Farmácia,4734546115,Joinville,https://www.google.com/maps/place/Farma+Dez/data=!4m7!3m6!1s0x94deb0890e3718f1:0xb2ad8c2fc7226268!8m2!3d-26.3297426!4d-48.8665751!16s%2Fg%2F1tdl78lm!19sChIJ8Rg3Domw3pQRaGIixy-MrbI,Não,,,Pendente,,,,Não,Google Maps exibe Adicionar website; verificado em 13/08/2026.,farmacia
Dimed S/A - Distribuidora de Medicamentos,Farmácia,4734224590,Joinville,https://www.google.com/maps/place/Dimed+S%2FA+-+Distribuidora+de+Medicamentos/data=!4m7!3m6!1s0x94deb037d0c73a2d:0x1eaa046081b125a5!8m2!3d-26.3008007!4d-48.8475024!16s%2Fg%2F11b6hqs599!19sChIJLTrH0Dew3pQRpSWxgWAEqh4,Não,,,Pendente,,,,Não,Google Maps exibe Adicionar website; verificado em 13/08/2026.,farmacia
Furo de Orelha Humanizado Orelhinhas de Anjo,Farmácia,47991352783,Joinville,https://www.google.com/maps/place/Furo+de+Orelha+Humanizado+Orelhinhas+de+Anjo/data=!4m7!3m6!1s0x94debbbbe2af4d8d:0x68b7f9f792175fb3!8m2!3d-26.292287!4d-48.909619!16s%2Fg%2F11nmpf00xp!19sChIJjU2v4ru73pQRs18Xkvf5t2g,Não,,,Pendente,,,,Não,Google Maps exibe Adicionar website; verificado em 13/08/2026.,farmacia
Serviço Social da Indústria,Farmácia,4734391727,Joinville,https://www.google.com/maps/place/Servi%C3%A7o+Social+da+Ind%C3%BAstria/data=!4m7!3m6!1s0x94dea539220a37ff:0xc251b2c91ee62b28!8m2!3d-26.2875224!4d-48.9011432!16s%2Fg%2F11b6hm62j5!19sChIJ_zcKIjml3pQRKCvmHsmyUcI,Não,,,Pendente,,,,Não,Google Maps exibe Adicionar website; verificado em 13/08/2026.,farmacia
Farmácia Medicar Coradelli,Farmácia,4734346231,Joinville,https://www.google.com/maps/place/Farm%C3%A1cia+Medicar+Coradelli/data=!4m7!3m6!1s0x94deb14e52a34def:0xffa192f0bc20ebfe!8m2!3d-26.3394449!4d-48.8115158!16s%2Fg%2F11bv5vgvvd!19sChIJ702jUk6x3pQR_usgvPCSof8,Não,,,Pendente,,,,Não,Google Maps exibe Adicionar website; verificado em 13/08/2026.,farmacia
Cia Latino Americana de Medicamentos,Farmácia,4734638450,Joinville,https://www.google.com/maps/place/Cia+Latino+Americana+de+Medicamentos/data=!4m7!3m6!1s0x94deb400bf4a770d:0xe3131e5e96ebe40d!8m2!3d-26.3422608!4d-48.7954407!16s%2Fg%2F11b6hsg63y!19sChIJDXdKvwC03pQRDeTrll4eE-M,Não,,,Pendente,,,,Não,Google Maps exibe Adicionar website; verificado em 13/08/2026.,farmacia
Farmácia Eduarda,Farmácia,4734661583,Joinville,https://www.google.com/maps/place/Farm%C3%A1cia+Eduarda/data=!4m7!3m6!1s0x94deb16a8cbc174d:0xf4cdd99e3f6188a!8m2!3d-26.3333268!4d-48.8177098!16s%2Fg%2F1tksjyth!19sChIJTRe8jGqx3pQRihj245ndTA8,Não,,,Pendente,,,,Não,Google Maps exibe Adicionar website; verificado em 13/08/2026.,farmacia
Drogaria Maicon Coradelli,Farmácia,4730431046,Joinville,https://www.google.com/maps/place/Drogaria+Maicon+Coradelli/data=!4m7!3m6!1s0x94deb11f3302cdf9:0xbf7612a4856e2694!8m2!3d-26.3339166!4d-48.8346282!16s%2Fg%2F1ptxnv312!19sChIJ-c0CMx-x3pQRlCZuhaQSdr8,Não,,,Pendente,,,,Não,Google Maps exibe Adicionar website; verificado em 13/08/2026.,farmacia
Farmácia Coradelli,Farmácia,4732786776,Joinville,https://www.google.com/maps/place/Farm%C3%A1cia+Coradelli/data=!4m7!3m6!1s0x94deae6f4961c811:0xdd2a780bd9905bd3!8m2!3d-26.2415812!4d-48.8142585!16s%2Fg%2F1tmgdl50!19sChIJEchhSW-u3pQR01uQ2Qt4Kt0,Não,,,Pendente,,,,Não,Google Maps exibe Adicionar website; verificado em 13/08/2026.,farmacia
Droga Raia,Farmácia,47991017202,Joinville,https://www.google.com/maps/place/Droga+Raia/data=!4m7!3m6!1s0x94deaf905855206b:0x47bb6b457880951!8m2!3d-26.2643187!4d-48.8150101!16s%2Fg%2F11mr2b1fc9!19sChIJayBVWJCv3pQRUQmIV7S2ewQ,Não,,,Pendente,,,,Não,Google Maps exibe Adicionar website; verificado em 13/08/2026.,farmacia
Popular Itinga,Farmácia,47999660385,Joinville,https://www.google.com/maps/place/Popular+Itinga/data=!4m7!3m6!1s0x94deb6f4c133d9d9:0x5f6dadd519f65414!8m2!3d-26.385358!4d-48.820701!16s%2Fg%2F11b6hpjzzm!19sChIJ2dkzwfS23pQRFFT2GdWtbV8,Não,,,Pendente,,,,Não,Google Maps exibe Adicionar website; verificado em 13/08/2026.,farmacia
Farmácia Brasil Poupa Lar,Farmácia,47991628580,Joinville,https://www.google.com/maps/place/Farm%C3%A1cia+Brasil+Poupa+Lar/data=!4m7!3m6!1s0x94deb1003ab34087:0x4853884727497e77!8m2!3d-26.281403!4d-48.8128658!16s%2Fg%2F11m6m33yx9!19sChIJh0CzOgCx3pQRd35JJ0eIU0g,Não,,,Pendente,,,,Não,Google Maps exibe Adicionar website; verificado em 13/08/2026.,farmacia
Farma Jardim Ltda,Farmácia,4734350500,Joinville,https://www.google.com/maps/place/Farma+Jardim+Ltda/data=!4m7!3m6!1s0x94deb1fc264a976b:0x135ea6d3029945ef!8m2!3d-26.2654416!4d-48.8014561!16s%2Fg%2F1txfq9f2!19sChIJa5dKJvyx3pQR70WZAtOmXhM,Não,,,Pendente,,,,Não,Google Maps exibe Adicionar website; verificado em 13/08/2026.,farmacia
Farmácia Gira Mais Popular,Farmácia,47997051546,Joinville,https://www.google.com/maps/place/Farm%C3%A1cia+Gira+Mais+Popular/data=!4m7!3m6!1s0x94deb167742a6227:0x4e0e19cd38192a4f!8m2!3d-26.2786495!4d-48.8102339!16s%2Fg%2F11yz7r6dbj!19sChIJJ2IqdGex3pQRTyoZOM0ZDk4,Não,,,Pendente,,,,Não,Google Maps exibe Adicionar website; verificado em 13/08/2026.,farmacia
Drogaria Dom Gregório,Farmácia,47992432097,Joinville,https://www.google.com/maps/place/Drogaria+Dom+Greg%C3%B3rio/data=!4m7!3m6!1s0x94deae045eabe70b:0x19c3f86c628e8a1d!8m2!3d-26.2609386!4d-48.8067536!16s%2Fg%2F11bvt33yf3!19sChIJC-erXgSu3pQRHYqOYmz4wxk,Não,,,Pendente,,,,Não,Google Maps exibe Adicionar website; verificado em 13/08/2026.,farmacia
Cia Latino Americana de Medicamentos,Farmácia,4734332355,Joinville,https://www.google.com/maps/place/Cia+Latino+Americana+de+Medicamentos/data=!4m7!3m6!1s0x94deb1df918f8021:0xd0a9b3fe82bb4cd2!8m2!3d-26.2823721!4d-48.811334!16s%2Fg%2F11b6hrgsp6!19sChIJIYCPkd-x3pQR0ky7gv6zqdA,Não,,,Pendente,,,,Não,Google Maps exibe Adicionar website; verificado em 13/08/2026.,farmacia
Farmácia Super Popular - Bairro Comasa,Farmácia,47988010497,Joinville,https://www.google.com/maps/place/Farm%C3%A1cia+Super+Popular+-+Bairro+Comasa/data=!4m7!3m6!1s0x94deb221d4e4f7b9:0x16f86ec8f17f55b3!8m2!3d-26.2834914!4d-48.7968905!16s%2Fg%2F11bvcv92ww!19sChIJuffk1CGy3pQRs1V_8chu-BY,Não,,,Pendente,,,,Não,Google Maps exibe Adicionar website; verificado em 13/08/2026.,farmacia
Farmácias Preço Certo,Farmácia,47999305728,Joinville,https://www.google.com/maps/place/Farm%C3%A1cias+Pre%C3%A7o+Certo/data=!4m7!3m6!1s0x94deb10d6cfc1af3:0xe8c9d43060715ed7!8m2!3d-26.3039307!4d-48.8238648!16s%2Fg%2F11z2fjy3_2!19sChIJ8xr8bA2x3pQR115xYDDUyeg,Não,,,Pendente,,,,Não,Google Maps exibe Adicionar website; verificado em 13/08/2026.,farmacia
Farmácia Farmatrevo,Farmácia,4734360485,Joinville,https://www.google.com/maps/place/Farm%C3%A1cia+Farmatrevo/data=!4m7!3m6!1s0x94deb14601dd8ef3:0x4ac437632a860ee9!8m2!3d-26.3250692!4d-48.8086042!16s%2Fg%2F1thmgjyn!19sChIJ847dAUax3pQR6Q6GKmM3xEo,Não,,,Pendente,,,,Não,Google Maps exibe Adicionar website; verificado em 13/08/2026.,farmacia
Farmácia J Martins,Farmácia,4734376652,Joinville,https://www.google.com/maps/place/Farm%C3%A1cia+J+Martins/data=!4m7!3m6!1s0x94deb1e2bb39fe25:0xb757054b9e4ecece!8m2!3d-26.2688028!4d-48.8103128!16s%2Fg%2F1pt_87543!19sChIJJf45u-Kx3pQRzs5OnksFV7c,Não,,,Pendente,,,,Não,Google Maps exibe Adicionar website; verificado em 13/08/2026.,farmacia
Farmácia Bencke,Farmácia,4734367831,Joinville,https://www.google.com/maps/place/Farm%C3%A1cia+Bencke/data=!4m7!3m6!1s0x94deb404289e9657:0xee00e105ea78c941!8m2!3d-26.3461929!4d-48.7918636!16s%2Fg%2F11b6hmx6z4!19sChIJV5aeKAS03pQRQcl46gXhAO4,Não,,,Pendente,,,,Não,Google Maps exibe Adicionar website; verificado em 13/08/2026.,farmacia
Farmácia Bom Jesus,Farmácia,4730175344,Joinville,https://www.google.com/maps/place/Farm%C3%A1cia+Bom+Jesus/data=!4m7!3m6!1s0x94deb556157a5791:0x8b2160ec6d12b3bd!8m2!3d-26.3470482!4d-48.7736078!16s%2Fg%2F11q_0dtd2p!19sChIJkVd6FVa13pQRvbMSbexgIYs,Não,,,Pendente,,,,Não,Google Maps exibe Adicionar website; verificado em 13/08/2026.,farmacia
Farmácia Joinvillense,Farmácia,47997041282,Joinville,https://www.google.com/maps/place/Farm%C3%A1cia+Joinvillense/data=!4m7!3m6!1s0x94deb60b1e91a599:0xa332c7745497760b!8m2!3d-26.4032499!4d-48.8023187!16s%2Fg%2F11c31xnq6y!19sChIJmaWRHgu23pQRC3aXVHTHMqM,Não,,,Pendente,,,,Não,Google Maps exibe Adicionar website; verificado em 13/08/2026.,farmacia
Farmácia Romildo Letzner,Farmácia,4734356499,Joinville,https://www.google.com/maps/place/Farm%C3%A1cia+Romildo+Letzner/data=!4m7!3m6!1s0x94dea65c684140f1:0xf8c86b5c5d999a48!8m2!3d-26.203574!4d-48.9124418!16s%2Fg%2F1tmk9n5b!19sChIJ8UBBaFym3pQRSJqZXVxryPg,Não,,,Pendente,,,,Não,Google Maps exibe Adicionar website; verificado em 13/08/2026.,farmacia
Farmácia Estrela,Farmácia,4734240074,Joinville,https://www.google.com/maps/place/Farm%C3%A1cia+Estrela/data=!4m7!3m6!1s0x94dea669cecc1403:0xc4fa2369e725bf6c!8m2!3d-26.2037626!4d-48.907238!16s%2Fg%2F11d_x3pzrp!19sChIJAxTMzmmm3pQRbL8l52kj-sQ,Não,,,Pendente,,,,Não,Google Maps exibe Adicionar website; verificado em 13/08/2026.,farmacia
Farmácia Farmarocha,Farmácia,4734368167,Joinville,https://www.google.com/maps/place/Farm%C3%A1cia+Farmarocha/data=!4m7!3m6!1s0x94deb159324e0dd5:0x80bd404eda244e73!8m2!3d-26.3313419!4d-48.8003284!16s%2Fg%2F1ydkbdjh8!19sChIJ1Q1OMlmx3pQRc04k2k5AvYA,Não,,,Pendente,,,,Não,Google Maps exibe Adicionar website; verificado em 13/08/2026.,farmacia
Farmácia Super Popular,Farmácia,4734292356,Joinville,https://www.google.com/maps/place/Farm%C3%A1cia+Super+Popular/data=!4m7!3m6!1s0x94debb43e5dc5fb5:0xa875be15c982c777!8m2!3d-26.3359355!4d-48.9044296!16s%2Fg%2F11n07wrdv6!19sChIJtV_c5UO73pQRd8eCyRW-dag,Não,,,Pendente,,,,Não,Google Maps exibe Adicionar website; verificado em 13/08/2026.,farmacia
Farmácia Coradelli,Farmácia,4734352525,Joinville,https://www.google.com/maps/place/Farm%C3%A1cia+Coradelli/data=!4m7!3m6!1s0x94debb6bd5e01b81:0x155f17548a3af25f!8m2!3d-26.326455!4d-48.9081284!16s%2Fg%2F11t9cdr_wj!19sChIJgRvg1Wu73pQRX_I6ilQXXxU,Não,,,Pendente,,,,Não,Google Maps exibe Adicionar website; verificado em 13/08/2026.,farmacia
Farmácia Super Popular (Farmacia Morais),Farmácia,47999454375,Joinville,https://www.google.com/maps/place/Farm%C3%A1cia+Super+Popular+%28Farmacia+Morais%29/data=!4m7!3m6!1s0x94deaef8915bf6f1:0x1a52444742ff8867!8m2!3d-26.2371012!4d-48.8333664!16s%2Fg%2F1ts1tcrw!19sChIJ8fZbkfiu3pQRZ4j_QkdEUho,Não,,,Pendente,,,,Não,Google Maps exibe Adicionar website; verificado em 13/08/2026.,farmacia
Bio Farmácia,Farmácia,4734677847,Joinville,https://www.google.com/maps/place/Bio+Farm%C3%A1cia/data=!4m7!3m6!1s0x94deafb0d6267d1d:0x6c1f3c30eae99579!8m2!3d-26.2575237!4d-48.8470294!16s%2Fg%2F1tflnl97!19sChIJHX0m1rCv3pQReZXp6jA8H2w,Não,,,Pendente,,,,Não,Google Maps exibe Adicionar website; verificado em 13/08/2026.,farmacia
Farmácia Super Popular,Farmácia,4731219407,Joinville,https://www.google.com/maps/place/Farm%C3%A1cia+Super+Popular/data=!4m7!3m6!1s0x94deaf6c1d6f1d6b:0x2a2689a05f38cc2b!8m2!3d-26.2131218!4d-48.8229423!16s%2Fg%2F11krq2v8_k!19sChIJax1vHWyv3pQRK8w4X6CJJio,Não,,,Pendente,,,,Não,Google Maps exibe Adicionar website; verificado em 13/08/2026.,farmacia
Farmácia Antério,Farmácia,4734670068,Joinville,https://www.google.com/maps/place/Farm%C3%A1cia+Ant%C3%A9rio/data=!4m7!3m6!1s0x94deae94a4e9b887:0x71481a1b4bc3be7f!8m2!3d-26.2174895!4d-48.818778!16s%2Fg%2F11b6hndj9x!19sChIJh7jppJSu3pQRf77DSxsaSHE,Não,,,Pendente,,,,Não,Google Maps exibe Adicionar website; verificado em 13/08/2026.,farmacia
Ótica Müller,Ótica,4734656859,Joinville,https://www.google.com/maps/place/%C3%93tica+M%C3%BCller/data=!4m7!3m6!1s0x94deb6d1b3bafe99:0xd9a6a48addbd2754!8m2!3d-26.360707!4d-48.8313035!16s%2Fg%2F1vvdwcfs!19sChIJmf66s9G23pQRVCe93Yqkptk,Não,,,Pendente,,,,Não,Google Maps exibe Adicionar website; verificado em 13/08/2026.,otica
ÓTICA VILLE,Ótica,47997779517,Joinville,https://www.google.com/maps/place/%C3%93TICA+VILLE/data=!4m7!3m6!1s0x94deb78ad391c009:0x321e38ce0f24b222!8m2!3d-26.3619355!4d-48.8094034!16s%2Fg%2F11gv_t302x!19sChIJCcCR04q33pQRIrIkD844HjI,Não,,,Pendente,,,,Não,Google Maps exibe Adicionar website; verificado em 13/08/2026.,otica
Oticas Prevent Joinville,Ótica,47989146466,Joinville,https://www.google.com/maps/place/Oticas+Prevent+Joinville/data=!4m7!3m6!1s0x94deb12784056799:0x5179437d71e2e023!8m2!3d-26.3030003!4d-48.8461027!16s%2Fg%2F11ms2fhgn1!19sChIJmWcFhCex3pQRI-DicX1DeVE,Não,,,Pendente,,,,Não,Google Maps exibe Adicionar website; verificado em 13/08/2026.,otica
Super Ótica São José - Calçadão,Ótica,4730851999,Joinville,https://www.google.com/maps/place/Super+%C3%93tica+S%C3%A3o+Jos%C3%A9+-+Cal%C3%A7ad%C3%A3o/data=!4m7!3m6!1s0x94deb18c170665d3:0x1d0ba6278e24d1e1!8m2!3d-26.3018296!4d-48.8455032!16s%2Fg%2F11rr2_7kkh!19sChIJ02UGF4yx3pQR4dEkjiemCx0,Não,,,Pendente,,,,Não,Google Maps exibe Adicionar website; verificado em 13/08/2026.,otica
Ótica Imagem,Ótica,47991313831,Joinville,https://www.google.com/maps/place/%C3%93tica+Imagem/data=!4m7!3m6!1s0x94deb1a4b40dfa79:0x8b0af4bdd9adb82c!8m2!3d-26.3291559!4d-48.8320341!16s%2Fg%2F11v_4vbjvc!19sChIJefoNtKSx3pQRLLit2b30Cos,Não,,,Pendente,,,,Não,Google Maps exibe Adicionar website; verificado em 13/08/2026.,otica
Ótica BS,Ótica,47992309338,Joinville,https://www.google.com/maps/place/%C3%93tica+BS/data=!4m7!3m6!1s0x94deb10b547226c7:0x28f53f35f2a106d7!8m2!3d-26.3346632!4d-48.8473825!16s%2Fg%2F11vl9f2qyd!19sChIJxyZyVAux3pQR1wah8jU_9Sg,Não,,,Pendente,,,,Não,Google Maps exibe Adicionar website; verificado em 13/08/2026.,otica
Otica Everson,Ótica,47997108909,Joinville,https://www.google.com/maps/place/Otica+Everson/data=!4m7!3m6!1s0x94deb71c645d11f9:0x36e6fb0c024cd129!8m2!3d-26.3606941!4d-48.8308152!16s%2Fg%2F11vbjsx6fw!19sChIJ-RFdZBy33pQRKdFMAgz75jY,Não,,,Pendente,,,,Não,Google Maps exibe Adicionar website; verificado em 13/08/2026.,otica
Ótica Manchester,Ótica,47991023081,Joinville,https://www.google.com/maps/place/%C3%93tica+Manchester/data=!4m7!3m6!1s0x94deb04ea72cbc93:0x66bc31b309599721!8m2!3d-26.3059467!4d-48.8443444!16s%2Fg%2F1pv0wbxj4!19sChIJk7wsp06w3pQRIZdZCbMxvGY,Não,,,Pendente,,,,Não,Google Maps exibe Adicionar website; verificado em 13/08/2026.,otica
Ótica Lux,Ótica,4730275101,Joinville,https://www.google.com/maps/place/%C3%93tica+Lux/data=!4m7!3m6!1s0x94deb04c1f18d58d:0x62ee9d867f50a11e!8m2!3d-26.3058271!4d-48.8445412!16s%2Fg%2F11bzwnf5tl!19sChIJjdUYH0yw3pQRHqFQf4ad7mI,Não,,,Pendente,,,,Não,Google Maps exibe Adicionar website; verificado em 13/08/2026.,otica
May Ótica e Joalheria - Joinville,Ótica,47997517736,Joinville,https://www.google.com/maps/place/May+%C3%93tica+e+Joalheria+-+Joinville/data=!4m7!3m6!1s0x94deb037d0b016e9:0xf961d5d1736449ea!8m2!3d-26.3008269!4d-48.8479661!16s%2Fg%2F1ptykzdrj!19sChIJ6Raw0Dew3pQR6klkc9HVYfk,Não,,,Pendente,,,,Não,Google Maps exibe Adicionar website; verificado em 13/08/2026.,otica
May Ótica e Joalheria - Joinville,Ótica,4730292132,Joinville,https://www.google.com/maps/place/May+%C3%93tica+e+Joalheria+-+Joinville/data=!4m7!3m6!1s0x94deb1df429f42cb:0xe3e4ba6733a1ff78!8m2!3d-26.3014563!4d-48.8459856!16s%2Fg%2F11wy3_qq2s!19sChIJy0KfQt-x3pQReP-hM2e65OM,Não,,,Pendente,,,,Não,Google Maps exibe Adicionar website; verificado em 13/08/2026.,otica
Óticas Ângela Jardim - Angeloni,Ótica,4730139990,Joinville,https://www.google.com/maps/place/%C3%93ticas+%C3%82ngela+Jardim+-+Angeloni/data=!4m7!3m6!1s0x94deaf184b679035:0x18bdb03ee2fd0731!8m2!3d-26.2783821!4d-48.8491692!16s%2Fg%2F11hzhftk_9!19sChIJNZBnSxiv3pQRMQf94j6wvRg,Não,,,Pendente,,,,Não,Google Maps exibe Adicionar website; verificado em 13/08/2026.,otica
Ótica Klassen,Ótica,47997119580,Joinville,https://www.google.com/maps/place/%C3%93tica+Klassen/data=!4m7!3m6!1s0x94deb1ba28d9087d:0xe79c3c671107f61c!8m2!3d-26.3001841!4d-48.8451246!16s%2Fg%2F11zwpc390g!19sChIJfQjZKLqx3pQRHPYHEWc8nOc,Não,,,Pendente,,,,Não,Google Maps exibe Adicionar website; verificado em 13/08/2026.,otica
Ótica Venere,Ótica,47984963654,Joinville,https://www.google.com/maps/place/%C3%93tica+Venere/data=!4m7!3m6!1s0x94deb121691e45b5:0x2b26b767fe650001!8m2!3d-26.3064806!4d-48.8481683!16s%2Fg%2F11nhflt02k!19sChIJtUUeaSGx3pQRAQBl_me3Jis,Não,,,Pendente,,,,Não,Google Maps exibe Adicionar website; verificado em 13/08/2026.,otica
Colombbina,Ótica,47991140426,Joinville,https://www.google.com/maps/place/Colombbina/data=!4m7!3m6!1s0x94deb0f8973ced43:0xd14df2cb11745337!8m2!3d-26.3205681!4d-48.8463883!16s%2Fg%2F11b822s1m5!19sChIJQ-08l_iw3pQRN1N0EcvyTdE,Não,,,Pendente,,,,Não,Google Maps exibe Adicionar website; verificado em 13/08/2026.,otica
Óticas Visão Certa,Ótica,47996596116,Joinville,https://www.google.com/maps/place/%C3%93ticas+Vis%C3%A3o+Certa/data=!4m7!3m6!1s0x94deb1b1efc558b3:0xb25b408d2d3243b1!8m2!3d-26.322584!4d-48.8401542!16s%2Fg%2F11h7kpn243!19sChIJs1jF77Gx3pQRsUMyLY1AW7I,Não,,,Pendente,,,,Não,Google Maps exibe Adicionar website; verificado em 13/08/2026.,otica
Ótica Aurora,Ótica,4734361823,Joinville,https://www.google.com/maps/place/%C3%93tica+Aurora/data=!4m7!3m6!1s0x94deb0fb90236ae5:0x218eccd5735ddd34!8m2!3d-26.3262259!4d-48.845392!16s%2Fg%2F11b86tbtyy!19sChIJ5WojkPuw3pQRNN1dc9XMjiE,Não,,,Pendente,,,,Não,Google Maps exibe Adicionar website; verificado em 13/08/2026.,otica
Loja Oficial Mormaii Joinville - SC,Ótica,47997160011,Joinville,https://www.google.com/maps/place/Loja+Oficial+Mormaii+Joinville+-+SC/data=!4m7!3m6!1s0x94deb04889ac13f1:0xfd2e7562c786737!8m2!3d-26.3036717!4d-48.8491056!16s%2Fg%2F11bv38qxxn!19sChIJ8ROsiUiw3pQRN2d4LFbn0g8,Não,,,Pendente,,,,Não,Google Maps exibe Adicionar website; verificado em 13/08/2026.,otica
Round Sunglass,Ótica,47988499249,Joinville,https://www.google.com/maps/place/Round+Sunglass/data=!4m7!3m6!1s0x94deb1dd456b7df1:0x390178fb8f186399!8m2!3d-26.3064573!4d-48.8470863!16s%2Fg%2F11mq9hyxnr!19sChIJ8X1rRd2x3pQRmWMYj_t4ATk,Não,,,Pendente,,,,Não,Google Maps exibe Adicionar website; verificado em 13/08/2026.,otica
Óptica Boa Visão,Ótica,4732270009,Joinville,https://www.google.com/maps/place/%C3%93ptica+Boa+Vis%C3%A3o/data=!4m7!3m6!1s0x94deb1a19df0c871:0xae5499b6c54389a4!8m2!3d-26.2815415!4d-48.8382059!16s%2Fg%2F11n7bwk836!19sChIJccjwnaGx3pQRpIlDxbaZVK4,Não,,,Pendente,,,,Não,Google Maps exibe Adicionar website; verificado em 13/08/2026.,otica
Super Ótica São José - Iririú,Ótica,47988634417,Joinville,https://www.google.com/maps/place/Super+%C3%93tica+S%C3%A3o+Jos%C3%A9+-+Iriri%C3%BA/data=!4m7!3m6!1s0x94deafd27138dfdd:0x5b4431066a883164!8m2!3d-26.2767628!4d-48.8350442!16s%2Fg%2F11h4qh8qvf!19sChIJ3d84cdKv3pQRZDGIagYxRFs,Não,,,Pendente,,,,Não,Google Maps exibe Adicionar website; verificado em 13/08/2026.,otica
Ótica Everson,Ótica,4730267900,Joinville,https://www.google.com/maps/place/%C3%93tica+Everson/data=!4m7!3m6!1s0x94deae29a9705e03:0x122953105c97c41d!8m2!3d-26.2740271!4d-48.8324787!16s%2Fg%2F11bv37_t5g!19sChIJA15wqSmu3pQRHcSXXBBTKRI,Não,,,Pendente,,,,Não,Google Maps exibe Adicionar website; verificado em 13/08/2026.,otica
Ótica Aurora Costa e Silva,Ótica,4733056799,Joinville,https://www.google.com/maps/place/%C3%93tica+Aurora+Costa+e+Silva/data=!4m7!3m6!1s0x94deb10fdc29c053:0x237d52443cb0bdf8!8m2!3d-26.2670521!4d-48.8725162!16s%2Fg%2F1td6z83p!19sChIJU8Ap3A-x3pQR-L2wPERSfSM,Não,,,Pendente,,,,Não,Google Maps exibe Adicionar website; verificado em 13/08/2026.,otica
Ótica Empório da visão,Ótica,47992203887,Joinville,https://www.google.com/maps/place/%C3%93tica+Emp%C3%B3rio+da+vis%C3%A3o/data=!4m7!3m6!1s0x94deafa98c0bd2eb:0x46ee49926807ea62!8m2!3d-26.2702167!4d-48.8808037!16s%2Fg%2F11vx6nxjpm!19sChIJ69ILjKmv3pQRYuoHaJJJ7kY,Não,,,Pendente,,,,Não,Google Maps exibe Adicionar website; verificado em 13/08/2026.,otica
Óticas Carol Garten Shopping,Ótica,4730439095,Joinville,https://www.google.com/maps/place/%C3%93ticas+Carol+Garten+Shopping/data=!4m7!3m6!1s0x94deafd5dd30ac87:0x192980b2f67c0807!8m2!3d-26.253786!4d-48.853394!16s%2Fg%2F11kgssvqrs!19sChIJh6ww3dWv3pQRBwh89rKAKRk,Não,,,Pendente,,,,Não,Google Maps exibe Adicionar website; verificado em 13/08/2026.,otica
Ótica Everson VILA NOVA,Ótica,47991355650,Joinville,https://www.google.com/maps/place/%C3%93tica+Everson+VILA+NOVA/data=!4m7!3m6!1s0x94dea57a876c74ff:0x82c0b1c51fddc8eb!8m2!3d-26.2870968!4d-48.9060576!16s%2Fg%2F11t2hjn784!19sChIJ_3Rsh3ql3pQR68jdH8WxwII,Não,,,Pendente,,,,Não,Google Maps exibe Adicionar website; verificado em 13/08/2026.,otica
Santa Ótica,Ótica,47999900001,Joinville,https://www.google.com/maps/place/Santa+%C3%93tica/data=!4m7!3m6!1s0x94dea500362a0c35:0x2496990920d297c4!8m2!3d-26.2879635!4d-48.916611!16s%2Fg%2F11vqm17163!19sChIJNQwqNgCl3pQRxJfSIAmZliQ,Não,,,Pendente,,,,Não,Google Maps exibe Adicionar website; verificado em 13/08/2026.,otica
Engenheiro dos Óculos - Outlet - Floresta,Ótica,47996691744,Joinville,https://www.google.com/maps/place/Engenheiro+dos+%C3%93culos+-+Outlet+-+Floresta/data=!4m7!3m6!1s0x94deb188e7e932d5:0x34a7dbe69a49b450!8m2!3d-26.3307409!4d-48.8469071!16s%2Fg%2F11yhb9py9t!19sChIJ1TLp54ix3pQRULRJmubbpzQ,Não,,,Pendente,,,,Não,Google Maps exibe Adicionar website; verificado em 13/08/2026.,otica
Ótica Steffens,Ótica,4730137938,Joinville,https://www.google.com/maps/place/%C3%93tica+Steffens/data=!4m7!3m6!1s0x94deb1fbf3e13e37:0x95c98b30ef90a13a!8m2!3d-26.3307409!4d-48.846907!16s%2Fg%2F11r9vm6yt1!19sChIJNz7h8_ux3pQROqGQ7zCLyZU,Não,,,Pendente,,,,Não,Google Maps exibe Adicionar website; verificado em 13/08/2026.,otica
Optica Imperial,Ótica,47996964342,Joinville,https://www.google.com/maps/place/Optica+Imperial/data=!4m7!3m6!1s0x94deb14a1e05d319:0x67187b35bc8b034d!8m2!3d-26.3279609!4d-48.8454761!16s%2Fg%2F11mcvvhbpv!19sChIJGdMFHkqx3pQRTQOLvDV7GGc,Não,,,Pendente,,,,Não,Google Maps exibe Adicionar website; verificado em 13/08/2026.,otica
Óticas Laurindo Itaum,Ótica,47933837281,Joinville,https://www.google.com/maps/place/%C3%93ticas+Laurindo+Itaum/data=!4m7!3m6!1s0x94deb12828c22473:0x589cd95488518f14!8m2!3d-26.3308896!4d-48.8376378!16s%2Fg%2F11mcfygj_k!19sChIJcyTCKCix3pQRFI9RiFTZnFg,Não,,,Pendente,,,,Não,Google Maps exibe Adicionar website; verificado em 13/08/2026.,otica
Ótica Everson,Ótica,4730275900,Joinville,https://www.google.com/maps/place/%C3%93tica+Everson/data=!4m7!3m6!1s0x94deb148e50269bf:0x7949f4f0e5ede5a4!8m2!3d-26.3407513!4d-48.8160239!16s%2Fg%2F11b8c43w2s!19sChIJv2kC5Uix3pQRpOXt5fD0SXk,Não,,,Pendente,,,,Não,Google Maps exibe Adicionar website; verificado em 13/08/2026.,otica
Otica Guanabara,Ótica,47999048228,Joinville,https://www.google.com/maps/place/Otica+Guanabara/data=!4m7!3m6!1s0x94deb179a3d0b257:0x40c43163df7eead3!8m2!3d-26.3256238!4d-48.836483!16s%2Fg%2F11m622nckq!19sChIJV7LQo3mx3pQR0-p-32MxxEA,Não,,,Pendente,,,,Não,Google Maps exibe Adicionar website; verificado em 13/08/2026.,otica
Lojão Astral Atacarejo Bairro Itaum,Ótica,4733070788,Joinville,https://www.google.com/maps/place/Loj%C3%A3o+Astral+Atacarejo+Bairro+Itaum/data=!4m7!3m6!1s0x94deb139d05df621:0xad155d02ab577511!8m2!3d-26.3406214!4d-48.8223156!16s%2Fg%2F11c3mpwqr8!19sChIJIfZd0Dmx3pQREXVXqwJdFa0,Não,,,Pendente,,,,Não,Google Maps exibe Adicionar website; verificado em 13/08/2026.,otica
Óticas Orion | Iririú,Ótica,4730283582,Joinville,https://www.google.com/maps/place/%C3%93ticas+Orion+%7C+Iriri%C3%BA/data=!4m7!3m6!1s0x94deaf7299a83d0d:0x4c9e895fd4f12f6d!8m2!3d-26.2646385!4d-48.8143501!16s%2Fg%2F11ypwn4csr!19sChIJDT2omXKv3pQRbS_x1F-Jnkw,Não,,,Pendente,,,,Não,Google Maps exibe Adicionar website; verificado em 13/08/2026.,otica
Ótica Globo,Ótica,47989050749,Joinville,https://www.google.com/maps/place/%C3%93tica+Globo/data=!4m7!3m6!1s0x94deafb964794a5f:0x1799eca252bf64d0!8m2!3d-26.2703927!4d-48.8175986!16s%2Fg%2F11mm4jzhgm!19sChIJX0p5ZLmv3pQR0GS_UqLsmRc,Não,,,Pendente,,,,Não,Google Maps exibe Adicionar website; verificado em 13/08/2026.,otica
Ótica Luzia Saint,Ótica,47996334092,Joinville,https://www.google.com/maps/place/%C3%93tica+Luzia+Saint/data=!4m7!3m6!1s0x94deb100449562f5:0x4473182f79bc8437!8m2!3d-26.2658869!4d-48.8136826!16s%2Fg%2F11wc64yt3q!19sChIJ9WKVRACx3pQRN4S8eS8Yc0Q,Não,,,Pendente,,,,Não,Google Maps exibe Adicionar website; verificado em 13/08/2026.,otica
Princesa Eva Ótica e Joalheria,Ótica,47988039959,Joinville,https://www.google.com/maps/place/Princesa+Eva+%C3%93tica+e+Joalheria/data=!4m7!3m6!1s0x94deaf8a6c416ec3:0x4a2fb5e58d63c462!8m2!3d-26.2718657!4d-48.8277443!16s%2Fg%2F11frdsm806!19sChIJw25BbIqv3pQRYsRjjeW1L0o,Não,,,Pendente,,,,Não,Google Maps exibe Adicionar website; verificado em 13/08/2026.,otica
Ótica Aurora,Ótica,4734343750,Joinville,https://www.google.com/maps/place/%C3%93tica+Aurora/data=!4m7!3m6!1s0x94deb100758fe743:0x67f34040a6e0f66e!8m2!3d-26.2793638!4d-48.8199317!16s%2Fg%2F11mcfvrww4!19sChIJQ-ePdQCx3pQRbvbgpkBA82c,Não,,,Pendente,,,,Não,Google Maps exibe Adicionar website; verificado em 13/08/2026.,otica
Princesa Eva Ótica e Joalheria - Loja 2 | Ótica e Joalheria Joinville | Alianças Joinville,Ótica,47996375452,Joinville,https://www.google.com/maps/place/Princesa+Eva+%C3%93tica+e+Joalheria+-+Loja+2+%7C+%C3%93tica+e+Joalheria+Joinville+%7C+Alian%C3%A7as+Joinville/data=!4m7!3m6!1s0x94deaf6a3fd9e5ed:0x7038a4fc158708f4!8m2!3d-26.2760092!4d-48.834001!16s%2Fg%2F11t_r0f3ky!19sChIJ7eXZP2qv3pQR9AiHFfykOHA,Não,,,Pendente,,,,Não,Google Maps exibe Adicionar website; verificado em 13/08/2026.,otica
Óticas Orion | Boa Vista,Ótica,47991463228,Joinville,https://www.google.com/maps/place/%C3%93ticas+Orion+%7C+Boa+Vista/data=!4m7!3m6!1s0x94deb1004fcc5a51:0xfa3b85b9c327a22!8m2!3d-26.3079653!4d-48.8269218!16s%2Fg%2F11w1ccsphy!19sChIJUVrMTwCx3pQRInoynFu4ow8,Não,,,Pendente,,,,Não,Google Maps exibe Adicionar website; verificado em 13/08/2026.,otica
Lumiere Sunlens,Ótica,47984559253,Joinville,https://www.google.com/maps/place/Lumiere+Sunlens/data=!4m7!3m6!1s0x94deb11469dc8281:0x5231fb7d07753ddd!8m2!3d-26.2722151!4d-48.8122324!16s%2Fg%2F11twtx5sxr!19sChIJgYLcaRSx3pQR3T11B337MVI,Não,,,Pendente,,,,Não,Google Maps exibe Adicionar website; verificado em 13/08/2026.,otica
Bella Ótica,Ótica,4730287401,Joinville,https://www.google.com/maps/place/Bella+%C3%93tica/data=!4m7!3m6!1s0x94deb19678122d11:0xa6c35b1737f5b85d!8m2!3d-26.2955465!4d-48.81763!16s%2Fg%2F11b88l4hfh!19sChIJES0SeJax3pQRXbj1Nxdbw6Y,Não,,,Pendente,,,,Não,Google Maps exibe Adicionar website; verificado em 13/08/2026.,otica
Bella Ótica,Ótica,47997437110,Joinville,https://www.google.com/maps/place/Bella+%C3%93tica/data=!4m7!3m6!1s0x94deb143b4d9c299:0x51ac52b5af203ec6!8m2!3d-26.297734!4d-48.8191384!16s%2Fg%2F11y9r16cf9!19sChIJmcLZtEOx3pQRxj4gr7VSrFE,Não,,,Pendente,,,,Não,Google Maps exibe Adicionar website; verificado em 13/08/2026.,otica
Via Óculos Óptica,Ótica,47999727967,Joinville,https://www.google.com/maps/place/Via+%C3%93culos+%C3%93ptica/data=!4m7!3m6!1s0x94deb144b4526eaf:0x5c8152406caa6ebd!8m2!3d-26.2643235!4d-48.8447471!16s%2Fg%2F11fmf3w3zt!19sChIJr25StESx3pQRvW6qbEBSgVw,Não,,,Pendente,,,,Não,Google Maps exibe Adicionar website; verificado em 13/08/2026.,otica
Óticas Moraes,Ótica,47988044365,Joinville,https://www.google.com/maps/place/%C3%93ticas+Moraes/data=!4m7!3m6!1s0x94deb1c6c78dd9db:0x1cd1d9e43dcf031b!8m2!3d-26.3347822!4d-48.8167207!16s%2Fg%2F11jmvxpv4n!19sChIJ29mNx8ax3pQRGwPPPeTZ0Rw,Não,,,Pendente,,,,Não,Google Maps exibe Adicionar website; verificado em 13/08/2026.,otica
Ótica Bom Jesus,Ótica,4732276372,Joinville,https://www.google.com/maps/place/%C3%93tica+Bom+Jesus/data=!4m7!3m6!1s0x94deb145b3253393:0x60e15f07a0656e42!8m2!3d-26.3347822!4d-48.8167207!16s%2Fg%2F11j5v2lprg!19sChIJkzMls0Wx3pQRQm5loAdf4WA,Não,,,Pendente,,,,Não,Google Maps exibe Adicionar website; verificado em 13/08/2026.,otica
Óculos | Villa Sunglasses,Ótica,47984999919,Joinville,https://www.google.com/maps/place/%C3%93culos+%7C+Villa+Sunglasses/data=!4m7!3m6!1s0x94deb16e36a01a3f:0xbda60b33613beb19!8m2!3d-26.3188517!4d-48.8123982!16s%2Fg%2F11qz8kl6gg!19sChIJPxqgNm6x3pQRGes7YTMLpr0,Não,,,Pendente,,,,Não,Google Maps exibe Adicionar website; verificado em 13/08/2026.,otica
Mēddem Ópticas,Ótica,4730284615,Joinville,https://www.google.com/maps/place/M%C4%93ddem+%C3%93pticas/data=!4m7!3m6!1s0x94deb10d8fc98071:0x98c829804763cb7a!8m2!3d-26.3036451!4d-48.8451972!16s%2Fg%2F11sysv787f!19sChIJcYDJjw2x3pQRestjR4ApyJg,Não,,,Pendente,,,,Não,Google Maps exibe Adicionar website; verificado em 13/08/2026.,otica
Ótica MonSenhor,Ótica,4730315033,Joinville,https://www.google.com/maps/place/%C3%93tica+MonSenhor/data=!4m7!3m6!1s0x94deb405b428fed1:0x767b307143023a48!8m2!3d-26.3460465!4d-48.79164!16s%2Fg%2F11f54l8lzb!19sChIJ0f4otAW03pQRSDoCQ3Ewe3Y,Não,,,Pendente,,,,Não,Google Maps exibe Adicionar website; verificado em 13/08/2026.,otica
Óticas Cleberson,Ótica,47999340350,Joinville,https://www.google.com/maps/place/%C3%93ticas+Cleberson/data=!4m7!3m6!1s0x94deb5d9fdfdd683:0x8d1486ff6379514f!8m2!3d-26.346126!4d-48.7716169!16s%2Fg%2F11wj4pbmqs!19sChIJg9b9_dm13pQRT1F5Y_-GFI0,Não,,,Pendente,,,,Não,Google Maps exibe Adicionar website; verificado em 13/08/2026.,otica
Djou beer conveniência,Ótica,47999376820,Joinville,https://www.google.com/maps/place/Djou+beer+conveni%C3%AAncia/data=!4m7!3m6!1s0x94deb7ba55a6a715:0xcf56f6d07410cf2b!8m2!3d-26.3787832!4d-48.82534!16s%2Fg%2F11rxld389p!19sChIJFaemVbq33pQRK88QdND2Vs8,Não,,,Pendente,,,,Não,Google Maps exibe Adicionar website; verificado em 13/08/2026.,otica
Casa Bela Casa e Construção,Ótica,4734296655,Joinville,https://www.google.com/maps/place/Casa+Bela+Casa+e+Constru%C3%A7%C3%A3o/data=!4m7!3m6!1s0x94deb6ec52879ed5:0x61eb80def34648b!8m2!3d-26.3772092!4d-48.8227038!16s%2Fg%2F11bvt10cff!19sChIJ1Z6HUuy23pQRi2Q07w24HgY,Não,,,Pendente,,,,Não,Google Maps exibe Adicionar website; verificado em 13/08/2026.,otica
Bella Ótica,Ótica,4731219966,Joinville,https://www.google.com/maps/place/Bella+%C3%93tica/data=!4m7!3m6!1s0x94dea668e9cb9731:0x135a4426727e2f4b!8m2!3d-26.2086471!4d-48.9086913!16s%2Fg%2F1vkxndxm!19sChIJMZfL6Wim3pQRSy9-ciZEWhM,Não,,,Pendente,,,,Não,Google Maps exibe Adicionar website; verificado em 13/08/2026.,otica
Ótica Santa Catarina,Ótica,4774001575,Joinville,https://www.google.com/maps/place/%C3%93tica+Santa+Catarina/data=!4m7!3m6!1s0x94dea55cb06d87eb:0x24a87df351fb67e6!8m2!3d-26.2388453!4d-48.8810482!16s%2Fg%2F11q8jm464v!19sChIJ64dtsFyl3pQR5mf7UfN9qCQ,Não,,,Pendente,,,,Não,Google Maps exibe Adicionar website; verificado em 13/08/2026.,otica
Ótica Muller,Ótica,47997040805,Joinville,https://www.google.com/maps/place/%C3%93tica+Muller/data=!4m7!3m6!1s0x94deb14ff8d368b7:0xcf240a6769e02d33!8m2!3d-26.3397945!4d-48.8117029!16s%2Fg%2F11s30klq0b!19sChIJt2jT-E-x3pQRMy3gaWcKJM8,Não,,,Pendente,,,,Não,Google Maps exibe Adicionar website; verificado em 13/08/2026.,otica
Bazar Hebron,Ótica,4734635306,Joinville,https://www.google.com/maps/place/Bazar+Hebron/data=!4m7!3m6!1s0x94deb405a094d151:0x4cb3ff05676b28ff!8m2!3d-26.3467135!4d-48.7908376!16s%2Fg%2F11b86r_69h!19sChIJUdGUoAW03pQR_yhrZwX_s0w,Não,,,Pendente,,,,Não,Google Maps exibe Adicionar website; verificado em 13/08/2026.,otica
Casa MSA,Ótica,4734540421,Joinville,https://www.google.com/maps/place/Casa+MSA/data=!4m7!3m6!1s0x94debaf6c6702693:0x8ca9ff0dbda8ca39!8m2!3d-26.3368692!4d-48.9064893!16s%2Fg%2F11f3r29wwk!19sChIJkyZwxva63pQROcqovQ3_qYw,Não,,,Pendente,,,,Não,Google Maps exibe Adicionar website; verificado em 13/08/2026.,otica
Topp Variedades - Morro do Meio,Ótica,47997771062,Joinville,https://www.google.com/maps/place/Topp+Variedades+-+Morro+do+Meio/data=!4m7!3m6!1s0x94debbfadc7031e7:0x49ebf6615295ebfb!8m2!3d-26.3370199!4d-48.8996738!16s%2Fg%2F11qr3wrkln!19sChIJ5zFw3Pq73pQR--uVUmH260k,Não,,,Pendente,,,,Não,Google Maps exibe Adicionar website; verificado em 13/08/2026.,otica
Mēddem Ópticas,Ótica,47996759310,Joinville,https://www.google.com/maps/place/M%C4%93ddem+%C3%93pticas/data=!4m7!3m6!1s0x94deb19a14f4e97b:0x2f2c0d71a63f8fd2!8m2!3d-26.3018564!4d-48.8443774!16s%2Fg%2F11yvy7hm1g!19sChIJe-n0FJqx3pQR0o8_pnENLC8,Não,,,Pendente,,,,Não,Google Maps exibe Adicionar website; verificado em 13/08/2026.,otica
Relojoaria e Ótica Tic Tem,Ótica,4734550400,Joinville,https://www.google.com/maps/place/Relojoaria+e+%C3%93tica+Tic+Tem/data=!4m7!3m6!1s0x94deb0f8addc9f01:0x4ad3c9b948bdaef0!8m2!3d-26.3198832!4d-48.8449661!16s%2Fg%2F1ts1tcs8!19sChIJAZ_crfiw3pQR8K69SLnJ00o,Não,,,Pendente,,,,Não,Google Maps exibe Adicionar website; verificado em 13/08/2026.,otica
Loja Cor e Arte 06 Jardim Paraíso,Ótica,47996066495,Joinville,https://www.google.com/maps/place/Loja+Cor+e+Arte+06+Jardim+Para%C3%ADso/data=!4m7!3m6!1s0x94deaff5f0626115:0xf5a8b959099cf68c!8m2!3d-26.2229715!4d-48.8211846!16s%2Fg%2F11q1vky62h!19sChIJFWFi8PWv3pQRjPacCVm5qPU,Não,,,Pendente,,,,Não,Google Maps exibe Adicionar website; verificado em 13/08/2026.,otica
GB Móveis,Móveis,4734653672,Joinville,https://www.google.com/maps/place/GB+M%C3%B3veis/data=!4m7!3m6!1s0x94deb6d1a20a65d7:0x8bbcafda08395e02!8m2!3d-26.3574719!4d-48.831173!16s%2Fg%2F1tfffbk0!19sChIJ12UKotG23pQRAl45CNqvvIs,Não,,,Pendente,,,,Não,Google Maps exibe Adicionar website; verificado em 13/08/2026.,moveis
Roberto Móveis LTDA,Móveis,47997561627,Joinville,https://www.google.com/maps/place/Roberto+M%C3%B3veis+LTDA/data=!4m7!3m6!1s0x94deb1709bd9a64b:0xcdfbc9bb45771af5!8m2!3d-26.3530638!4d-48.8311143!16s%2Fg%2F11jlpg942g!19sChIJS6bZm3Cx3pQR9Rp3RbvJ-80,Não,,,Pendente,,,,Não,Google Maps exibe Adicionar website; verificado em 13/08/2026.,moveis
Estoque Móveis,Móveis,47997660250,Joinville,https://www.google.com/maps/place/Estoque+M%C3%B3veis/data=!4m7!3m6!1s0x94deb6ef28a9b7cf:0x592e20385d92bd9a!8m2!3d-26.3771879!4d-48.8273894!16s%2Fg%2F11bzwnyw85!19sChIJz7epKO-23pQRmr2SXTggLlk,Não,,,Pendente,,,,Não,Google Maps exibe Adicionar website; verificado em 13/08/2026.,moveis
GB Móveis,Móveis,4734650437,Joinville,https://www.google.com/maps/place/GB+M%C3%B3veis/data=!4m7!3m6!1s0x94deb6d1135d08a5:0xbd9b3ef44d2da6ad!8m2!3d-26.360374!4d-48.8331079!16s%2Fg%2F11c3l9f16p!19sChIJpQhdE9G23pQRraYtTfQ-m70,Não,,,Pendente,,,,Não,Google Maps exibe Adicionar website; verificado em 13/08/2026.,moveis
Evolve Marcenaria,Móveis,47999152511,Joinville,https://www.google.com/maps/place/Evolve+Marcenaria/data=!4m7!3m6!1s0x94deb789dc58f491:0x6ef3456f59047664!8m2!3d-26.3625028!4d-48.8334189!16s%2Fg%2F11vzcvvjkh!19sChIJkfRY3Im33pQRZHYEWW9F824,Não,,,Pendente,,,,Não,Google Maps exibe Adicionar website; verificado em 13/08/2026.,moveis
Madarte Moveis Sob Medida,Móveis,47996456356,Joinville,https://www.google.com/maps/place/Madarte+Moveis+Sob+Medida/data=!4m7!3m6!1s0x94deb1aff9a4a07b:0x62483e8ac7f22ff0!8m2!3d-26.3635974!4d-48.8365659!16s%2Fg%2F11lmhqyxd5!19sChIJe6Ck-a-x3pQR8C_yx4o-SGI,Não,,,Pendente,,,,Não,Google Maps exibe Adicionar website; verificado em 13/08/2026.,moveis
Marcenaria Bankhardt,Móveis,47999037171,Joinville,https://www.google.com/maps/place/Marcenaria+Bankhardt/data=!4m7!3m6!1s0x94deb173f8f0f39f:0x39f110bb6fed8801!8m2!3d-26.3557773!4d-48.8456391!16s%2Fg%2F11rvglndry!19sChIJn_Pw-HOx3pQRAYjtb7sQ8Tk,Não,,,Pendente,,,,Não,Google Maps exibe Adicionar website; verificado em 13/08/2026.,moveis
Personalizze Móveis Planejados,Móveis,47999781124,Joinville,https://www.google.com/maps/place/Personalizze+M%C3%B3veis+Planejados/data=!4m7!3m6!1s0x94deb74700d40255:0x83f6daf3cf84d888!8m2!3d-26.3617252!4d-48.8251984!16s%2Fg%2F11f637tp2d!19sChIJVQLUAEe33pQRiNiEz_Pa9oM,Não,,,Pendente,,,,Não,Google Maps exibe Adicionar website; verificado em 13/08/2026.,moveis
Marcenaria G.L LTDA ME,Móveis,47999846440,Joinville,https://www.google.com/maps/place/Marcenaria+G.L+LTDA+ME/data=!4m7!3m6!1s0x94deb1f1faba3afb:0x35ba2c9e57dfcac3!8m2!3d-26.354195!4d-48.8416049!16s%2Fg%2F11q95d6p7s!19sChIJ-zq6-vGx3pQRw8rfV54sujU,Não,,,Pendente,,,,Não,Google Maps exibe Adicionar website; verificado em 13/08/2026.,moveis
Marcenaria Alves moveis sob medidas,Móveis,47999854599,Joinville,https://www.google.com/maps/place/Marcenaria+Alves+moveis+sob+medidas/data=!4m7!3m6!1s0x94deb7e240c0826f:0x6dc1a01d75e6bcb9!8m2!3d-26.3852215!4d-48.8222254!16s%2Fg%2F11z7mh0ygm!19sChIJb4LAQOK33pQRubzmdR2gwW0,Não,,,Pendente,,,,Não,Google Maps exibe Adicionar website; verificado em 13/08/2026.,moveis
Marcenaria Cipres móveis personalizados,Móveis,47991492141,Joinville,https://www.google.com/maps/place/Marcenaria+Cipres+m%C3%B3veis+personalizados/data=!4m7!3m6!1s0x94deb1c201d2e349:0x9cfccaae16e52cb0!8m2!3d-26.3475878!4d-48.8308206!16s%2Fg%2F11lydqlw36!19sChIJSePSAcKx3pQRsCzlFq7K_Jw,Não,,,Pendente,,,,Não,Google Maps exibe Adicionar website; verificado em 13/08/2026.,moveis
JJN Marcenaria Reinert,Móveis,47992882870,Joinville,https://www.google.com/maps/place/JJN+Marcenaria+Reinert/data=!4m7!3m6!1s0x94deb73e93306b6f:0xeca7f8a537ec33d2!8m2!3d-26.3795119!4d-48.8231422!16s%2Fg%2F11f5v7lc0d!19sChIJb2swkz633pQR0jPsN6X4p-w,Não,,,Pendente,,,,Não,Google Maps exibe Adicionar website; verificado em 13/08/2026.,moveis
Marcenaria Recomeçar Móveis Planejados,Móveis,47991517758,Joinville,https://www.google.com/maps/place/Marcenaria+Recome%C3%A7ar+M%C3%B3veis+Planejados/data=!4m7!3m6!1s0x94deb7c7718bad2f:0x56e737bbd6696e10!8m2!3d-26.3513171!4d-48.8272226!16s%2Fg%2F11vqvd_cn6!19sChIJL62Lcce33pQREG5p1rs351Y,Não,,,Pendente,,,,Não,Google Maps exibe Adicionar website; verificado em 13/08/2026.,moveis
Metri Marcenaria,Móveis,47988039046,Joinville,https://www.google.com/maps/place/Metri+Marcenaria/data=!4m7!3m6!1s0x94deb1025dfee5f9:0x62074919a97c5a89!8m2!3d-26.3539644!4d-48.8524563!16s%2Fg%2F11tnj2rlrf!19sChIJ-eX-XQKx3pQRiVp8qRlJB2I,Não,,,Pendente,,,,Não,Google Maps exibe Adicionar website; verificado em 13/08/2026.,moveis
Prime interiores marcenaria,Móveis,47989242898,Joinville,https://www.google.com/maps/place/Prime+interiores+marcenaria/data=!4m7!3m6!1s0x94deb1c175eadccd:0xfc5d4473f16409ce!8m2!3d-26.349444!4d-48.8275407!16s%2Fg%2F11xdt8yd3x!19sChIJzdzqdcGx3pQRzglk8XNEXfw,Não,,,Pendente,,,,Não,Google Maps exibe Adicionar website; verificado em 13/08/2026.,moveis
Marcenaria Suprema,Móveis,47991498243,Joinville,https://www.google.com/maps/place/Marcenaria+Suprema/data=!4m7!3m6!1s0x94deb14c77524111:0x9a680f9e58684ef1!8m2!3d-26.3446732!4d-48.8143303!16s%2Fg%2F12qft0_kn!19sChIJEUFSd0yx3pQR8U5oWJ4PaJo,Não,,,Pendente,,,,Não,Google Maps exibe Adicionar website; verificado em 13/08/2026.,moveis
Versátil Móveis Ltda.,Móveis,47996653811,Joinville,https://www.google.com/maps/place/Vers%C3%A1til+M%C3%B3veis+Ltda./data=!4m7!3m6!1s0x94deb6f3729c125b:0x61724c831e36fbe7!8m2!3d-26.3537835!4d-48.832836!16s%2Fg%2F11fyzxsfj6!19sChIJWxKccvO23pQR5_s2HoNMcmE,Não,,,Pendente,,,,Não,Google Maps exibe Adicionar website; verificado em 13/08/2026.,moveis
Angular Móveis - Móveis Sob Medida,Móveis,47988709741,Joinville,https://www.google.com/maps/place/Angular+M%C3%B3veis+-+M%C3%B3veis+Sob+Medida/data=!4m7!3m6!1s0x94deafe8ee593d6b:0x26d7632197209785!8m2!3d-26.3038386!4d-48.8471767!16s%2Fg%2F11c6ld_ry0!19sChIJaz1Z7uiv3pQRhZcglyFj1yY,Não,,,Pendente,,,,Não,Google Maps exibe Adicionar website; verificado em 13/08/2026.,moveis
Imaginatta Design,Móveis,4730281967,Joinville,https://www.google.com/maps/place/Imaginatta+Design/data=!4m7!3m6!1s0x94deb0447e3dcf97:0xad0784006f4fc5f9!8m2!3d-26.3070078!4d-48.8512557!16s%2Fg%2F1tfbd9kj!19sChIJl889fkSw3pQR-cVPbwCEB60,Não,,,Pendente,,,,Não,Google Maps exibe Adicionar website; verificado em 13/08/2026.,moveis
Correa Ambientes - Móveis Planejados,Móveis,47984757741,Joinville,https://www.google.com/maps/place/Correa+Ambientes+-+M%C3%B3veis+Planejados/data=!4m7!3m6!1s0x94deb1d0e789241b:0x2522a7081af67835!8m2!3d-26.2769295!4d-48.834941!16s%2Fg%2F11h3l_c5_n!19sChIJGySJ59Cx3pQRNXj2GginIiU,Não,,,Pendente,,,,Não,Google Maps exibe Adicionar website; verificado em 13/08/2026.,moveis
Akaza móveis sob medida,Móveis,47996775191,Joinville,https://www.google.com/maps/place/Akaza+m%C3%B3veis+sob+medida/data=!4m7!3m6!1s0x89178e93e49def01:0xfc46db092f6c7c28!8m2!3d-26.3241262!4d-48.8552771!16s%2Fg%2F11rysq92n3!19sChIJAe-d5JOOF4kRKHxsLwnbRvw,Não,,,Pendente,,,,Não,Google Maps exibe Adicionar website; verificado em 13/08/2026.,moveis
Central das Marcenarias,Móveis,47988572943,Joinville,https://www.google.com/maps/place/Central+das+Marcenarias/data=!4m7!3m6!1s0x94deb31a7413bfad:0xe1cc82b07ce1c20c!8m2!3d-26.3201423!4d-48.8258817!16s%2Fg%2F11jcfnxfks!19sChIJrb8TdBqz3pQRDMLhfLCCzOE,Não,,,Pendente,,,,Não,Google Maps exibe Adicionar website; verificado em 13/08/2026.,moveis
Marcenaria Madeira Maciça,Móveis,47984158264,Joinville,https://www.google.com/maps/place/Marcenaria+Madeira+Maci%C3%A7a/data=!4m7!3m6!1s0x94deb1b2ff3cb4ef:0x4ea5b1d579123f1f!8m2!3d-26.3282565!4d-48.8426896!16s%2Fg%2F11gsn1lvx5!19sChIJ77Q8_7Kx3pQRHz8SedWxpU4,Não,,,Pendente,,,,Não,Google Maps exibe Adicionar website; verificado em 13/08/2026.,moveis
Marcenaria Casa Feliz,Móveis,4734372218,Joinville,https://www.google.com/maps/place/Marcenaria+Casa+Feliz/data=!4m7!3m6!1s0x94deb1d2ca68b663:0xedb57435bf51cda3!8m2!3d-26.3246962!4d-48.8395443!16s%2Fg%2F11h_3xckbk!19sChIJY7ZoytKx3pQRo81RvzV0te0,Não,,,Pendente,,,,Não,Google Maps exibe Adicionar website; verificado em 13/08/2026.,moveis
Marcenaria Joacyr (Móveis Sob Medida),Móveis,47996061433,Joinville,https://www.google.com/maps/place/Marcenaria+Joacyr+%28M%C3%B3veis+Sob+Medida%29/data=!4m7!3m6!1s0x94deb153dcb31f0f:0x1fe6d8c503c6b773!8m2!3d-26.3404961!4d-48.8061134!16s%2Fg%2F11bxfjf3qh!19sChIJDx-z3FOx3pQRc7fGA8XY5h8,Não,,,Pendente,,,,Não,Google Maps exibe Adicionar website; verificado em 13/08/2026.,moveis
Criative Marcenaria,Móveis,4732279780,Joinville,https://www.google.com/maps/place/Criative+Marcenaria/data=!4m7!3m6!1s0x94deb02f9941c05f:0xd2a775a0c6e836e5!8m2!3d-26.2895641!4d-48.848794!16s%2Fg%2F11h2n6z6n5!19sChIJX8BBmS-w3pQR5TboxqB1p9I,Não,,,Pendente,,,,Não,Google Maps exibe Adicionar website; verificado em 13/08/2026.,moveis
Decor Designer. Móveis de alto padrão.,Móveis,47992331220,Joinville,https://www.google.com/maps/place/Decor+Designer.+M%C3%B3veis+de+alto+padr%C3%A3o./data=!4m7!3m6!1s0x94deb7a34757d033:0x26eb596fa7c58ec3!8m2!3d-26.357299!4d-48.8164326!16s%2Fg%2F11nxnwpwr5!19sChIJM9BXR6O33pQRw47Fp29Z6yY,Não,,,Pendente,,,,Não,Google Maps exibe Adicionar website; verificado em 13/08/2026.,moveis
RM SOLUÇÕES PARA MARCENARIA - JOINLACK,Móveis,47984457825,Joinville,https://www.google.com/maps/place/RM+SOLU%C3%87%C3%95ES+PARA+MARCENARIA+-+JOINLACK/data=!4m7!3m6!1s0x94deb721e36b13dd:0x449dd25a50d2e4fb!8m2!3d-26.3933866!4d-48.8143367!16s%2Fg%2F11x0qbnq17!19sChIJ3RNr4yG33pQR--TSUFrSnUQ,Não,,,Pendente,,,,Não,Google Maps exibe Adicionar website; verificado em 13/08/2026.,moveis
CASA CATARINA,Móveis,47999117515,Joinville,https://www.google.com/maps/place/CASA+CATARINA/data=!4m7!3m6!1s0x94deb1af1e9461db:0x71810d4b6646fba6!8m2!3d-26.3014864!4d-48.8537365!16s%2Fg%2F11yvjtpmv9!19sChIJ22GUHq-x3pQRpvtGZksNgXE,Não,,,Pendente,,,,Não,Google Maps exibe Adicionar website; verificado em 13/08/2026.,moveis
Marcenaria Sartotti,Móveis,4734661155,Joinville,https://www.google.com/maps/place/Marcenaria+Sartotti/data=!4m7!3m6!1s0x94deb6c9f876f239:0x59a90ca9bf519b9b!8m2!3d-26.3537586!4d-48.8203494!16s%2Fg%2F1tcym5qf!19sChIJOfJ2-Mm23pQRm5tRv6kMqVk,Não,,,Pendente,,,,Não,Google Maps exibe Adicionar website; verificado em 13/08/2026.,moveis
Mazzon Móveis de Gramado,Móveis,4730282545,Joinville,https://www.google.com/maps/place/Mazzon+M%C3%B3veis+de+Gramado/data=!4m7!3m6!1s0x94deb051ed9e6b5d:0x8b4baba9fcd8226f!8m2!3d-26.3110863!4d-48.8453667!16s%2Fg%2F1thbxtt3!19sChIJXWue7VGw3pQRbyLY_KmrS4s,Não,,,Pendente,,,,Não,Google Maps exibe Adicionar website; verificado em 13/08/2026.,moveis
Remake Móveis Sob Medida,Móveis,47984080828,Joinville,https://www.google.com/maps/place/Remake+M%C3%B3veis+Sob+Medida/data=!4m7!3m6!1s0x94deb07766e5f7fd:0x4dfe0fbac9a21328!8m2!3d-26.3202585!4d-48.8764565!16s%2Fg%2F11fyxbkfyp!19sChIJ_fflZnew3pQRKBOiyboP_k0,Não,,,Pendente,,,,Não,Google Maps exibe Adicionar website; verificado em 13/08/2026.,moveis
BT Wood Marcenaria Router CNC,Móveis,47996787293,Joinville,https://www.google.com/maps/place/BT+Wood+Marcenaria+Router+CNC/data=!4m7!3m6!1s0x94deb15515e534ff:0xd3dbed64e6a7edba!8m2!3d-26.3229939!4d-48.8568003!16s%2Fg%2F11khrnfl9k!19sChIJ_zTlFVWx3pQRuu2n5mTt29M,Não,,,Pendente,,,,Não,Google Maps exibe Adicionar website; verificado em 13/08/2026.,moveis
Falabretti,Móveis,4730275219,Joinville,https://www.google.com/maps/place/Falabretti/data=!4m7!3m6!1s0x94deb0f8b96493ad:0xbd1ba5b01f9793f0!8m2!3d-26.320618!4d-48.8456029!16s%2Fg%2F11bv2gz6qj!19sChIJrZNkufiw3pQR8JOXH7ClG70,Não,,,Pendente,,,,Não,Google Maps exibe Adicionar website; verificado em 13/08/2026.,moveis
Estofaria Elite | Estofados sob medida,Móveis,47991360145,Joinville,https://www.google.com/maps/place/Estofaria+Elite+%7C+Estofados+sob+medida/data=!4m7!3m6!1s0x94deb1a81f53fe7f:0x3c1eb0caac9b5e08!8m2!3d-26.3216884!4d-48.8458115!16s%2Fg%2F11pq116fhr!19sChIJf_5TH6ix3pQRCF6brMqwHjw,Não,,,Pendente,,,,Não,Google Maps exibe Adicionar website; verificado em 13/08/2026.,moveis
Casa Gramado Madeira,Móveis,47991494334,Joinville,https://www.google.com/maps/place/Casa+Gramado+Madeira/data=!4m7!3m6!1s0x94deb1a4fc6cca0d:0xbf687a74694fa968!8m2!3d-26.3110839!4d-48.845277!16s%2Fg%2F11lv7v__ss!19sChIJDcps_KSx3pQRaKlPaXR6aL8,Não,,,Pendente,,,,Não,Google Maps exibe Adicionar website; verificado em 13/08/2026.,moveis
Casa e Cozinha,Móveis,4730267409,Joinville,https://www.google.com/maps/place/Casa+e+Cozinha/data=!4m7!3m6!1s0x94deb0569add4861:0x82760c8a7f8dc586!8m2!3d-26.3157451!4d-48.8436153!16s%2Fg%2F11bv1p94tv!19sChIJYUjdmlaw3pQRhsWNf4oMdoI,Não,,,Pendente,,,,Não,Google Maps exibe Adicionar website; verificado em 13/08/2026.,moveis
Moveis Sob Medida - Fugazza,Móveis,47999154922,Joinville,https://www.google.com/maps/place/Moveis+Sob+Medida+-+Fugazza/data=!4m7!3m6!1s0x94deb1832529882d:0xb23a3e1c039207ce!8m2!3d-26.3037569!4d-48.8133975!16s%2Fg%2F11yvy5hgdk!19sChIJLYgpJYOx3pQRzgeSAxw-OrI,Não,,,Pendente,,,,Não,Google Maps exibe Adicionar website; verificado em 13/08/2026.,moveis
Móveis Estrela,Móveis,4734355755,Joinville,https://www.google.com/maps/place/M%C3%B3veis+Estrela/data=!4m7!3m6!1s0x94dea5606e88fb0b:0x201808113d03267!8m2!3d-26.2731768!4d-48.8816129!16s%2Fg%2F11bvt11q10!19sChIJC_uIbmCl3pQRZzLQE4GAAQI,Não,,,Pendente,,,,Não,Google Maps exibe Adicionar website; verificado em 13/08/2026.,moveis
Mega Móveis Usados,Móveis,47991831039,Joinville,https://www.google.com/maps/place/Mega+M%C3%B3veis+Usados/data=!4m7!3m6!1s0x94dea53b230f1d9d:0xdc37ddfe96f1c7fa!8m2!3d-26.2737076!4d-48.8831431!16s%2Fg%2F11g310mqtr!19sChIJnR0PIzul3pQR-sfxlv7dN9w,Não,,,Pendente,,,,Não,Google Maps exibe Adicionar website; verificado em 13/08/2026.,moveis
Allbeta Loja Decor,Móveis,47992554966,Joinville,https://www.google.com/maps/place/Allbeta+Loja+Decor/data=!4m7!3m6!1s0x94deafb8e8a8a811:0x83983530e8456ae6!8m2!3d-26.2711996!4d-48.8723737!16s%2Fg%2F11zg1fb1t1!19sChIJEaio6Liv3pQR5mpF6DA1mIM,Não,,,Pendente,,,,Não,Google Maps exibe Adicionar website; verificado em 13/08/2026.,moveis
Móveis Usados da Nina,Móveis,47992357998,Joinville,https://www.google.com/maps/place/M%C3%B3veis+Usados+da+Nina/data=!4m7!3m6!1s0x94deaf89d702f39f:0x1a3e5f6d0d8fe169!8m2!3d-26.2663619!4d-48.8798089!16s%2Fg%2F11bvt8kk18!19sChIJn_MC14mv3pQRaeGPDW1fPho,Não,,,Pendente,,,,Não,Google Maps exibe Adicionar website; verificado em 13/08/2026.,moveis
Montador de móveis em geral,Móveis,47996193608,Joinville,https://www.google.com/maps/place/Montador+de+m%C3%B3veis+em+geral/data=!4m7!3m6!1s0x94dea53ceec12659:0xe98f0d1ecbd273c3!8m2!3d-26.2768689!4d-48.8850189!16s%2Fg%2F11h1jp9dch!19sChIJWSbB7jyl3pQRw3PSyx4Nj-k,Não,,,Pendente,,,,Não,Google Maps exibe Adicionar website; verificado em 13/08/2026.,moveis
ED MÓVEIS SOB MEDIDA,Móveis,47999352506,Joinville,https://www.google.com/maps/place/ED+M%C3%93VEIS+SOB+MEDIDA/data=!4m7!3m6!1s0x94deaf3099fbfa6b:0x291cb2748f900d40!8m2!3d-26.2655488!4d-48.8634646!16s%2Fg%2F11h6cfbqld!19sChIJa_r7mTCv3pQRQA2Qj3SyHCk,Não,,,Pendente,,,,Não,Google Maps exibe Adicionar website; verificado em 13/08/2026.,moveis
NAVALSKI Móveis sob medida,Móveis,47988390994,Joinville,https://www.google.com/maps/place/NAVALSKI+M%C3%B3veis+sob+medida/data=!4m7!3m6!1s0x456362335a43f785:0x1bcf1c6a6e19be94!8m2!3d-26.2774832!4d-48.8685989!16s%2Fg%2F11y8h5h_bq!19sChIJhfdDWjNiY0URlL4Zbmoczxs,Não,,,Pendente,,,,Não,Google Maps exibe Adicionar website; verificado em 13/08/2026.,moveis
Coelho móveis sob medida,Móveis,47991673261,Joinville,https://www.google.com/maps/place/Coelho+m%C3%B3veis+sob+medida/data=!4m7!3m6!1s0x94deb5b74ff9053b:0xbc24c81950ec024d!8m2!3d-26.281325!4d-48.8962674!16s%2Fg%2F11q29xgpk9!19sChIJOwX5T7e13pQRTQLsUBnIJLw,Não,,,Pendente,,,,Não,Google Maps exibe Adicionar website; verificado em 13/08/2026.,moveis
J Medeiros Móveis,Móveis,4734735955,Joinville,https://www.google.com/maps/place/J+Medeiros+M%C3%B3veis/data=!4m7!3m6!1s0x94deaf8b771fc3c3:0xf856426cd2902ccd!8m2!3d-26.2692667!4d-48.8759291!16s%2Fg%2F1vbnqkk2!19sChIJw8Mfd4uv3pQRzSyQ0mxCVvg,Não,,,Pendente,,,,Não,Google Maps exibe Adicionar website; verificado em 13/08/2026.,moveis
AD Móveis Marcenaria,Móveis,4734735399,Joinville,https://www.google.com/maps/place/AD+M%C3%B3veis+Marcenaria/data=!4m7!3m6!1s0x94deaf8a0cc2dd31:0x54c1f673a949c3ed!8m2!3d-26.2688691!4d-48.8797828!16s%2Fg%2F1tfh5tj1!19sChIJMd3CDIqv3pQR7cNJqXP2wVQ,Não,,,Pendente,,,,Não,Google Maps exibe Adicionar website; verificado em 13/08/2026.,moveis
JS Marcenaria Design,Móveis,47997191478,Joinville,https://www.google.com/maps/place/JS+Marcenaria+Design/data=!4m7!3m6!1s0x94deb1c61e54a905:0x9da5f9ce24ba9bf9!8m2!3d-26.3534408!4d-48.8201329!16s%2Fg%2F11gs5fz0lp!19sChIJBalUHsax3pQR-Zu6JM75pZ0,Não,,,Pendente,,,,Não,Google Maps exibe Adicionar website; verificado em 13/08/2026.,moveis
Marcenaria Schmidt,Móveis,47999711131,Joinville,https://www.google.com/maps/place/Marcenaria+Schmidt/data=!4m7!3m6!1s0x94dea57b369498ad:0x1a27f639ff1d4c3d!8m2!3d-26.2654894!4d-48.8866048!16s%2Fg%2F1tfh5thy!19sChIJrZiUNnul3pQRPUwd_zn2Jxo,Não,,,Pendente,,,,Não,Google Maps exibe Adicionar website; verificado em 13/08/2026.,moveis
Móveis Jedan,Móveis,47996307928,Joinville,https://www.google.com/maps/place/M%C3%B3veis+Jedan/data=!4m7!3m6!1s0x94dea5b6f4838ce5:0xe6b75b835347d1f8!8m2!3d-26.292356!4d-48.8996752!16s%2Fg%2F11qgdfh98m!19sChIJ5YyD9Lal3pQR-NFHU4Nbt-Y,Não,,,Pendente,,,,Não,Google Maps exibe Adicionar website; verificado em 13/08/2026.,moveis
Bruluc Móveis,Móveis,47988818688,Joinville,https://www.google.com/maps/place/Bruluc+M%C3%B3veis/data=!4m7!3m6!1s0x94dea5cbb089e525:0x7cd4d626c6e8a68c!8m2!3d-26.2951844!4d-48.9021695!16s%2Fg%2F11pdmv97j8!19sChIJJeWJsMul3pQRjKboxibW1Hw,Não,,,Pendente,,,,Não,Google Maps exibe Adicionar website; verificado em 13/08/2026.,moveis
Júnior Móveis Usados,Móveis,4734222554,Joinville,https://www.google.com/maps/place/J%C3%BAnior+M%C3%B3veis+Usados/data=!4m7!3m6!1s0x94dea547aef085b5:0x752020e2e7ac07cb!8m2!3d-26.2872857!4d-48.8980176!16s%2Fg%2F11f40pgyvl!19sChIJtYXwrkel3pQRywes5-IgIHU,Não,,,Pendente,,,,Não,Google Maps exibe Adicionar website; verificado em 13/08/2026.,moveis
HN PLANEJADOS,Móveis,47991593608,Joinville,https://www.google.com/maps/place/HN+PLANEJADOS/data=!4m7!3m6!1s0x807932d8bb27724b:0xe35ac4ce2c329ea2!8m2!3d-26.2842317!4d-48.8998378!16s%2Fg%2F11z4xnkt0d!19sChIJS3Inu9gyeYARop4yLM7EWuM,Não,,,Pendente,,,,Não,Google Maps exibe Adicionar website; verificado em 13/08/2026.,moveis
Marciel móveis,Móveis,47996713894,Joinville,https://www.google.com/maps/place/Marciel+m%C3%B3veis/data=!4m7!3m6!1s0x94dea59be1c2e5f9:0x988f7fcbe19b3b6a!8m2!3d-26.2829331!4d-48.8986952!16s%2Fg%2F11p5n8bvk4!19sChIJ-eXC4Zul3pQRajub4ct_j5g,Não,,,Pendente,,,,Não,Google Maps exibe Adicionar website; verificado em 13/08/2026.,moveis
Lojas Cachoeira filial 4,Móveis,47989020754,Joinville,https://www.google.com/maps/place/Lojas+Cachoeira+filial+4/data=!4m7!3m6!1s0x94dea5ee018419a1:0x87a1580011a89557!8m2!3d-26.2913691!4d-48.900357!16s%2Fg%2F11j_0pf8r2!19sChIJoRmEAe6l3pQRV5WoEQBYoYc,Não,,,Pendente,,,,Não,Google Maps exibe Adicionar website; verificado em 13/08/2026.,moveis
TM Móveis Sob Medida,Móveis,4734331615,Joinville,https://www.google.com/maps/place/TM+M%C3%B3veis+Sob+Medida/data=!4m7!3m6!1s0x94dea5201849fd5d:0xb4fc1acc91415454!8m2!3d-26.2848086!4d-48.9184313!16s%2Fg%2F11dxcknz66!19sChIJXf1JGCCl3pQRVFRBkcwa_LQ,Não,,,Pendente,,,,Não,Google Maps exibe Adicionar website; verificado em 13/08/2026.,moveis
My House Projetados - Móveis Sob medida,Móveis,47999807953,Joinville,https://www.google.com/maps/place/My+House+Projetados+-+M%C3%B3veis+Sob+medida/data=!4m7!3m6!1s0x94dea55367198479:0xf08d9e444ef87a2e!8m2!3d-26.2897096!4d-48.9136119!16s%2Fg%2F11snyvcr60!19sChIJeYQZZ1Ol3pQRLnr4TkSejfA,Não,,,Pendente,,,,Não,Google Maps exibe Adicionar website; verificado em 13/08/2026.,moveis
Primus Interiores,Móveis,4734736341,Joinville,https://www.google.com/maps/place/Primus+Interiores/data=!4m7!3m6!1s0x94dea541a5dea9f3:0xbdd58ed05167b906!8m2!3d-26.2831893!4d-48.8965784!16s%2Fg%2F11f3c8_rb8!19sChIJ86nepUGl3pQRBrlnUdCO1b0,Não,,,Pendente,,,,Não,Google Maps exibe Adicionar website; verificado em 13/08/2026.,moveis
Maxnobre Móveis Planejados,Móveis,47992218622,Joinville,https://www.google.com/maps/place/Maxnobre+M%C3%B3veis+Planejados/data=!4m7!3m6!1s0x94dea56cb2598dcd:0x89904c3226c6c139!8m2!3d-26.2932861!4d-48.8983667!16s%2Fg%2F11k549_s7t!19sChIJzY1Zsmyl3pQROcHGJjJMkIk,Não,,,Pendente,,,,Não,Google Maps exibe Adicionar website; verificado em 13/08/2026.,moveis
Economic Móveis Planejados,Móveis,47996496040,Joinville,https://www.google.com/maps/place/Economic+M%C3%B3veis+Planejados/data=!4m7!3m6!1s0x94dea542831cd5e5:0x82c6ef5205c5b670!8m2!3d-26.2976788!4d-48.9052324!16s%2Fg%2F11kq2d_d92!19sChIJ5dUcg0Kl3pQRcLbFBVLvxoI,Não,,,Pendente,,,,Não,Google Maps exibe Adicionar website; verificado em 13/08/2026.,moveis
Rodrigo Móveis Sob Medida,Móveis,47997361070,Joinville,https://www.google.com/maps/place/Rodrigo+M%C3%B3veis+Sob+Medida/data=!4m7!3m6!1s0x94deb51a415e9b05:0x9ba465a318be33d5!8m2!3d-26.349878!4d-48.7951336!16s%2Fg%2F11gxw7qwwg!19sChIJBZteQRq13pQR1TO-GKNlpJs,Não,,,Pendente,,,,Não,Google Maps exibe Adicionar website; verificado em 13/08/2026.,moveis
Marcenaria Lehnnkuhl,Móveis,4734390751,Joinville,https://www.google.com/maps/place/Marcenaria+Lehnnkuhl/data=!4m7!3m6!1s0x94dea56aaf103e7d:0xb3046a70d86b542e!8m2!3d-26.2795672!4d-48.9002549!16s%2Fg%2F1ptv_pnwc!19sChIJfT4Qr2ql3pQRLlRr2HBqBLM,Não,,,Pendente,,,,Não,Google Maps exibe Adicionar website; verificado em 13/08/2026.,moveis
Manus Marcenaria,Móveis,4734391725,Joinville,https://www.google.com/maps/place/Manus+Marcenaria/data=!4m7!3m6!1s0x94dea5d7fc1e6ed9:0x5fd018ea4419c5e7!8m2!3d-26.2905269!4d-48.8953538!16s%2Fg%2F11f71g6h01!19sChIJ2W4e_Nel3pQR58UZROoY0F8,Não,,,Pendente,,,,Não,Google Maps exibe Adicionar website; verificado em 13/08/2026.,moveis
Trapp marcenaria,Móveis,47996223047,Joinville,https://www.google.com/maps/place/Trapp+marcenaria/data=!4m7!3m6!1s0x94dea5201a62c431:0xcdf592ac84ccf054!8m2!3d-26.2875059!4d-48.9194919!16s%2Fg%2F11hc_jpcbt!19sChIJMcRiGiCl3pQRVPDMhKyS9c0,Não,,,Pendente,,,,Não,Google Maps exibe Adicionar website; verificado em 13/08/2026.,moveis
Fabrinew,Móveis,4734663582,Joinville,https://www.google.com/maps/place/Fabrinew/data=!4m7!3m6!1s0x94dea5237ed30d27:0x4e02f736409ca82!8m2!3d-26.2891039!4d-48.9125449!16s%2Fg%2F11bvt2cc0g!19sChIJJw3TfiOl3pQRgsoJZHMv4AQ,Não,,,Pendente,,,,Não,Google Maps exibe Adicionar website; verificado em 13/08/2026.,moveis
Móveis Antonowiski,Móveis,47992843079,Joinville,https://www.google.com/maps/place/M%C3%B3veis+Antonowiski/data=!4m7!3m6!1s0x94dea5d99803a2bd:0x6961fab1ca66b7fa!8m2!3d-26.2828543!4d-48.9119054!16s%2Fg%2F11g4d6sn2h!19sChIJvaIDmNml3pQR-rdmyrH6YWk,Não,,,Pendente,,,,Não,Google Maps exibe Adicionar website; verificado em 13/08/2026.,moveis
Meu Espaço Marcenaria,Móveis,47989237310,Joinville,https://www.google.com/maps/place/Meu+Espa%C3%A7o+Marcenaria/data=!4m7!3m6!1s0x94dea5340ae6a987:0xa594a641145fe90f!8m2!3d-26.2976621!4d-48.9051472!16s%2Fg%2F11f4qm1dp_!19sChIJh6nmCjSl3pQRD-lfFEGmlKU,Não,,,Pendente,,,,Não,Google Maps exibe Adicionar website; verificado em 13/08/2026.,moveis
Marcenaria Armário Velho,Móveis,47991296303,Joinville,https://www.google.com/maps/place/Marcenaria+Arm%C3%A1rio+Velho/data=!4m7!3m6!1s0x94dea51bc438f8b1:0x9de37b04ded80c25!8m2!3d-26.2801757!4d-48.9080655!16s%2Fg%2F11lffzzj85!19sChIJsfg4xBul3pQRJQzY3gR7450,Não,,,Pendente,,,,Não,Google Maps exibe Adicionar website; verificado em 13/08/2026.,moveis
Marcenaria São João,Móveis,47997164488,Joinville,https://www.google.com/maps/place/Marcenaria+S%C3%A3o+Jo%C3%A3o/data=!4m7!3m6!1s0x94deb15bcae4de3d:0xc1b1578ed2bc1b16!8m2!3d-26.3320155!4d-48.8055714!16s%2Fg%2F1v3j03vk!19sChIJPd7kylux3pQRFhu80o5XscE,Não,,,Pendente,,,,Não,Google Maps exibe Adicionar website; verificado em 13/08/2026.,moveis
Marcenaria Heidemann Ltda,Móveis,4734368317,Joinville,https://www.google.com/maps/place/Marcenaria+Heidemann+Ltda/data=!4m7!3m6!1s0x94deb11b964b3763:0xf989c152cbcfa86a!8m2!3d-26.328145!4d-48.8335954!16s%2Fg%2F1tczrhpj!19sChIJYzdLlhux3pQRaqjPy1LBifk,Não,,,Pendente,,,,Não,Google Maps exibe Adicionar website; verificado em 13/08/2026.,moveis
Alpha Móveis Sob Medida,Móveis,47992305070,Joinville,https://www.google.com/maps/place/Alpha+M%C3%B3veis+Sob+Medida/data=!4m7!3m6!1s0x94deb193c91691b1:0x51057d9ede383bca!8m2!3d-26.3393106!4d-48.8576264!16s%2Fg%2F11z3v_kkq_!19sChIJsZEWyZOx3pQRyjs43p59BVE,Não,,,Pendente,,,,Não,Google Maps exibe Adicionar website; verificado em 13/08/2026.,moveis
Ariel Móveis Sob Medida,Móveis,47996067865,Joinville,https://www.google.com/maps/place/Ariel+M%C3%B3veis+Sob+Medida/data=!4m7!3m6!1s0x94deb0f07fe3871f:0x35c234e30a4d1f0f!8m2!3d-26.3284706!4d-48.8498525!16s%2Fg%2F11b86trzz0!19sChIJH4fjf_Cw3pQRDx9NCuM0wjU,Não,,,Pendente,,,,Não,Google Maps exibe Adicionar website; verificado em 13/08/2026.,moveis
Green Home Móveis Sob Medida,Móveis,47999691825,Joinville,https://www.google.com/maps/place/Green+Home+M%C3%B3veis+Sob+Medida/data=!4m7!3m6!1s0x94deb151f22c520d:0x483fd1c3e7597a06!8m2!3d-26.3414886!4d-48.8544607!16s%2Fg%2F11y3m23151!19sChIJDVIs8lGx3pQRBnpZ58PRP0g,Não,,,Pendente,,,,Não,Google Maps exibe Adicionar website; verificado em 13/08/2026.,moveis
Marcenaria Stang,Móveis,47999611899,Joinville,https://www.google.com/maps/place/Marcenaria+Stang/data=!4m7!3m6!1s0x94deb15b421a93d1:0xa225a6335017e108!8m2!3d-26.3318815!4d-48.808366!16s%2Fg%2F11fyljqy16!19sChIJ0ZMaQlux3pQRCOEXUDOmJaI,Não,,,Pendente,,,,Não,Google Maps exibe Adicionar website; verificado em 13/08/2026.,moveis
Ana's Móveis,Móveis,47991496781,Joinville,https://www.google.com/maps/place/Ana%27s+M%C3%B3veis/data=!4m7!3m6!1s0x94deb1f6af445893:0x69ec5530505dfc2d!8m2!3d-26.3315225!4d-48.825846!16s%2Fg%2F11gy3hg361!19sChIJk1hEr_ax3pQRLfxdUDBV7Gk,Não,,,Pendente,,,,Não,Google Maps exibe Adicionar website; verificado em 13/08/2026.,moveis
Perfix - Acessórios para Móveis,Móveis,4734549740,Joinville,https://www.google.com/maps/place/Perfix+-+Acess%C3%B3rios+para+M%C3%B3veis/data=!4m7!3m6!1s0x94deb13f32e8d6ef:0x7f9c98dc9cb012c7!8m2!3d-26.335477!4d-48.8215207!16s%2Fg%2F1ptwrvzrn!19sChIJ79boMj-x3pQRxxKwnNyYnH8,Não,,,Pendente,,,,Não,Google Maps exibe Adicionar website; verificado em 13/08/2026.,moveis
Loja Roxa Boutique - Moda feminina,Roupas,47996721791,Joinville,https://www.google.com/maps/place/Loja+Roxa+Boutique+-+Moda+feminina/data=!4m7!3m6!1s0x94deb70037ca8711:0xab82a8a6371b2d67!8m2!3d-26.3609324!4d-48.8341895!16s%2Fg%2F11vz2_zzhs!19sChIJEYfKNwC33pQRZy0bN6aogqs,Não,,,Pendente,,,,Não,Google Maps exibe Adicionar website; verificado em 13/08/2026.,roupas
CEAGAH STORE,Roupas,4734652079,Joinville,https://www.google.com/maps/place/CEAGAH+STORE/data=!4m7!3m6!1s0x94deb6d694d25f8b:0x2f3606762cd0a40f!8m2!3d-26.3609699!4d-48.8349754!16s%2Fg%2F1tlwb6zq!19sChIJi1_SlNa23pQRD6TQLHYGNi8,Não,,,Pendente,,,,Não,Google Maps exibe Adicionar website; verificado em 13/08/2026.,roupas
Saron Boehmerwald,Roupas,4734650640,Joinville,https://www.google.com/maps/place/Saron+Boehmerwald/data=!4m7!3m6!1s0x94deb6c2292fa515:0x937d8c417df60156!8m2!3d-26.3688277!4d-48.8249299!16s%2Fg%2F11bvt5j_f4!19sChIJFaUvKcK23pQRVgH2fUGMfZM,Não,,,Pendente,,,,Não,Google Maps exibe Adicionar website; verificado em 13/08/2026.,roupas
Carmel modas,Roupas,47988538915,Joinville,https://www.google.com/maps/place/Carmel+modas/data=!4m7!3m6!1s0x94deb79960a0a445:0x9c6b1dd2d0832273!8m2!3d-26.3616359!4d-48.8293387!16s%2Fg%2F11jn0dcmkf!19sChIJRaSgYJm33pQRcyKD0NIda5w,Não,,,Pendente,,,,Não,Google Maps exibe Adicionar website; verificado em 13/08/2026.,roupas
Sônia Modas,Roupas,47999640670,Joinville,https://www.google.com/maps/place/S%C3%B4nia+Modas/data=!4m7!3m6!1s0x94deb6d1cbb78767:0xd136b234db1cf1ac!8m2!3d-26.3603611!4d-48.830871!16s%2Fg%2F1ptxz86pv!19sChIJZ4e3y9G23pQRrPEc2zSyNtE,Não,,,Pendente,,,,Não,Google Maps exibe Adicionar website; verificado em 13/08/2026.,roupas
Cia da Moda- Boehmerwald,Roupas,4734265187,Joinville,https://www.google.com/maps/place/Cia+da+Moda-+Boehmerwald/data=!4m7!3m6!1s0x94deb7e9b2ce7a6d:0x7543a970177fea7c!8m2!3d-26.3601058!4d-48.8272247!16s%2Fg%2F11jg0hyh5x!19sChIJbXrOsum33pQRfOp_F3CpQ3U,Não,,,Pendente,,,,Não,Google Maps exibe Adicionar website; verificado em 13/08/2026.,roupas
Déborah Modas - Moda Feminina,Roupas,47996792042,Joinville,https://www.google.com/maps/place/D%C3%A9borah+Modas+-+Moda+Feminina/data=!4m7!3m6!1s0x94deb146d623127d:0xce2fc68b9d1a9d87!8m2!3d-26.3344517!4d-48.8171431!16s%2Fg%2F11c3l7z04k!19sChIJfRIj1kax3pQRh50anYvGL84,Não,,,Pendente,,,,Não,Google Maps exibe Adicionar website; verificado em 13/08/2026.,roupas
Loja Mírian Fê,Roupas,47988672774,Joinville,https://www.google.com/maps/place/Loja+M%C3%ADrian+F%C3%AA/data=!4m7!3m6!1s0x94de950d5cdf3ddb:0xf6d83fe8f53785c0!8m2!3d-26.3481681!4d-48.8501359!16s%2Fg%2F11rtmr6gc1!19sChIJ2z3fXA2V3pQRwIU39eg_2PY,Não,,,Pendente,,,,Não,Google Maps exibe Adicionar website; verificado em 13/08/2026.,roupas
ATRAENTE MODA FEMININA,Roupas,4738011213,Joinville,https://www.google.com/maps/place/ATRAENTE+MODA+FEMININA/data=!4m7!3m6!1s0x94deb049ea558a17:0xf43e068c836d31f6!8m2!3d-26.33221!4d-48.822509!16s%2Fg%2F11bv1mrjdn!19sChIJF4pV6kmw3pQR9jFtg4wGPvQ,Não,,,Pendente,,,,Não,Google Maps exibe Adicionar website; verificado em 13/08/2026.,roupas
Nanda Modas,Roupas,4734545533,Joinville,https://www.google.com/maps/place/Nanda+Modas/data=!4m7!3m6!1s0x94deb14f0050dff7:0x8150e6279fe652d9!8m2!3d-26.3396194!4d-48.812644!16s%2Fg%2F11bv6l5xx6!19sChIJ999QAE-x3pQR2VLmnyfmUIE,Não,,,Pendente,,,,Não,Google Maps exibe Adicionar website; verificado em 13/08/2026.,roupas
Ternos Lorena Gabrielly JH,Roupas,47984660740,Joinville,https://www.google.com/maps/place/Ternos+Lorena+Gabrielly+JH/data=!4m7!3m6!1s0x94deb7300e39bec5:0xa17ad352b9d12119!8m2!3d-26.3659559!4d-48.8276188!16s%2Fg%2F11fqcgyj0f!19sChIJxb45DjC33pQRGSHRuVLTeqE,Não,,,Pendente,,,,Não,Google Maps exibe Adicionar website; verificado em 13/08/2026.,roupas
Bella Boutique,Roupas,47989127031,Joinville,https://www.google.com/maps/place/Bella+Boutique/data=!4m7!3m6!1s0x94deb70752f310db:0xeafc1377274fd168!8m2!3d-26.3628179!4d-48.8291884!16s%2Fg%2F11k9bq1gvb!19sChIJ2xDzUge33pQRaNFPJ3cT_Oo,Não,,,Pendente,,,,Não,Google Maps exibe Adicionar website; verificado em 13/08/2026.,roupas
Robsur,Roupas,4734233508,Joinville,https://www.google.com/maps/place/Robsur/data=!4m7!3m6!1s0x94deb0379a75c543:0xf4138226530f7962!8m2!3d-26.2990304!4d-48.8487766!16s%2Fg%2F1th5dqlw!19sChIJQ8V1mjew3pQRYnkPUyaCE_Q,Não,,,Pendente,,,,Não,Google Maps exibe Adicionar website; verificado em 13/08/2026.,roupas
Loja 047 Moda Masculina,Roupas,4738046669,Joinville,https://www.google.com/maps/place/Loja+047+Moda+Masculina/data=!4m7!3m6!1s0x94deaf831a2a946f:0xba22785535b6af21!8m2!3d-26.250154!4d-48.8209217!16s%2Fg%2F11ftngbgw2!19sChIJb5QqGoOv3pQRIa-2NVV4Iro,Não,,,Pendente,,,,Não,Google Maps exibe Adicionar website; verificado em 13/08/2026.,roupas
Robsur,Roupas,4734550620,Joinville,https://www.google.com/maps/place/Robsur/data=!4m7!3m6!1s0x94deb0f8b420b84d:0xe896236f391a07a9!8m2!3d-26.3207026!4d-48.8456692!16s%2Fg%2F1tffkyfr!19sChIJTbggtPiw3pQRqQcaOW8jlug,Não,,,Pendente,,,,Não,Google Maps exibe Adicionar website; verificado em 13/08/2026.,roupas
Ravelli Brand Store,Roupas,4730436647,Joinville,https://www.google.com/maps/place/Ravelli+Brand+Store/data=!4m7!3m6!1s0x94deb19c333bf977:0x9d62e1da2d850e74!8m2!3d-26.2945258!4d-48.8498368!16s%2Fg%2F11h_wrqs1z!19sChIJd_k7M5yx3pQRdA6FLdrhYp0,Não,,,Pendente,,,,Não,Google Maps exibe Adicionar website; verificado em 13/08/2026.,roupas
Netty Modas,Roupas,4730254796,Joinville,https://www.google.com/maps/place/Netty+Modas/data=!4m7!3m6!1s0x94deb03799eea4b9:0xe0b917e9a115d79b!8m2!3d-26.2989235!4d-48.8483868!16s%2Fg%2F1ptzrln3_!19sChIJuaTumTew3pQRm9cVoekXueA,Não,,,Pendente,,,,Não,Google Maps exibe Adicionar website; verificado em 13/08/2026.,roupas
Griff Moda feminina,Roupas,47991910708,Joinville,https://www.google.com/maps/place/Griff+Moda+feminina/data=!4m7!3m6!1s0x94deb15198e2ee83:0x92da497bc3ff942d!8m2!3d-26.2995606!4d-48.8472879!16s%2Fg%2F11rxhw8s6v!19sChIJg-7imFGx3pQRLZT_w3tJ2pI,Não,,,Pendente,,,,Não,Google Maps exibe Adicionar website; verificado em 13/08/2026.,roupas
Amaline Moda Feminina,Roupas,47988159190,Joinville,https://www.google.com/maps/place/Amaline+Moda+Feminina/data=!4m7!3m6!1s0x94deb102d0d32223:0xea72e60853a3b2d1!8m2!3d-26.3051859!4d-48.8495171!16s%2Fg%2F11r6zkbn72!19sChIJIyLT0AKx3pQR0bKjUwjmcuo,Não,,,Pendente,,,,Não,Google Maps exibe Adicionar website; verificado em 13/08/2026.,roupas
Cor Doce Moda Feminina,Roupas,4734336842,Joinville,https://www.google.com/maps/place/Cor+Doce+Moda+Feminina/data=!4m7!3m6!1s0x94deb036266980c9:0x9a43745f02b9b845!8m2!3d-26.3002571!4d-48.8465494!16s%2Fg%2F11gj4pztg2!19sChIJyYBpJjaw3pQRRbi5Al90Q5o,Não,,,Pendente,,,,Não,Google Maps exibe Adicionar website; verificado em 13/08/2026.,roupas
Madame Ká Moda Feminina Joinville,Roupas,47996214217,Joinville,https://www.google.com/maps/place/Madame+K%C3%A1+Moda+Feminina+Joinville/data=!4m7!3m6!1s0x94deb19622f0787b:0x3b5e4c84df729d75!8m2!3d-26.3015489!4d-48.8490085!16s%2Fg%2F11h8fqmdxm!19sChIJe3jwIpax3pQRdZ1y34RMXjs,Não,,,Pendente,,,,Não,Google Maps exibe Adicionar website; verificado em 13/08/2026.,roupas
Song Homem e Mulher,Roupas,47996264442,Joinville,https://www.google.com/maps/place/Song+Homem+e+Mulher/data=!4m7!3m6!1s0x94deb04a7a73abff:0x73a69d221cd56976!8m2!3d-26.299673!4d-48.842856!16s%2Fg%2F11bv1mtxn3!19sChIJ_6tzekqw3pQRdmnVHCKdpnM,Não,,,Pendente,,,,Não,Google Maps exibe Adicionar website; verificado em 13/08/2026.,roupas
Leg's,Roupas,4730287707,Joinville,https://www.google.com/maps/place/Leg%27s/data=!4m7!3m6!1s0x94deb03810dc27c7:0xc8a01d89e8cf69b6!8m2!3d-26.3012351!4d-48.8505724!16s%2Fg%2F11bv38mjf7!19sChIJxyfcEDiw3pQRtmnP6IkdoMg,Não,,,Pendente,,,,Não,Google Maps exibe Adicionar website; verificado em 13/08/2026.,roupas
Sedução Moda Homem,Roupas,4734332148,Joinville,https://www.google.com/maps/place/Sedu%C3%A7%C3%A3o+Moda+Homem/data=!4m7!3m6!1s0x94deb049edccb0e7:0x33c34ab6e708577d!8m2!3d-26.301119!4d-48.845473!16s%2Fg%2F11bv1n0p6k!19sChIJ57DM7Umw3pQRfVcI57ZKwzM,Não,,,Pendente,,,,Não,Google Maps exibe Adicionar website; verificado em 13/08/2026.,roupas
Moon Nine,Roupas,47999370123,Joinville,https://www.google.com/maps/place/Moon+Nine/data=!4m7!3m6!1s0x94deb1d04bb4ac97:0xf35a1f278520eea5!8m2!3d-26.293544!4d-48.8642488!16s%2Fg%2F11ycjbnw00!19sChIJl6y0S9Cx3pQRpe4ghScfWvM,Não,,,Pendente,,,,Não,Google Maps exibe Adicionar website; verificado em 13/08/2026.,roupas
Coliseum Gestão de Marcas | Representante Comercial de Moda Masculina OGOCHI,Roupas,47992232339,Joinville,https://www.google.com/maps/place/Coliseum+Gest%C3%A3o+de+Marcas+%7C+Representante+Comercial+de+Moda+Masculina+OGOCHI/data=!4m7!3m6!1s0x94deb17f29deb96f:0xd8ef00f736697237!8m2!3d-26.3148272!4d-48.8477504!16s%2Fg%2F11npylgsj0!19sChIJb7neKX-x3pQRN3JpNvcA79g,Não,,,Pendente,,,,Não,Google Maps exibe Adicionar website; verificado em 13/08/2026.,roupas
"Jeans Casual Moda Feminina, Masculina e Infantil",Roupas,4730267740,Joinville,"https://www.google.com/maps/place/Jeans+Casual+Moda+Feminina,+Masculina+e+Infantil/data=!4m7!3m6!1s0x94deb049803c68a1:0xdea3fe12621caa16!8m2!3d-26.302229!4d-48.8447961!16s%2Fg%2F11bv1lzqpf!19sChIJoWg8gEmw3pQRFqocYhL-o94",Não,,,Pendente,,,,Não,Google Maps exibe Adicionar website; verificado em 13/08/2026.,roupas
Villa Ganesha,Roupas,47999488600,Joinville,https://www.google.com/maps/place/Villa+Ganesha/data=!4m7!3m6!1s0x94deb037fcb5fe6d:0xbacc26b47909e239!8m2!3d-26.299071!4d-48.8535129!16s%2Fg%2F11b7y9c4s3!19sChIJbf61_Dew3pQROeIJebQmzLo,Não,,,Pendente,,,,Não,Google Maps exibe Adicionar website; verificado em 13/08/2026.,roupas
Corpaço Moda Fitness,Roupas,4730257131,Joinville,https://www.google.com/maps/place/Corpa%C3%A7o+Moda+Fitness/data=!4m7!3m6!1s0x94deafd9545b237b:0x2f431dd45e5f6a6e!8m2!3d-26.2792673!4d-48.8545664!16s%2Fg%2F11f2q5v12m!19sChIJeyNbVNmv3pQRbmpfXtQdQy8,Não,,,Pendente,,,,Não,Google Maps exibe Adicionar website; verificado em 13/08/2026.,roupas
Marisandre Modas,Roupas,47997936413,Joinville,https://www.google.com/maps/place/Marisandre+Modas/data=!4m7!3m6!1s0x94deb1e7882118bb:0x135b8bbc57c999c5!8m2!3d-26.2797551!4d-48.8196114!16s%2Fg%2F11b88lxx09!19sChIJuxghiOex3pQRxZnJV7yLWxM,Não,,,Pendente,,,,Não,Google Maps exibe Adicionar website; verificado em 13/08/2026.,roupas
Corpaço Moda Fitness,Roupas,47996727131,Joinville,https://www.google.com/maps/place/Corpa%C3%A7o+Moda+Fitness/data=!4m7!3m6!1s0x94deb046fb510811:0x9343af08b2ad8655!8m2!3d-26.3054209!4d-48.8528571!16s%2Fg%2F1thd2y_x!19sChIJEQhR-0aw3pQRVYatsgivQ5M,Não,,,Pendente,,,,Não,Google Maps exibe Adicionar website; verificado em 13/08/2026.,roupas
Moda Masculina,Roupas,47997952989,Joinville,https://www.google.com/maps/place/Moda+Masculina/data=!4m7!3m6!1s0x94deaf86ea08fe4d:0x49fa7abb14745dfb!8m2!3d-26.2769014!4d-48.8790914!16s%2Fg%2F11hdq9fyqv!19sChIJTf4I6oav3pQR-110FLt6-kk,Não,,,Pendente,,,,Não,Google Maps exibe Adicionar website; verificado em 13/08/2026.,roupas
Ponto a Ponto Artes,Roupas,4734663804,Joinville,https://www.google.com/maps/place/Ponto+a+Ponto+Artes/data=!4m7!3m6!1s0x94deb6b5641fbead:0xa2991941b034bd81!8m2!3d-26.3509051!4d-48.81922!16s%2Fg%2F11b8c43w9k!19sChIJrb4fZLW23pQRgb00sEEZmaI,Não,,,Pendente,,,,Não,Google Maps exibe Adicionar website; verificado em 13/08/2026.,roupas
Strutura Oficial,Roupas,47933806043,Joinville,https://www.google.com/maps/place/Strutura+Oficial/data=!4m7!3m6!1s0x94deb14f78698b93:0x60c3b6d0959b8c08!8m2!3d-26.3056557!4d-48.8527814!16s%2Fg%2F11zfywz0k8!19sChIJk4tpeE-x3pQRCIybldC2w2A,Não,,,Pendente,,,,Não,Google Maps exibe Adicionar website; verificado em 13/08/2026.,roupas
Lore Store & Consultoria de Imagem,Roupas,47996866502,Joinville,https://www.google.com/maps/place/Lore+Store+%26+Consultoria+de+Imagem/data=!4m7!3m6!1s0x94deb11688143b07:0xa32ac32136db6c44!8m2!3d-26.3181577!4d-48.8427226!16s%2Fg%2F11yt7f6t7b!19sChIJBzsUiBax3pQRRGzbNiHDKqM,Não,,,Pendente,,,,Não,Google Maps exibe Adicionar website; verificado em 13/08/2026.,roupas
Loja Atrevida - Itinga,Roupas,4734654525,Joinville,https://www.google.com/maps/place/Loja+Atrevida+-+Itinga/data=!4m7!3m6!1s0x94deb6f3a33dfa99:0xbf28a31befaa2c73!8m2!3d-26.382961!4d-48.8228348!16s%2Fg%2F11bvt2jld9!19sChIJmfo9o_O23pQRcyyq7xujKL8,Não,,,Pendente,,,,Não,Google Maps exibe Adicionar website; verificado em 13/08/2026.,roupas
Marizel Comércio e Representações,Roupas,4734226543,Joinville,https://www.google.com/maps/place/Marizel+Com%C3%A9rcio+e+Representa%C3%A7%C3%B5es/data=!4m7!3m6!1s0x94deb0439dfba27f:0x86e787bf516b46d9!8m2!3d-26.3087836!4d-48.8567619!16s%2Fg%2F1td0zmk5!19sChIJf6L7nUOw3pQR2UZrUb-H54Y,Não,,,Pendente,,,,Não,Google Maps exibe Adicionar website; verificado em 13/08/2026.,roupas
Bella Sefhora,Roupas,4730292321,Joinville,https://www.google.com/maps/place/Bella+Sefhora/data=!4m7!3m6!1s0x94deb03798c2699f:0xff48865e16589522!8m2!3d-26.2992382!4d-48.8486487!16s%2Fg%2F11bv3mm5w8!19sChIJn2nCmDew3pQRIpVYFl6GSP8,Não,,,Pendente,,,,Não,Google Maps exibe Adicionar website; verificado em 13/08/2026.,roupas
Boutique Mix,Roupas,4730341090,Joinville,https://www.google.com/maps/place/Boutique+Mix/data=!4m7!3m6!1s0x94deb1410122933b:0x4cf113282275a52d!8m2!3d-26.3181114!4d-48.8425941!16s%2Fg%2F11f3_w6km1!19sChIJO5MiAUGx3pQRLaV1IigT8Uw,Não,,,Pendente,,,,Não,Google Maps exibe Adicionar website; verificado em 13/08/2026.,roupas
A+ Store,Roupas,47996461499,Joinville,https://www.google.com/maps/place/A%2B+Store/data=!4m7!3m6!1s0x94deb141d1ea24e9:0x43ac9d539f729b0b!8m2!3d-26.3277333!4d-48.8347352!16s%2Fg%2F11hzlzjk8x!19sChIJ6STq0UGx3pQRC5tyn1OdrEM,Não,,,Pendente,,,,Não,Google Maps exibe Adicionar website; verificado em 13/08/2026.,roupas
Tribal Point,Roupas,4730284111,Joinville,https://www.google.com/maps/place/Tribal+Point/data=!4m7!3m6!1s0x94deb05772b291bb:0xd5c4d26fb5af367e!8m2!3d-26.3174863!4d-48.8487663!16s%2Fg%2F11b86r1zvz!19sChIJu5Gyclew3pQRfjavtW_SxNU,Não,,,Pendente,,,,Não,Google Maps exibe Adicionar website; verificado em 13/08/2026.,roupas
Anonimato,Roupas,4732273173,Joinville,https://www.google.com/maps/place/Anonimato/data=!4m7!3m6!1s0x94deb0f8b96493ad:0x7138d79de6efe501!8m2!3d-26.320618!4d-48.8456029!16s%2Fg%2F11bv2gz8gc!19sChIJrZNkufiw3pQRAeXv5p3XOHE,Não,,,Pendente,,,,Não,Google Maps exibe Adicionar website; verificado em 13/08/2026.,roupas
Culture Urban Store,Roupas,4730271341,Joinville,https://www.google.com/maps/place/Culture+Urban+Store/data=!4m7!3m6!1s0x94deb05db70003fb:0x974c214b44662530!8m2!3d-26.3187189!4d-48.8505263!16s%2Fg%2F1pp2tvh84!19sChIJ-wMAt12w3pQRMCVmREshTJc,Não,,,Pendente,,,,Não,Google Maps exibe Adicionar website; verificado em 13/08/2026.,roupas
Camila Milchert Atelier,Roupas,4734395995,Joinville,https://www.google.com/maps/place/Camila+Milchert+Atelier/data=!4m7!3m6!1s0x94dea56640aacd01:0x8ae0af68a28a9446!8m2!3d-26.3133488!4d-48.8516721!16s%2Fg%2F11s56rctss!19sChIJAc2qQGal3pQRRpSKomiv4Io,Não,,,Pendente,,,,Não,Google Maps exibe Adicionar website; verificado em 13/08/2026.,roupas
Deluxe premium,Roupas,47996958236,Joinville,https://www.google.com/maps/place/Deluxe+premium/data=!4m7!3m6!1s0x94deb1551c75229b:0x7e1760f55b979cb2!8m2!3d-26.3165313!4d-48.8484558!16s%2Fg%2F11mw7mlgph!19sChIJmyJ1HFWx3pQRspyXW_VgF34,Não,,,Pendente,,,,Não,Google Maps exibe Adicionar website; verificado em 13/08/2026.,roupas
Aline Sapatilhas Artigos de Dança e Fitness,Roupas,4732789986,Joinville,https://www.google.com/maps/place/Aline+Sapatilhas+Artigos+de+Dan%C3%A7a+e+Fitness/data=!4m7!3m6!1s0x94deb034928622f9:0x77415a720542d1a7!8m2!3d-26.295104!4d-48.8416575!16s%2Fg%2F11f102v4tp!19sChIJ-SKGkjSw3pQRp9FCBXJaQXc,Não,,,Pendente,,,,Não,Google Maps exibe Adicionar website; verificado em 13/08/2026.,roupas
Lari Store - Moda feminina e plus Size,Roupas,47997007058,Joinville,https://www.google.com/maps/place/Lari+Store+-+Moda+feminina+e+plus+Size/data=!4m7!3m6!1s0x94deafa35f101dbb:0x4f6d91f32992b517!8m2!3d-26.2721414!4d-48.8268698!16s%2Fg%2F11zjx0r49q!19sChIJux0QX6Ov3pQRF7WSKfORbU8,Não,,,Pendente,,,,Não,Google Maps exibe Adicionar website; verificado em 13/08/2026.,roupas
Tricotando a Arte em Tricot,Roupas,47996627002,Joinville,https://www.google.com/maps/place/Tricotando+a+Arte+em+Tricot/data=!4m7!3m6!1s0x94deaf14a8e19049:0xbc22159dd0a1fe0b!8m2!3d-26.2767817!4d-48.8469931!16s%2Fg%2F11ntnmjnvb!19sChIJSZDhqBSv3pQRC_6h0J0VIrw,Não,,,Pendente,,,,Não,Google Maps exibe Adicionar website; verificado em 13/08/2026.,roupas
Boeno Store,Roupas,47952842548,Joinville,https://www.google.com/maps/place/Boeno+Store/data=!4m7!3m6!1s0x94deb1950f321383:0x7126ee211b92806e!8m2!3d-26.2794905!4d-48.8368545!16s%2Fg%2F11nnth9n1l!19sChIJgxMyD5Wx3pQRboCSGyHuJnE,Não,,,Pendente,,,,Não,Google Maps exibe Adicionar website; verificado em 13/08/2026.,roupas
Paris Store Moda feminina e masculina,Roupas,47991295170,Joinville,https://www.google.com/maps/place/Paris+Store+Moda+feminina+e+masculina/data=!4m7!3m6!1s0x94deb11a84de7ceb:0x786710ab9b66c1ae!8m2!3d-26.2552426!4d-48.8199791!16s%2Fg%2F11k595w0dc!19sChIJ63zehBqx3pQRrsFmm6sQZ3g,Não,,,Pendente,,,,Não,Google Maps exibe Adicionar website; verificado em 13/08/2026.,roupas
Saron Costa e Silva,Roupas,4738040640,Joinville,https://www.google.com/maps/place/Saron+Costa+e+Silva/data=!4m7!3m6!1s0x94deafe9bc90f663:0x485c2d20b56d0506!8m2!3d-26.2661169!4d-48.8722383!16s%2Fg%2F11lfh1x341!19sChIJY_aQvOmv3pQRBgVttSAtXEg,Não,,,Pendente,,,,Não,Google Maps exibe Adicionar website; verificado em 13/08/2026.,roupas
Eromar,Roupas,4734351292,Joinville,https://www.google.com/maps/place/Eromar/data=!4m7!3m6!1s0x94deaff3836c3a83:0x81c255465e57c5f3!8m2!3d-26.273977!4d-48.8744756!16s%2Fg%2F1tfkb4zr!19sChIJgzpsg_Ov3pQR88VXXkZVwoE,Não,,,Pendente,,,,Não,Google Maps exibe Adicionar website; verificado em 13/08/2026.,roupas
Loja Sintesis,Roupas,4732273925,Joinville,https://www.google.com/maps/place/Loja+Sintesis/data=!4m7!3m6!1s0x94deaf8d117a4dbf:0x456caa215f5034fe!8m2!3d-26.2687771!4d-48.8715964!16s%2Fg%2F1tfsv0m1!19sChIJv016EY2v3pQR_jRQXyGqbEU,Não,,,Pendente,,,,Não,Google Maps exibe Adicionar website; verificado em 13/08/2026.,roupas
Palácio Store,Roupas,4738045287,Joinville,https://www.google.com/maps/place/Pal%C3%A1cio+Store/data=!4m7!3m6!1s0x94deafcb1aa4dd57:0xc80e1cadcabf6c33!8m2!3d-26.2708387!4d-48.872109!16s%2Fg%2F11fm37jmv1!19sChIJV92kGsuv3pQRM2y_yq0cDsg,Não,,,Pendente,,,,Não,Google Maps exibe Adicionar website; verificado em 13/08/2026.,roupas
Emy boutique,Roupas,47989105048,Joinville,https://www.google.com/maps/place/Emy+boutique/data=!4m7!3m6!1s0x94deafc07d16dea1:0x9d46bd2c6232812f!8m2!3d-26.2687475!4d-48.8731238!16s%2Fg%2F11sg38gs6f!19sChIJod4WfcCv3pQRL4EyYiy9Rp0,Não,,,Pendente,,,,Não,Google Maps exibe Adicionar website; verificado em 13/08/2026.,roupas
Lazuri,Roupas,4730230457,Joinville,https://www.google.com/maps/place/Lazuri/data=!4m7!3m6!1s0x94deaf8d277c5bd9:0xc8d9631b88c74a27!8m2!3d-26.2698578!4d-48.8724322!16s%2Fg%2F11bvt43rmd!19sChIJ2Vt8J42v3pQRJ0rHiBtj2cg,Não,,,Pendente,,,,Não,Google Maps exibe Adicionar website; verificado em 13/08/2026.,roupas
Full Chique,Roupas,47999997833,Joinville,https://www.google.com/maps/place/Full+Chique/data=!4m7!3m6!1s0x94deaff2ef23f5ef:0x151ecb9685f942d4!8m2!3d-26.2725056!4d-48.872429!16s%2Fg%2F11c3n0_9w1!19sChIJ7_Uj7_Kv3pQR1EL5hZbLHhU,Não,,,Pendente,,,,Não,Google Maps exibe Adicionar website; verificado em 13/08/2026.,roupas
Donna G Moda Feminina,Roupas,47996678613,Joinville,https://www.google.com/maps/place/Donna+G+Moda+Feminina/data=!4m7!3m6!1s0x94deaf2ee1687107:0xb4c1c2135f825663!8m2!3d-26.2663855!4d-48.8649059!16s%2Fg%2F11z6ncyv5c!19sChIJB3Fo4S6v3pQRY1aCXxPCwbQ,Não,,,Pendente,,,,Não,Google Maps exibe Adicionar website; verificado em 13/08/2026.,roupas
MÁRCIA MODAS,Roupas,47999950285,Joinville,https://www.google.com/maps/place/M%C3%81RCIA+MODAS/data=!4m7!3m6!1s0x94deafadbb29fda3:0x2a0ab398c4812af3!8m2!3d-26.2686824!4d-48.8729043!16s%2Fg%2F11vkppzp38!19sChIJo_0pu62v3pQR8yqBxJizCio,Não,,,Pendente,,,,Não,Google Maps exibe Adicionar website; verificado em 13/08/2026.,roupas
Venaro Trajes Masculinos,Roupas,4734735525,Joinville,https://www.google.com/maps/place/Venaro+Trajes+Masculinos/data=!4m7!3m6!1s0x94deaff0aee0aa6d:0xcd35affe4e6527bd!8m2!3d-26.2807076!4d-48.8745104!16s%2Fg%2F1tm89lf5!19sChIJbargrvCv3pQRvSdlTv6vNc0,Não,,,Pendente,,,,Não,Google Maps exibe Adicionar website; verificado em 13/08/2026.,roupas
Deluff Store,Roupas,4738014636,Joinville,https://www.google.com/maps/place/Deluff+Store/data=!4m7!3m6!1s0x94dea58c3e652069:0xe8667567b946202f!8m2!3d-26.2864843!4d-48.9072045!16s%2Fg%2F11f5tc4gns!19sChIJaSBlPoyl3pQRLyBGuWd1Zug,Não,,,Pendente,,,,Não,Google Maps exibe Adicionar website; verificado em 13/08/2026.,roupas
Jeovana Boutique Store,Roupas,47991770238,Joinville,https://www.google.com/maps/place/Jeovana+Boutique+Store/data=!4m7!3m6!1s0x94dea5ddde028801:0x255a98bf43252356!8m2!3d-26.2932524!4d-48.9139708!16s%2Fg%2F11nxcfvrxd!19sChIJAYgC3t2l3pQRViMlQ7-YWiU,Não,,,Pendente,,,,Não,Google Maps exibe Adicionar website; verificado em 13/08/2026.,roupas
Adriana Modas,Roupas,4734230994,Joinville,https://www.google.com/maps/place/Adriana+Modas/data=!4m7!3m6!1s0x94dea5362888a071:0xe7bde94ef7de9732!8m2!3d-26.2930643!4d-48.9003528!16s%2Fg%2F11bzwnkbr1!19sChIJcaCIKDal3pQRMpfe907pvec,Não,,,Pendente,,,,Não,Google Maps exibe Adicionar website; verificado em 13/08/2026.,roupas
Vitrine Mix,Roupas,47997629263,Joinville,https://www.google.com/maps/place/Vitrine+Mix/data=!4m7!3m6!1s0x94dea51eff83d2c5:0xce9c57ce11c9d316!8m2!3d-26.2877437!4d-48.8969707!16s%2Fg%2F11rwlvqbyd!19sChIJxdKD_x6l3pQRFtPJEc5XnM4,Não,,,Pendente,,,,Não,Google Maps exibe Adicionar website; verificado em 13/08/2026.,roupas
Bela Mulher,Roupas,47999741400,Joinville,https://www.google.com/maps/place/Bela+Mulher/data=!4m7!3m6!1s0x94dea5f75e566c59:0xb24e6acec9504e34!8m2!3d-26.2882349!4d-48.916626!16s%2Fg%2F11tcwlm_48!19sChIJWWxWXvel3pQRNE5Qyc5qTrI,Não,,,Pendente,,,,Não,Google Maps exibe Adicionar website; verificado em 13/08/2026.,roupas
Loja Efare,Roupas,4734222555,Joinville,https://www.google.com/maps/place/Loja+Efare/data=!4m7!3m6!1s0x94dea5253036fdfd:0x6b22bcad05b571f9!8m2!3d-26.2915995!4d-48.909477!16s%2Fg%2F11b5pjt_sk!19sChIJ_f02MCWl3pQR-XG1Ba28Ims,Não,,,Pendente,,,,Não,Google Maps exibe Adicionar website; verificado em 13/08/2026.,roupas
Upper Modas,Roupas,4734390074,Joinville,https://www.google.com/maps/place/Upper+Modas/data=!4m7!3m6!1s0x94dea53cec20e09d:0x34dbfb5b342ea874!8m2!3d-26.286622!4d-48.9083738!16s%2Fg%2F11b8jd2t2r!19sChIJneAg7Dyl3pQRdKguNFv72zQ,Não,,,Pendente,,,,Não,Google Maps exibe Adicionar website; verificado em 13/08/2026.,roupas
Perla Confecções,Roupas,4734391128,Joinville,https://www.google.com/maps/place/Perla+Confec%C3%A7%C3%B5es/data=!4m7!3m6!1s0x94dea5392297da5b:0x117ad3050c0d00af!8m2!3d-26.2874965!4d-48.9012636!16s%2Fg%2F1tfcjxrq!19sChIJW9qXIjml3pQRrwANDAXTehE,Não,,,Pendente,,,,Não,Google Maps exibe Adicionar website; verificado em 13/08/2026.,roupas
Bela Moda Feminina,Roupas,47991195736,Joinville,https://www.google.com/maps/place/Bela+Moda+Feminina/data=!4m7!3m6!1s0x94dea535f2bcf1a1:0x4f4fe2729e7d1335!8m2!3d-26.2871544!4d-48.905455!16s%2Fg%2F11xzh5wqmv!19sChIJofG88jWl3pQRNRN9nnLiT08,Não,,,Pendente,,,,Não,Google Maps exibe Adicionar website; verificado em 13/08/2026.,roupas
Melody's Modas e Acessórios,Roupas,4734330270,Joinville,https://www.google.com/maps/place/Melody%27s+Modas+e+Acess%C3%B3rios/data=!4m7!3m6!1s0x94deb0fa12814d17:0x18db1e8f83dab704!8m2!3d-26.2784802!4d-48.899223!16s%2Fg%2F11gg6d63d3!19sChIJF02BEvqw3pQRBLfag48e2xg,Não,,,Pendente,,,,Não,Google Maps exibe Adicionar website; verificado em 13/08/2026.,roupas
Fina Flor Joinville,Roupas,47997035159,Joinville,https://www.google.com/maps/place/Fina+Flor+Joinville/data=!4m7!3m6!1s0x94deb1b169e2db47:0xa44e47c5765e9ad!8m2!3d-26.2885959!4d-48.9131974!16s%2Fg%2F11ftyfx3ck!19sChIJR9viabGx3pQRrellV3zkRAo,Não,,,Pendente,,,,Não,Google Maps exibe Adicionar website; verificado em 13/08/2026.,roupas
OhLinda Moda Íntima e Fitness,Roupas,4732029500,Joinville,https://www.google.com/maps/place/OhLinda+Moda+%C3%8Dntima+e+Fitness/data=!4m7!3m6!1s0x94dea521b85b255f:0xf9f02e2a39d51bf1!8m2!3d-26.2882679!4d-48.9163078!16s%2Fg%2F11dxk_55wq!19sChIJXyVbuCGl3pQR8RvVOSou8Pk,Não,,,Pendente,,,,Não,Google Maps exibe Adicionar website; verificado em 13/08/2026.,roupas
Alfaiataria D'michels,Roupas,47991601515,Joinville,https://www.google.com/maps/place/Alfaiataria+D%27michels/data=!4m7!3m6!1s0x94deb128b78ecefb:0xac0bb5ed5641ec18!8m2!3d-26.2930867!4d-48.899168!16s%2Fg%2F11f5lxk1s4!19sChIJ-86Otyix3pQRGOxBVu21C6w,Não,,,Pendente,,,,Não,Google Maps exibe Adicionar website; verificado em 13/08/2026.,roupas
A+ Store Vila,Roupas,47996650890,Joinville,https://www.google.com/maps/place/A%2B+Store+Vila/data=!4m7!3m6!1s0x94dea50805c63c27:0x2bd243189ad628a!8m2!3d-26.2870499!4d-48.9057953!16s%2Fg%2F11yh2kwtgm!19sChIJJzzGBQil3pQRimKtiTEkvQI,Não,,,Pendente,,,,Não,Google Maps exibe Adicionar website; verificado em 13/08/2026.,roupas
Alfaiate,Roupas,4741013848,Joinville,https://www.google.com/maps/place/Alfaiate/data=!4m7!3m6!1s0x94dea5d6fc4e9d67:0x7121817571830b78!8m2!3d-26.2870863!4d-48.9101055!16s%2Fg%2F11fk137dl_!19sChIJZ51O_Nal3pQReAuDcXWBIXE,Não,,,Pendente,,,,Não,Google Maps exibe Adicionar website; verificado em 13/08/2026.,roupas
LS Contabilidade Apoio e Assessoria Contábil,Contabilidade,47991038142,Joinville,https://www.google.com/maps/place/LS+Contabilidade+Apoio+e+Assessoria+Cont%C3%A1bil/data=!4m7!3m6!1s0x94deb7846e983587:0x3845dce60ad9cdd2!8m2!3d-26.3589434!4d-48.8281269!16s%2Fg%2F11z5b301hv!19sChIJhzWYboS33pQR0s3ZCubcRTg,Não,,,Pendente,,,,Não,Google Maps exibe Adicionar website; verificado em 13/08/2026.,contabilidade
Contabilidade Petrópolis,Contabilidade,4734262813,Joinville,https://www.google.com/maps/place/Contabilidade+Petr%C3%B3polis/data=!4m7!3m6!1s0x94deb126893eebbd:0x2cf559ada15bcf5a!8m2!3d-26.3430303!4d-48.8344355!16s%2Fg%2F1td7pglb!19sChIJves-iSax3pQRWs9boa1Z9Sw,Não,,,Pendente,,,,Não,Google Maps exibe Adicionar website; verificado em 13/08/2026.,contabilidade
Chave Contábil,Contabilidade,47992123146,Joinville,https://www.google.com/maps/place/Chave+Cont%C3%A1bil/data=!4m7!3m6!1s0x2674918cbb2cf7e9:0x3accd6376b656768!8m2!3d-26.3177743!4d-48.8020756!16s%2Fg%2F11z14l2h9f!19sChIJ6fcsu4yRdCYRaGdlazfWzDo,Não,,,Pendente,,,,Não,Google Maps exibe Adicionar website; verificado em 13/08/2026.,contabilidade
Sagave Contabilidade,Contabilidade,47984384651,Joinville,https://www.google.com/maps/place/Sagave+Contabilidade/data=!4m7!3m6!1s0x94deb72b0b496cab:0x98d86fc2336ab12f!8m2!3d-26.3600653!4d-48.8434694!16s%2Fg%2F11c6q4_gms!19sChIJq2xJCyu33pQRL7FqM8Jv2Jg,Não,,,Pendente,,,,Não,Google Maps exibe Adicionar website; verificado em 13/08/2026.,contabilidade
CN Contabilidade,Contabilidade,4734330541,Joinville,https://www.google.com/maps/place/CN+Contabilidade/data=!4m7!3m6!1s0x94deb04936bdf237:0xf3b8037e903484ad!8m2!3d-26.3048196!4d-48.8465241!16s%2Fg%2F1tj74rph!19sChIJN_K9Nkmw3pQRrYQ0kH4DuPM,Não,,,Pendente,,,,Não,Google Maps exibe Adicionar website; verificado em 13/08/2026.,contabilidade
Direcon Contabilidade Ltda,Contabilidade,4730282898,Joinville,https://www.google.com/maps/place/Direcon+Contabilidade+Ltda/data=!4m7!3m6!1s0x94deb03692623925:0xb3511685890a1920!8m2!3d-26.3028148!4d-48.8511872!16s%2Fg%2F1vq9nf70!19sChIJJTlikjaw3pQRIBkKiYUWUbM,Não,,,Pendente,,,,Não,Google Maps exibe Adicionar website; verificado em 13/08/2026.,contabilidade
ACTTIVITA SERVICOS CONTABEIS SOCIEDADE SIMPLES,Contabilidade,4731213600,Joinville,https://www.google.com/maps/place/ACTTIVITA+SERVICOS+CONTABEIS+SOCIEDADE+SIMPLES/data=!4m7!3m6!1s0x94deb035c6156d71:0x84cec96ec079c050!8m2!3d-26.3019465!4d-48.8435149!16s%2Fg%2F1ptxpkxn_!19sChIJcW0VxjWw3pQRUMB5wG7JzoQ,Não,,,Pendente,,,,Não,Google Maps exibe Adicionar website; verificado em 13/08/2026.,contabilidade
Contabilidade Tavares,Contabilidade,47997870364,Joinville,https://www.google.com/maps/place/Contabilidade+Tavares/data=!4m7!3m6!1s0x94deb0483d89f26f:0xf67453bc863fad79!8m2!3d-26.3021083!4d-48.8484458!16s%2Fg%2F1tfz17_x!19sChIJb_KJPUiw3pQRea0_hrxTdPY,Não,,,Pendente,,,,Não,Google Maps exibe Adicionar website; verificado em 13/08/2026.,contabilidade
RW Contadores,Contabilidade,4734330411,Joinville,https://www.google.com/maps/place/RW+Contadores/data=!4m7!3m6!1s0x94deb04db836499d:0xa21263048b013407!8m2!3d-26.307648!4d-48.843289!16s%2Fg%2F1x5qty9w!19sChIJnUk2uE2w3pQRBzQBiwRjEqI,Não,,,Pendente,,,,Não,Google Maps exibe Adicionar website; verificado em 13/08/2026.,contabilidade
Romano Contabilidade,Contabilidade,47999999686,Joinville,https://www.google.com/maps/place/Romano+Contabilidade/data=!4m7!3m6!1s0x94deb193b55b2e91:0x623528be88881f56!8m2!3d-26.3493218!4d-48.8342497!16s%2Fg%2F11y1f3w65n!19sChIJkS5btZOx3pQRVh-IiL4oNWI,Não,,,Pendente,,,,Não,Google Maps exibe Adicionar website; verificado em 13/08/2026.,contabilidade
RB Organização Contábil,Contabilidade,47999783508,Joinville,https://www.google.com/maps/place/RB+Organiza%C3%A7%C3%A3o+Cont%C3%A1bil/data=!4m7!3m6!1s0x94deb10553166945:0x86b42fecead49059!8m2!3d-26.3161517!4d-48.863682!16s%2Fg%2F1th5dqm3!19sChIJRWkWUwWx3pQRWZDU6uwvtIY,Não,,,Pendente,,,,Não,Google Maps exibe Adicionar website; verificado em 13/08/2026.,contabilidade
WS Cálculos Trabalhistas,Contabilidade,4730173426,Joinville,https://www.google.com/maps/place/WS+C%C3%A1lculos+Trabalhistas/data=!4m7!3m6!1s0x94deb0391e7a5f99:0x4634a04725a1fc39!8m2!3d-26.3003373!4d-48.8532805!16s%2Fg%2F11sh7r350s!19sChIJmV96Hjmw3pQROfyhJUegNEY,Não,,,Pendente,,,,Não,Google Maps exibe Adicionar website; verificado em 13/08/2026.,contabilidade
Krein Contabilidade e Assessoria,Contabilidade,4734330566,Joinville,https://www.google.com/maps/place/Krein+Contabilidade+e+Assessoria/data=!4m7!3m6!1s0x94deb04c1d100bdb:0x9765f9fcc6dce1f0!8m2!3d-26.3042638!4d-48.8531832!16s%2Fg%2F11dxsbzpvd!19sChIJ2wsQHUyw3pQR8OHcxvz5ZZc,Não,,,Pendente,,,,Não,Google Maps exibe Adicionar website; verificado em 13/08/2026.,contabilidade
CST Assessoria Contábil,Contabilidade,4730285306,Joinville,https://www.google.com/maps/place/CST+Assessoria+Cont%C3%A1bil/data=!4m7!3m6!1s0x94deb051d8091935:0xa0c1d4afc3ef0632!8m2!3d-26.3125233!4d-48.8475793!16s%2Fg%2F11b81vlx8x!19sChIJNRkJ2FGw3pQRMgbvw6_UwaA,Não,,,Pendente,,,,Não,Google Maps exibe Adicionar website; verificado em 13/08/2026.,contabilidade
Organização Contábil d'Ávila,Contabilidade,47960000510,Joinville,https://www.google.com/maps/place/Organiza%C3%A7%C3%A3o+Cont%C3%A1bil+d%27%C3%81vila/data=!4m7!3m6!1s0x94deb0562d4991bd:0x34c01e7c972d1d76!8m2!3d-26.3197037!4d-48.847175!16s%2Fg%2F11b8221t6y!19sChIJvZFJLVaw3pQRdh0tl3wewDQ,Não,,,Pendente,,,,Não,Google Maps exibe Adicionar website; verificado em 13/08/2026.,contabilidade
SeeS Contabilidade Online,Contabilidade,47996575851,Joinville,https://www.google.com/maps/place/SeeS+Contabilidade+Online/data=!4m7!3m6!1s0x94deb03738399037:0x770072984cfb5a49!8m2!3d-26.3076088!4d-48.8433171!16s%2Fg%2F11cmyxvn4b!19sChIJN5A5ODew3pQRSVr7TJhyAHc,Não,,,Pendente,,,,Não,Google Maps exibe Adicionar website; verificado em 13/08/2026.,contabilidade
Sul Contabilidade,Contabilidade,4734552884,Joinville,https://www.google.com/maps/place/Sul+Contabilidade/data=!4m7!3m6!1s0x94deb05715148fc3:0x2a8d20b926863111!8m2!3d-26.3162077!4d-48.8467837!16s%2Fg%2F1tfwr37t!19sChIJw48UFVew3pQRETGGJrkgjSo,Não,,,Pendente,,,,Não,Google Maps exibe Adicionar website; verificado em 13/08/2026.,contabilidade
HP Contabilidade Ltda - Contabilidade; RH; Escrita Fiscal; Abertura Empresas,Contabilidade,4734320383,Joinville,https://www.google.com/maps/place/HP+Contabilidade+Ltda+-+Contabilidade;+RH;+Escrita+Fiscal;+Abertura+Empresas/data=!4m7!3m6!1s0x94deb05ff89ae4b3:0x4bfe0d90a6431928!8m2!3d-26.3244518!4d-48.8594514!16s%2Fg%2F1tvm3xt9!19sChIJs-Sa-F-w3pQRKBlDppAN_ks,Não,,,Pendente,,,,Não,Google Maps exibe Adicionar website; verificado em 13/08/2026.,contabilidade
INFORME SERVIÇOS CONTÁBEIS,Contabilidade,4734550581,Joinville,https://www.google.com/maps/place/INFORME+SERVI%C3%87OS+CONT%C3%81BEIS/data=!4m7!3m6!1s0x94deb057bb48b4f1:0x686d1fac681f9186!8m2!3d-26.318531!4d-48.8477236!16s%2Fg%2F1v8327wv!19sChIJ8bRIu1ew3pQRhpEfaKwfbWg,Não,,,Pendente,,,,Não,Google Maps exibe Adicionar website; verificado em 13/08/2026.,contabilidade
Franco Consultores,Contabilidade,4730290442,Joinville,https://www.google.com/maps/place/Franco+Consultores/data=!4m7!3m6!1s0x94deb05011f00001:0xb0997e65bc0563cf!8m2!3d-26.3120483!4d-48.8491416!16s%2Fg%2F11v9c40tl6!19sChIJAQDwEVCw3pQRz2MFvGV-mbA,Não,,,Pendente,,,,Não,Google Maps exibe Adicionar website; verificado em 13/08/2026.,contabilidade
Innovar Serviços Contábeis,Contabilidade,47992750334,Joinville,https://www.google.com/maps/place/Innovar+Servi%C3%A7os+Cont%C3%A1beis/data=!4m7!3m6!1s0x94deb51a1473536f:0xde1d1a78286200e!8m2!3d-26.3273318!4d-48.8384818!16s%2Fg%2F11rq19tdyc!19sChIJb1NzFBq13pQRDiCGgqfR4Q0,Não,,,Pendente,,,,Não,Google Maps exibe Adicionar website; verificado em 13/08/2026.,contabilidade
Acces Contabilidade,Contabilidade,4734261130,Joinville,https://www.google.com/maps/place/Acces+Contabilidade/data=!4m7!3m6!1s0x94deb0fb28ef1e8b:0xaf1f19558d5122f0!8m2!3d-26.3293643!4d-48.8470967!16s%2Fg%2F11b86dszp5!19sChIJix7vKPuw3pQR8CJRjVUZH68,Não,,,Pendente,,,,Não,Google Maps exibe Adicionar website; verificado em 13/08/2026.,contabilidade
ContPlan Contabilidade Joinville,Contabilidade,47989147862,Joinville,https://www.google.com/maps/place/ContPlan+Contabilidade+Joinville/data=!4m7!3m6!1s0x94deaf5ad52f8cff:0xd35b245bc425fa0!8m2!3d-26.2663606!4d-48.8431673!16s%2Fg%2F11x_4cddrp!19sChIJ_4wv1Vqv3pQRoF9CvEWyNQ0,Não,,,Pendente,,,,Não,Google Maps exibe Adicionar website; verificado em 13/08/2026.,contabilidade
Contábilis Gestão de Negócios - Escritório de Contabilidade,Contabilidade,47991599537,Joinville,https://www.google.com/maps/place/Cont%C3%A1bilis+Gest%C3%A3o+de+Neg%C3%B3cios+-+Escrit%C3%B3rio+de+Contabilidade/data=!4m7!3m6!1s0x94deb16d0b55870d:0x6f1bab75e2c18ed6!8m2!3d-26.2860065!4d-48.8400179!16s%2Fg%2F11k9cbslt3!19sChIJDYdVC22x3pQR1o7B4nWrG28,Não,,,Pendente,,,,Não,Google Maps exibe Adicionar website; verificado em 13/08/2026.,contabilidade
Petry Contabilidade,Contabilidade,4738011881,Joinville,https://www.google.com/maps/place/Petry+Contabilidade/data=!4m7!3m6!1s0x94deb0532acc7c7f:0x58836e18cd562bbb!8m2!3d-26.3104958!4d-48.8397476!16s%2Fg%2F11bv2l9ss1!19sChIJf3zMKlOw3pQRuytWzRhug1g,Não,,,Pendente,,,,Não,Google Maps exibe Adicionar website; verificado em 13/08/2026.,contabilidade
H&C Contabilidade,Contabilidade,4734251836,Joinville,https://www.google.com/maps/place/H%26C+Contabilidade/data=!4m7!3m6!1s0x94deafe4a8afc397:0x76827f4094f96c27!8m2!3d-26.283921!4d-48.8694631!16s%2Fg%2F11bv6q0m9r!19sChIJl8OvqOSv3pQRJ2z5lEB_gnY,Não,,,Pendente,,,,Não,Google Maps exibe Adicionar website; verificado em 13/08/2026.,contabilidade
MEGA SOLUÇÕES CONTÁBEIS,Contabilidade,4730287775,Joinville,https://www.google.com/maps/place/MEGA+SOLU%C3%87%C3%95ES+CONT%C3%81BEIS/data=!4m7!3m6!1s0x94deaff355167d39:0xb0f2d8eb64548e5e!8m2!3d-26.2719328!4d-48.8776492!16s%2Fg%2F11x9c85rp!19sChIJOX0WVfOv3pQRXo5UZOvY8rA,Não,,,Pendente,,,,Não,Google Maps exibe Adicionar website; verificado em 13/08/2026.,contabilidade
Êxito Contabilidade,Contabilidade,4734254041,Joinville,https://www.google.com/maps/place/%C3%8Axito+Contabilidade/data=!4m7!3m6!1s0x94dea56725611df3:0x66aca6111e04e1e3!8m2!3d-26.2733176!4d-48.8856779!16s%2Fg%2F11bvt473nz!19sChIJ8x1hJWel3pQR4-EEHhGmrGY,Não,,,Pendente,,,,Não,Google Maps exibe Adicionar website; verificado em 13/08/2026.,contabilidade
EVA CONTABILIDADE LTDA.,Contabilidade,47984379272,Joinville,https://www.google.com/maps/place/EVA+CONTABILIDADE+LTDA./data=!4m7!3m6!1s0x94deaf84dcb6569d:0x40cd90194a88538f!8m2!3d-26.2696178!4d-48.8796435!16s%2Fg%2F11mkz1nnwn!19sChIJnVa23ISv3pQRj1OIShmQzUA,Não,,,Pendente,,,,Não,Google Maps exibe Adicionar website; verificado em 13/08/2026.,contabilidade
DESPACHANTE COSTA E SILVA,Contabilidade,4730131515,Joinville,https://www.google.com/maps/place/DESPACHANTE+COSTA+E+SILVA/data=!4m7!3m6!1s0x94deafef29fc373f:0xd0c99cc3d9dab5!8m2!3d-26.2754379!4d-48.8654164!16s%2Fg%2F11gdhkc8g4!19sChIJPzf8Ke-v3pQRtdrZw5zJ0AA,Não,,,Pendente,,,,Não,Google Maps exibe Adicionar website; verificado em 13/08/2026.,contabilidade
ELLO ASSESSORIA CONTÁBIL,Contabilidade,4738011074,Joinville,https://www.google.com/maps/place/ELLO+ASSESSORIA+CONT%C3%81BIL/data=!4m7!3m6!1s0x94deaffa9976244b:0x51debecf41ce2862!8m2!3d-26.2831524!4d-48.8704906!16s%2Fg%2F11gy272b21!19sChIJSyR2mfqv3pQRYijOQc--3lE,Não,,,Pendente,,,,Não,Google Maps exibe Adicionar website; verificado em 13/08/2026.,contabilidade
Fortunato Serviços Contábeis,Contabilidade,4734252375,Joinville,https://www.google.com/maps/place/Fortunato+Servi%C3%A7os+Cont%C3%A1beis/data=!4m7!3m6!1s0x94deaf946a73f76f:0x6e9d829c47553ddc!8m2!3d-26.2641734!4d-48.8634645!16s%2Fg%2F1td6ntfb!19sChIJb_dzapSv3pQR3D1VR5yCnW4,Não,,,Pendente,,,,Não,Google Maps exibe Adicionar website; verificado em 13/08/2026.,contabilidade
Assebel Joinville,Contabilidade,4730265828,Joinville,https://www.google.com/maps/place/Assebel+Joinville/data=!4m7!3m6!1s0x94deafe35997c02d:0x590c7c232965054b!8m2!3d-26.2842128!4d-48.8690784!16s%2Fg%2F1td54l5k!19sChIJLcCXWeOv3pQRSwVlKSN8DFk,Não,,,Pendente,,,,Não,Google Maps exibe Adicionar website; verificado em 13/08/2026.,contabilidade
Otimiza Contabilidade,Contabilidade,47992402206,Joinville,https://www.google.com/maps/place/Otimiza+Contabilidade/data=!4m7!3m6!1s0x94dea53891d89793:0x6f387d5ceda6726f!8m2!3d-26.2871931!4d-48.9046684!16s%2Fg%2F11k65xfbc_!19sChIJk5fYkTil3pQRb3Km7Vx9OG8,Não,,,Pendente,,,,Não,Google Maps exibe Adicionar website; verificado em 13/08/2026.,contabilidade
Diejes Contabilidade,Contabilidade,4730275829,Joinville,https://www.google.com/maps/place/Diejes+Contabilidade/data=!4m7!3m6!1s0x94dea5b82d7e577f:0x90ae13e2ef528068!8m2!3d-26.2958812!4d-48.9053096!16s%2Fg%2F11j2s2jly6!19sChIJf1d-Lbil3pQRaIBS7-ITrpA,Não,,,Pendente,,,,Não,Google Maps exibe Adicionar website; verificado em 13/08/2026.,contabilidade
AVLIS Contabilidade,Contabilidade,47999354185,Joinville,https://www.google.com/maps/place/AVLIS+Contabilidade/data=!4m7!3m6!1s0x94deb1aa62a78e19:0xe40f15d30c858e4!8m2!3d-26.3311883!4d-48.8574934!16s%2Fg%2F11s21zk1vw!19sChIJGY6nYqqx3pQR5FjIMF3xQA4,Não,,,Pendente,,,,Não,Google Maps exibe Adicionar website; verificado em 13/08/2026.,contabilidade
Base Gestão Contábil,Contabilidade,47996582799,Joinville,https://www.google.com/maps/place/Base+Gest%C3%A3o+Cont%C3%A1bil/data=!4m7!3m6!1s0x94deb1e31eeddb99:0x48207b11766a4381!8m2!3d-26.3393482!4d-48.8523187!16s%2Fg%2F11lg3tmf57!19sChIJmdvtHuOx3pQRgUNqdhF7IEg,Não,,,Pendente,,,,Não,Google Maps exibe Adicionar website; verificado em 13/08/2026.,contabilidade
Schreiber & Mendes Assessoria Contábil,Contabilidade,4738013537,Joinville,https://www.google.com/maps/place/Schreiber+%26+Mendes+Assessoria+Cont%C3%A1bil/data=!4m7!3m6!1s0x94deb103f1046925:0x5f623a1e80dcbf57!8m2!3d-26.3473689!4d-48.8505683!16s%2Fg%2F11sgvc4002!19sChIJJWkE8QOx3pQRV7_cgB46Yl8,Não,,,Pendente,,,,Não,Google Maps exibe Adicionar website; verificado em 13/08/2026.,contabilidade
GHANIMA CONTABILIDADE LTDA,Contabilidade,47991511844,Joinville,https://www.google.com/maps/place/GHANIMA+CONTABILIDADE+LTDA/data=!4m7!3m6!1s0x94deb14732c89b41:0x8c75f6d80f5993c0!8m2!3d-26.3444271!4d-48.8474042!16s%2Fg%2F11q9_sj2f9!19sChIJQZvIMkex3pQRwJNZD9j2dYw,Não,,,Pendente,,,,Não,Google Maps exibe Adicionar website; verificado em 13/08/2026.,contabilidade
Maj Contabilidade,Contabilidade,4730314212,Joinville,https://www.google.com/maps/place/Maj+Contabilidade/data=!4m7!3m6!1s0x94deb109cf255705:0x499655e14269034d!8m2!3d-26.3365641!4d-48.8446106!16s%2Fg%2F11t7h26jcf!19sChIJBVclzwmx3pQRTQNpQuFVlkk,Não,,,Pendente,,,,Não,Google Maps exibe Adicionar website; verificado em 13/08/2026.,contabilidade
Petry Gestão Contábil,Contabilidade,4734652730,Joinville,https://www.google.com/maps/place/Petry+Gest%C3%A3o+Cont%C3%A1bil/data=!4m7!3m6!1s0x94deb0dc81027ded:0x3b2c88a9e14e8e0!8m2!3d-26.344451!4d-48.847445!16s%2Fg%2F1pt_2g6yq!19sChIJ7X0Cgdyw3pQR4OgUnorIsgM,Não,,,Pendente,,,,Não,Google Maps exibe Adicionar website; verificado em 13/08/2026.,contabilidade
Contab Joinville,Contabilidade,4732275983,Joinville,https://www.google.com/maps/place/Contab+Joinville/data=!4m7!3m6!1s0x94deb0eddf2d4767:0xbbdcee323618d161!8m2!3d-26.3342144!4d-48.8549607!16s%2Fg%2F11ckvm0hwk!19sChIJZ0ct3-2w3pQRYdEYNjLu3Ls,Não,,,Pendente,,,,Não,Google Maps exibe Adicionar website; verificado em 13/08/2026.,contabilidade
Qualicont Assessoria Contábil,Contabilidade,4734384302,Joinville,https://www.google.com/maps/place/Qualicont+Assessoria+Cont%C3%A1bil/data=!4m7!3m6!1s0x94deb1189db65e51:0xf3872c4b3e86f41a!8m2!3d-26.3570888!4d-48.8464304!16s%2Fg%2F11grr6kl5t!19sChIJUV62nRix3pQRGvSGPkssh_M,Não,,,Pendente,,,,Não,Google Maps exibe Adicionar website; verificado em 13/08/2026.,contabilidade
Danicont Contabilidade,Contabilidade,4734261382,Joinville,https://www.google.com/maps/place/Danicont+Contabilidade/data=!4m7!3m6!1s0x94deb0e1d7646cc5:0xfccb4037772f2bcb!8m2!3d-26.3342874!4d-48.8398622!16s%2Fg%2F1pv2tx7p0!19sChIJxWxk1-Gw3pQRyysvdzdAy_w,Não,,,Pendente,,,,Não,Google Maps exibe Adicionar website; verificado em 13/08/2026.,contabilidade
Rosh Contabilidade,Contabilidade,47996662848,Joinville,https://www.google.com/maps/place/Rosh+Contabilidade/data=!4m7!3m6!1s0x94deb197a3b40f85:0xb5a7967884239b8!8m2!3d-26.3381711!4d-48.8172548!16s%2Fg%2F11fpk0v80s!19sChIJhQ-0o5ex3pQRuDlCiGd5Wgs,Não,,,Pendente,,,,Não,Google Maps exibe Adicionar website; verificado em 13/08/2026.,contabilidade
WA CONTABILIDADE,Contabilidade,4733050566,Joinville,https://www.google.com/maps/place/WA+CONTABILIDADE/data=!4m7!3m6!1s0x2f03c6c82ee72f77:0x835f221020cd55c2!8m2!3d-26.3249005!4d-48.8374149!16s%2Fg%2F11vy70kj0n!19sChIJdy_nLsjGAy8RwlXNIBAiX4M,Não,,,Pendente,,,,Não,Google Maps exibe Adicionar website; verificado em 13/08/2026.,contabilidade
Ônix Contabilidade,Contabilidade,4730434135,Joinville,https://www.google.com/maps/place/%C3%94nix+Contabilidade/data=!4m7!3m6!1s0x94deb139eb38fd77:0x9b28ce6e1da9757f!8m2!3d-26.3380878!4d-48.8204575!16s%2Fg%2F11bv6l7wyj!19sChIJd_046zmx3pQRf3WpHW7OKJs,Não,,,Pendente,,,,Não,Google Maps exibe Adicionar website; verificado em 13/08/2026.,contabilidade
Maltezo contabilidade,Contabilidade,4730434360,Joinville,https://www.google.com/maps/place/Maltezo+contabilidade/data=!4m7!3m6!1s0x94deb172375b9a73:0x7a2f14c5055f4de!8m2!3d-26.3334858!4d-48.8211953!16s%2Fg%2F11gjt1fl2w!19sChIJc5pbN3Kx3pQR3vRVUEzxogc,Não,,,Pendente,,,,Não,Google Maps exibe Adicionar website; verificado em 13/08/2026.,contabilidade
Facilita Contabilidade e gestão de Condomínios,Contabilidade,4732025088,Joinville,https://www.google.com/maps/place/Facilita+Contabilidade+e+gest%C3%A3o+de+Condom%C3%ADnios/data=!4m7!3m6!1s0x94deb140d5c15555:0xf24f9504c792056!8m2!3d-26.3338706!4d-48.8172066!16s%2Fg%2F11jvgywsmp!19sChIJVVXB1UCx3pQRViB5TFD5JA8,Não,,,Pendente,,,,Não,Google Maps exibe Adicionar website; verificado em 13/08/2026.,contabilidade
Suprema Assessoria Contábil,Contabilidade,4730272349,Joinville,https://www.google.com/maps/place/Suprema+Assessoria+Cont%C3%A1bil/data=!4m7!3m6!1s0x94deb11f0055d8ff:0xfa50495bd188870b!8m2!3d-26.3339445!4d-48.8370925!16s%2Fg%2F1pt_tgmb7!19sChIJ_9hVAB-x3pQRC4eI0VtJUPo,Não,,,Pendente,,,,Não,Google Maps exibe Adicionar website; verificado em 13/08/2026.,contabilidade
HS Auditoria,Contabilidade,4730254172,Joinville,https://www.google.com/maps/place/HS+Auditoria/data=!4m7!3m6!1s0x94deb0fd71539c81:0x4c410ad9c61c9288!8m2!3d-26.3253876!4d-48.8405796!16s%2Fg%2F11ckvd5mn5!19sChIJgZxTcf2w3pQRiJIcxtkKQUw,Não,,,Pendente,,,,Não,Google Maps exibe Adicionar website; verificado em 13/08/2026.,contabilidade
DIREPLAN - Contabilidade Empresarial,Contabilidade,4734267993,Joinville,https://www.google.com/maps/place/DIREPLAN+-+Contabilidade+Empresarial/data=!4m7!3m6!1s0x94deb404974092e9:0xd774a9fafcd5712d!8m2!3d-26.3488418!4d-48.79378!16s%2Fg%2F11b86b58z8!19sChIJ6ZJAlwS03pQRLXHV_PqpdNc,Não,,,Pendente,,,,Não,Google Maps exibe Adicionar website; verificado em 13/08/2026.,contabilidade
Numan Contabilidade,Contabilidade,47988470917,Joinville,https://www.google.com/maps/place/Numan+Contabilidade/data=!4m7!3m6!1s0x94deaff1549b15fb:0x7ce3f897bab2e6ce!8m2!3d-26.2501918!4d-48.8194791!16s%2Fg%2F11z0_hgtz4!19sChIJ-xWbVPGv3pQRzuayupf443w,Não,,,Pendente,,,,Não,Google Maps exibe Adicionar website; verificado em 13/08/2026.,contabilidade
EDC CONTABILIDADE,Contabilidade,4734675036,Joinville,https://www.google.com/maps/place/EDC+CONTABILIDADE/data=!4m7!3m6!1s0x94deae13da9c9c61:0xc9b221d015a0524b!8m2!3d-26.2542765!4d-48.8127406!16s%2Fg%2F11g73330fn!19sChIJYZyc2hOu3pQRS1KgFdAhssk,Não,,,Pendente,,,,Não,Google Maps exibe Adicionar website; verificado em 13/08/2026.,contabilidade
Bora Contabilizei,Contabilidade,47992552182,Joinville,https://www.google.com/maps/place/Bora+Contabilizei/data=!4m7!3m6!1s0x94deafb35bf6ba3d:0xecf45d641b9ace39!8m2!3d-26.2556756!4d-48.8214458!16s%2Fg%2F11nqf61jrh!19sChIJPbr2W7Ov3pQROc6aG2Rd9Ow,Não,,,Pendente,,,,Não,Google Maps exibe Adicionar website; verificado em 13/08/2026.,contabilidade
2B CONTABILIDADE,Contabilidade,47984423953,Joinville,https://www.google.com/maps/place/2B+CONTABILIDADE/data=!4m7!3m6!1s0x94deaf5e284b586f:0x6865b765ce9cd233!8m2!3d-26.251443!4d-48.8190258!16s%2Fg%2F11ssdsnn5g!19sChIJb1hLKF6v3pQRM9KczmW3ZWg,Não,,,Pendente,,,,Não,Google Maps exibe Adicionar website; verificado em 13/08/2026.,contabilidade
Bertante & Murara Contabilidade,Contabilidade,4730271317,Joinville,https://www.google.com/maps/place/Bertante+%26+Murara+Contabilidade/data=!4m7!3m6!1s0x94deae3b2586d10f:0x3d32c4c2e21f6513!8m2!3d-26.2636085!4d-48.8266534!16s%2Fg%2F11bc713_0l!19sChIJD9GGJTuu3pQRE2Uf4sLEMj0,Não,,,Pendente,,,,Não,Google Maps exibe Adicionar website; verificado em 13/08/2026.,contabilidade
RF Assessoria Financeira e Contabilidade,Contabilidade,47988625598,Joinville,https://www.google.com/maps/place/RF+Assessoria+Financeira+e+Contabilidade/data=!4m7!3m6!1s0x8b7664d09aaa302d:0xbb2f196f12a3e744!8m2!3d-26.2560467!4d-48.8103253!16s%2Fg%2F11vt4wds27!19sChIJLTCqmtBkdosRROejEm8ZL7s,Não,,,Pendente,,,,Não,Google Maps exibe Adicionar website; verificado em 13/08/2026.,contabilidade
Contabilidade Mc Ruivo,Contabilidade,4730280775,Joinville,https://www.google.com/maps/place/Contabilidade+Mc+Ruivo/data=!4m7!3m6!1s0x94deb04480acdeb3:0x180b2f75b58050b7!8m2!3d-26.2805557!4d-48.8209705!16s%2Fg%2F11b81tj2kc!19sChIJs96sgESw3pQRt1CAtXUvCxg,Não,,,Pendente,,,,Não,Google Maps exibe Adicionar website; verificado em 13/08/2026.,contabilidade
LCR Contabilidade,Contabilidade,4734722670,Joinville,https://www.google.com/maps/place/LCR+Contabilidade/data=!4m7!3m6!1s0x94deb1d623859435:0x231e18eb13fa7c21!8m2!3d-26.2768905!4d-48.8331631!16s%2Fg%2F11b86vrfn9!19sChIJNZSFI9ax3pQRIXz6E-sYHiM,Não,,,Pendente,,,,Não,Google Maps exibe Adicionar website; verificado em 13/08/2026.,contabilidade
Fator Contabilidade,Contabilidade,4730340671,Joinville,https://www.google.com/maps/place/Fator+Contabilidade/data=!4m7!3m6!1s0x94deae20c2159e0b:0xe1f527ba2e9a8cc2!8m2!3d-26.2735761!4d-48.811923!16s%2Fg%2F1pv5xh4wf!19sChIJC54VwiCu3pQRwoyaLron9eE,Não,,,Pendente,,,,Não,Google Maps exibe Adicionar website; verificado em 13/08/2026.,contabilidade
Aced Serviços Contábeis,Contabilidade,4730271977,Joinville,https://www.google.com/maps/place/Aced+Servi%C3%A7os+Cont%C3%A1beis/data=!4m7!3m6!1s0x94deb1de46a972eb:0x40134d96aecfa5ea!8m2!3d-26.280782!4d-48.818699!16s%2Fg%2F1tjfcdn4!19sChIJ63KpRt6x3pQR6qXPrpZNE0A,Não,,,Pendente,,,,Não,Google Maps exibe Adicionar website; verificado em 13/08/2026.,contabilidade
MGP Contabilidade,Contabilidade,4730285159,Joinville,https://www.google.com/maps/place/MGP+Contabilidade/data=!4m7!3m6!1s0x94deb1e4824a8b87:0x7b419cc6a00815b8!8m2!3d-26.2740011!4d-48.8116679!16s%2Fg%2F11bv3y6_bg!19sChIJh4tKguSx3pQRuBUIoMacQXs,Não,,,Pendente,,,,Não,Google Maps exibe Adicionar website; verificado em 13/08/2026.,contabilidade
Rohden Organização Contábil,Contabilidade,4734375439,Joinville,https://www.google.com/maps/place/Rohden+Organiza%C3%A7%C3%A3o+Cont%C3%A1bil/data=!4m7!3m6!1s0x94deb15409390a0b:0xa7af48af73688dd!8m2!3d-26.2682822!4d-48.8077206!16s%2Fg%2F1tj5m9jw!19sChIJCwo5CVSx3pQR3Yg294r0ego,Não,,,Pendente,,,,Não,Google Maps exibe Adicionar website; verificado em 13/08/2026.,contabilidade
LUZAZUL SERVIÇOS CONTABEIS,Contabilidade,47997151969,Joinville,https://www.google.com/maps/place/LUZAZUL+SERVI%C3%87OS+CONTABEIS/data=!4m7!3m6!1s0x94deb1452301d549:0xe2fbbf9550a430be!8m2!3d-26.2691155!4d-48.8088423!16s%2Fg%2F11yy1gpqz7!19sChIJSdUBI0Wx3pQRvjCkUJW_--I,Não,,,Pendente,,,,Não,Google Maps exibe Adicionar website; verificado em 13/08/2026.,contabilidade
VD Contabilidade,Contabilidade,47988345273,Joinville,https://www.google.com/maps/place/VD+Contabilidade/data=!4m7!3m6!1s0x94deaf60df75e40d:0x26f58c2158ba6ce4!8m2!3d-26.2662157!4d-48.8240949!16s%2Fg%2F11xz0t2cvd!19sChIJDeR132Cv3pQR5Gy6WCGM9SY,Não,,,Pendente,,,,Não,Google Maps exibe Adicionar website; verificado em 13/08/2026.,contabilidade
EF Consultoria Imobiliária,Imobiliária,47997270334,Joinville,https://www.google.com/maps/place/EF+Consultoria+Imobili%C3%A1ria/data=!4m7!3m6!1s0x94deb1b1812f7949:0x6d5cab978ad38be5!8m2!3d-26.3693656!4d-48.8262452!16s%2Fg%2F11jpvsfk3g!19sChIJSXkvgbGx3pQR5YvTiperXG0,Não,,,Pendente,,,,Não,Google Maps exibe Adicionar website; verificado em 13/08/2026.,imobiliaria
Yuri Hernandes Corretor de Imóveis em Joinville - Gestor imobiliário,Imobiliária,47992915220,Joinville,https://www.google.com/maps/place/Yuri+Hernandes+Corretor+de+Im%C3%B3veis+em+Joinville+-+Gestor+imobili%C3%A1rio/data=!4m7!3m6!1s0x94deb1104157777f:0x98532901eaba2edb!8m2!3d-26.2930798!4d-48.8498057!16s%2Fg%2F11n9yksyh_!19sChIJf3dXQRCx3pQR2y666gEpU5g,Não,,,Pendente,,,,Não,Google Maps exibe Adicionar website; verificado em 13/08/2026.,imobiliaria
Juliano Bauer - Corretor e Perito Avaliador de Imóveis,Imobiliária,47996610050,Joinville,https://www.google.com/maps/place/Juliano+Bauer+-+Corretor+e+Perito+Avaliador+de+Im%C3%B3veis/data=!4m7!3m6!1s0x94deb13ea4816f9b:0xd475866285282afb!8m2!3d-26.319772!4d-48.8461918!16s%2Fg%2F11ntgs6s6_!19sChIJm2-BpD6x3pQR-yoohWKGddQ,Não,,,Pendente,,,,Não,Google Maps exibe Adicionar website; verificado em 13/08/2026.,imobiliaria
Peregrino Imóveis,Imobiliária,4732784000,Joinville,https://www.google.com/maps/place/Peregrino+Im%C3%B3veis/data=!4m7!3m6!1s0x94deb0d9b2cdbbad:0x9d1997ed5948d0cd!8m2!3d-26.3460997!4d-48.842!16s%2Fg%2F11bwnd2qxw!19sChIJrbvNstmw3pQRzdBIWe2XGZ0,Não,,,Pendente,,,,Não,Google Maps exibe Adicionar website; verificado em 13/08/2026.,imobiliaria
H Érica Corretores de Imóveis,Imobiliária,4730254503,Joinville,https://www.google.com/maps/place/H+%C3%89rica+Corretores+de+Im%C3%B3veis/data=!4m7!3m6!1s0x94deb03176cc7647:0x47676f5b56f27ff7!8m2!3d-26.2930802!4d-48.8453817!16s%2Fg%2F1ptx5lr9x!19sChIJR3bMdjGw3pQR93_yVltvZ0c,Não,,,Pendente,,,,Não,Google Maps exibe Adicionar website; verificado em 13/08/2026.,imobiliaria
Casa 30 Imóveis,Imobiliária,47991960097,Joinville,https://www.google.com/maps/place/Casa+30+Im%C3%B3veis/data=!4m7!3m6!1s0x94deb1b358229971:0x137f411c29e37e11!8m2!3d-26.3130014!4d-48.8602603!16s%2Fg%2F11z94njg58!19sChIJcZkiWLOx3pQREX7jKRxBfxM,Não,,,Pendente,,,,Não,Google Maps exibe Adicionar website; verificado em 13/08/2026.,imobiliaria
SPADER EMPREENDIMENTOS IMOBILIÁRIOS,Imobiliária,4730285397,Joinville,https://www.google.com/maps/place/SPADER+EMPREENDIMENTOS+IMOBILI%C3%81RIOS/data=!4m7!3m6!1s0x94deb068b13b8e21:0xb7ad15991fb5abb9!8m2!3d-26.3157706!4d-48.8645101!16s%2Fg%2F1wk7r__4!19sChIJIY47sWiw3pQRuau1H5kVrbc,Não,,,Pendente,,,,Não,Google Maps exibe Adicionar website; verificado em 13/08/2026.,imobiliaria
Imobiliária Rosa Poffo,Imobiliária,4734229308,Joinville,https://www.google.com/maps/place/Imobili%C3%A1ria+Rosa+Poffo/data=!4m7!3m6!1s0x94deb04719d5e353:0x393a533bdcc4e5e3!8m2!3d-26.3026158!4d-48.8532417!16s%2Fg%2F1tfx612g!19sChIJU-PVGUew3pQR4-XE3DtTOjk,Não,,,Pendente,,,,Não,Google Maps exibe Adicionar website; verificado em 13/08/2026.,imobiliaria
Marisa Leitte - Corretora de Imóveis,Imobiliária,47997067503,Joinville,https://www.google.com/maps/place/Marisa+Leitte+-+Corretora+de+Im%C3%B3veis/data=!4m7!3m6!1s0x94deb1d76aa4ad95:0x735d3c15c86bde8d!8m2!3d-26.3248703!4d-48.8640383!16s%2Fg%2F11fjsrb3qg!19sChIJla2katex3pQRjd5ryBU8XXM,Não,,,Pendente,,,,Não,Google Maps exibe Adicionar website; verificado em 13/08/2026.,imobiliaria
Só Geminados,Imobiliária,4730348866,Joinville,https://www.google.com/maps/place/S%C3%B3+Geminados/data=!4m7!3m6!1s0x94deb727c332def3:0x461452797257763e!8m2!3d-26.3170659!4d-48.8482414!16s%2Fg%2F11bw7953ht!19sChIJ894ywye33pQRPnZXcnlSFEY,Não,,,Pendente,,,,Não,Google Maps exibe Adicionar website; verificado em 13/08/2026.,imobiliaria
Shirlen Paul,Imobiliária,47991493823,Joinville,https://www.google.com/maps/place/Shirlen+Paul/data=!4m7!3m6!1s0x94deb15a2a8f5849:0xff2f4c0682812883!8m2!3d-26.3232379!4d-48.8544276!16s%2Fg%2F11z4wnj2z1!19sChIJSViPKlqx3pQRgyiBggZML_8,Não,,,Pendente,,,,Não,Google Maps exibe Adicionar website; verificado em 13/08/2026.,imobiliaria
VALOR NEGÓCIOS,Imobiliária,4734334724,Joinville,https://www.google.com/maps/place/VALOR+NEG%C3%93CIOS/data=!4m7!3m6!1s0x94deb0501b23ffff:0xd8b881492c6b3b79!8m2!3d-26.3116159!4d-48.8491139!16s%2Fg%2F11fkf8kzmd!19sChIJ__8jG1Cw3pQReTtrLEmBuNg,Não,,,Pendente,,,,Não,Google Maps exibe Adicionar website; verificado em 13/08/2026.,imobiliaria
Residencial Valentina,Imobiliária,4730287561,Joinville,https://www.google.com/maps/place/Residencial+Valentina/data=!4m7!3m6!1s0x94deb05849f1fe15:0x7e4460d5a3842bd9!8m2!3d-26.3193341!4d-48.8511124!16s%2Fg%2F1pty3gjzz!19sChIJFf7xSViw3pQR2SuEo9VgRH4,Não,,,Pendente,,,,Não,Google Maps exibe Adicionar website; verificado em 13/08/2026.,imobiliaria
Acta Consultoria Imobiliária,Imobiliária,4738012220,Joinville,https://www.google.com/maps/place/Acta+Consultoria+Imobili%C3%A1ria/data=!4m7!3m6!1s0x94deb1a6436e19b5:0x6e16f3f23771bc80!8m2!3d-26.313482!4d-48.850316!16s%2Fg%2F11g1pth96w!19sChIJtRluQ6ax3pQRgLxxN_LzFm4,Não,,,Pendente,,,,Não,Google Maps exibe Adicionar website; verificado em 13/08/2026.,imobiliaria
Avelino Piola Corretor de Imóveis,Imobiliária,4734260922,Joinville,https://www.google.com/maps/place/Avelino+Piola+Corretor+de+Im%C3%B3veis/data=!4m7!3m6!1s0x94deb0890f4f10cd:0xf474905a6ae407d2!8m2!3d-26.3297871!4d-48.8667319!16s%2Fg%2F11bvcvr_zq!19sChIJzRBPD4mw3pQR0gfkalqQdPQ,Não,,,Pendente,,,,Não,Google Maps exibe Adicionar website; verificado em 13/08/2026.,imobiliaria
Rafael M. Felicio. Corretor de Imóveis,Imobiliária,47991361901,Joinville,https://www.google.com/maps/place/Rafael+M.+Felicio.+Corretor+de+Im%C3%B3veis/data=!4m7!3m6!1s0x94d8b172276262d9:0x793e3e0c7446fa47!8m2!3d-26.3403829!4d-48.8559874!16s%2Fg%2F11ln_6qtpc!19sChIJ2WJiJ3Kx2JQRR_pGdAw-Pnk,Não,,,Pendente,,,,Não,Google Maps exibe Adicionar website; verificado em 13/08/2026.,imobiliaria
Encantadores de Imóveis,Imobiliária,47988032082,Joinville,https://www.google.com/maps/place/Encantadores+de+Im%C3%B3veis/data=!4m7!3m6!1s0x94deb1d69751f209:0xe70b20db2d6c20e7!8m2!3d-26.3235415!4d-48.862207!16s%2Fg%2F11my2d2944!19sChIJCfJRl9ax3pQR5yBsLdsgC-c,Não,,,Pendente,,,,Não,Google Maps exibe Adicionar website; verificado em 13/08/2026.,imobiliaria
JB Imóveis,Imobiliária,4730131004,Joinville,https://www.google.com/maps/place/JB+Im%C3%B3veis/data=!4m7!3m6!1s0x94deae2042ce11c7:0x1885edd3c0eadea!8m2!3d-26.2878531!4d-48.8407037!16s%2Fg%2F11bv3vn707!19sChIJxxHOQiCu3pQR6q0OPN1eiAE,Não,,,Pendente,,,,Não,Google Maps exibe Adicionar website; verificado em 13/08/2026.,imobiliaria
Marto Lunez Corretor de Imóveis,Imobiliária,4734720029,Joinville,https://www.google.com/maps/place/Marto+Lunez+Corretor+de+Im%C3%B3veis/data=!4m7!3m6!1s0x94deb1d4e084c389:0x3baa10cfd2a2963!8m2!3d-26.2806906!4d-48.8383777!16s%2Fg%2F1tf2tchm!19sChIJicOE4NSx3pQRYykq_QyhugM,Não,,,Pendente,,,,Não,Google Maps exibe Adicionar website; verificado em 13/08/2026.,imobiliaria
Marcelo Ravache - Corretor de Imóveis em Joinville e Balneário Camboriú,Imobiliária,47996055551,Joinville,https://www.google.com/maps/place/Marcelo+Ravache+-+Corretor+de+Im%C3%B3veis+em+Joinville+e+Balne%C3%A1rio+Cambori%C3%BA/data=!4m7!3m6!1s0x94deb1c657866dad:0xf2633bdc610064f0!8m2!3d-26.2837928!4d-48.8434521!16s%2Fg%2F11nz42z3kz!19sChIJrW2GV8ax3pQR8GQAYdw7Y_I,Não,,,Pendente,,,,Não,Google Maps exibe Adicionar website; verificado em 13/08/2026.,imobiliaria
Viva Costa e Silva,Imobiliária,47997583163,Joinville,https://www.google.com/maps/place/Viva+Costa+e+Silva/data=!4m7!3m6!1s0x94dea5deb3b80d45:0xbb51f12deb3097d1!8m2!3d-26.2835929!4d-48.8799612!16s%2Fg%2F11v0bydggp!19sChIJRQ24s96l3pQR0Zcw6y3xUbs,Não,,,Pendente,,,,Não,Google Maps exibe Adicionar website; verificado em 13/08/2026.,imobiliaria
HS Corretor de Imóveis,Imobiliária,47996575942,Joinville,https://www.google.com/maps/place/HS+Corretor+de+Im%C3%B3veis/data=!4m7!3m6!1s0x94deaff0ce00202f:0x3df1aa9292a61345!8m2!3d-26.279311!4d-48.874644!16s%2Fg%2F11bxg2_8lb!19sChIJLyAAzvCv3pQRRROmkpKq8T0,Não,,,Pendente,,,,Não,Google Maps exibe Adicionar website; verificado em 13/08/2026.,imobiliaria
Renata Cruz Corretora de Imóveis,Imobiliária,47997693372,Joinville,https://www.google.com/maps/place/Renata+Cruz+Corretora+de+Im%C3%B3veis/data=!4m7!3m6!1s0x2466e9c5aca1e97d:0xc9bd0387894cbb45!8m2!3d-26.2671911!4d-48.8586599!16s%2Fg%2F11ydkkr9kz!19sChIJfemhrMXpZiQRRbtMiYcDvck,Não,,,Pendente,,,,Não,Google Maps exibe Adicionar website; verificado em 13/08/2026.,imobiliaria
Compra Certa Imóvel,Imobiliária,47992339900,Joinville,https://www.google.com/maps/place/Compra+Certa+Im%C3%B3vel/data=!4m7!3m6!1s0x94deafcadbdbffff:0xaa42a845b84f6415!8m2!3d-26.2699259!4d-48.8734386!16s%2Fg%2F11rw_pg71d!19sChIJ___b28qv3pQRFWRPuEWoQqo,Não,,,Pendente,,,,Não,Google Maps exibe Adicionar website; verificado em 13/08/2026.,imobiliaria
Amilton Schwartz Corretor de Imóveis,Imobiliária,4734240854,Joinville,https://www.google.com/maps/place/Amilton+Schwartz+Corretor+de+Im%C3%B3veis/data=!4m7!3m6!1s0x94dea5236c53123b:0x2d7fb652a810b84a!8m2!3d-26.2880929!4d-48.9121172!16s%2Fg%2F11b6j72j3s!19sChIJOxJTbCOl3pQRSrgQqFK2fy0,Não,,,Pendente,,,,Não,Google Maps exibe Adicionar website; verificado em 13/08/2026.,imobiliaria
Vila Nova Joinville SC,Imobiliária,47988290701,Joinville,https://www.google.com/maps/place/Vila+Nova+Joinville+SC/data=!4m7!3m6!1s0x94dea5573e138c09:0x3ccd2b974ec80908!8m2!3d-26.2946176!4d-48.9000928!16s%2Fg%2F11stznj6cr!19sChIJCYwTPlel3pQRCAnITpcrzTw,Não,,,Pendente,,,,Não,Google Maps exibe Adicionar website; verificado em 13/08/2026.,imobiliaria
real imoveis joinville,Imobiliária,47984859963,Joinville,https://www.google.com/maps/place/real+imoveis+joinville/data=!4m7!3m6!1s0x94deb7f5cbb268f3:0x2d594708796b8511!8m2!3d-26.3280998!4d-48.8455969!16s%2Fg%2F11x1gkl5sx!19sChIJ82iyy_W33pQREYVreQhHWS0,Não,,,Pendente,,,,Não,Google Maps exibe Adicionar website; verificado em 13/08/2026.,imobiliaria
Condomínio Jardins Joinville Home Club,Imobiliária,4730237667,Joinville,https://www.google.com/maps/place/Condom%C3%ADnio+Jardins+Joinville+Home+Club/data=!4m7!3m6!1s0x94deb0ec2b1ffdd9:0x6ce3de18cb190dc6!8m2!3d-26.3354965!4d-48.8547122!16s%2Fg%2F11c5hxqzmx!19sChIJ2f0fK-yw3pQRxg0Zyxje42w,Não,,,Pendente,,,,Não,Google Maps exibe Adicionar website; verificado em 13/08/2026.,imobiliaria
Hasta Avaliações,Imobiliária,47988097963,Joinville,https://www.google.com/maps/place/Hasta+Avalia%C3%A7%C3%B5es/data=!4m7!3m6!1s0x94deb0e7adcae007:0x40f3cac876d6d099!8m2!3d-26.3377099!4d-48.8477712!16s%2Fg%2F11rfcxdjgv!19sChIJB-DKreew3pQRmdDWdsjK80A,Não,,,Pendente,,,,Não,Google Maps exibe Adicionar website; verificado em 13/08/2026.,imobiliaria
Miranda Imóveis Ltda,Imobiliária,47988353232,Joinville,https://www.google.com/maps/place/Miranda+Im%C3%B3veis+Ltda/data=!4m7!3m6!1s0x94deb1aed0c3a767:0x323c045bb934dd53!8m2!3d-26.336735!4d-48.8482093!16s%2Fg%2F11v459dg3m!19sChIJZ6fD0K6x3pQRU900uVsEPDI,Não,,,Pendente,,,,Não,Google Maps exibe Adicionar website; verificado em 13/08/2026.,imobiliaria
Cláudia Marques Imóveis,Imobiliária,4734073046,Joinville,https://www.google.com/maps/place/Cl%C3%A1udia+Marques+Im%C3%B3veis/data=!4m7!3m6!1s0x94deb162a280d8bd:0xfe86f7120e135e51!8m2!3d-26.3382233!4d-48.8480703!16s%2Fg%2F11vxhfh_1c!19sChIJvdiAomKx3pQRUV4TDhL3hv4,Não,,,Pendente,,,,Não,Google Maps exibe Adicionar website; verificado em 13/08/2026.,imobiliaria
Imobiliária Graciosa,Imobiliária,4732270030,Joinville,https://www.google.com/maps/place/Imobili%C3%A1ria+Graciosa/data=!4m7!3m6!1s0x94deb103a0f46dab:0x86f079ee227d162a!8m2!3d-26.346576!4d-48.8540742!16s%2Fg%2F11b6yrsxtv!19sChIJq230oAOx3pQRKhZ9Iu558IY,Não,,,Pendente,,,,Não,Google Maps exibe Adicionar website; verificado em 13/08/2026.,imobiliaria
Bella Imóveis,Imobiliária,4738043529,Joinville,https://www.google.com/maps/place/Bella+Im%C3%B3veis/data=!4m7!3m6!1s0x94deb1b416a90ed3:0xea0aa552783fa0a5!8m2!3d-26.3377099!4d-48.8477712!16s%2Fg%2F11fm6pt7rt!19sChIJ0w6pFrSx3pQRpaA_eFKlCuo,Não,,,Pendente,,,,Não,Google Maps exibe Adicionar website; verificado em 13/08/2026.,imobiliaria
Imobiliária imóveis Araquari,Imobiliária,47996005633,Joinville,https://www.google.com/maps/place/Imobili%C3%A1ria+im%C3%B3veis+Araquari/data=!4m7!3m6!1s0x94deb132e15cf3b1:0x20d20a4a70337c38!8m2!3d-26.3377503!4d-48.8414135!16s%2Fg%2F11rgxqxt0h!19sChIJsfNc4TKx3pQROHwzcEoK0iA,Não,,,Pendente,,,,Não,Google Maps exibe Adicionar website; verificado em 13/08/2026.,imobiliaria
Spazio Jovitá,Imobiliária,47984189621,Joinville,https://www.google.com/maps/place/Spazio+Jovit%C3%A1/data=!4m7!3m6!1s0x94deb0c27717a971:0x9c19e0f88dac198!8m2!3d-26.3419822!4d-48.8537959!16s%2Fg%2F11bvv0fdl9!19sChIJcakXd8Kw3pQRmMHaiA-ewQk,Não,,,Pendente,,,,Não,Google Maps exibe Adicionar website; verificado em 13/08/2026.,imobiliaria
PACHER IMÓVEIS,Imobiliária,4730252570,Joinville,https://www.google.com/maps/place/PACHER+IM%C3%93VEIS/data=!4m7!3m6!1s0x94deb0f260b7fa5b:0x2814cc598f7ec037!8m2!3d-26.3321511!4d-48.8570673!16s%2Fg%2F11c60plzbd!19sChIJW_q3YPKw3pQRN8B-j1nMFCg,Não,,,Pendente,,,,Não,Google Maps exibe Adicionar website; verificado em 13/08/2026.,imobiliaria
Innbox Consultoria Imobiliária,Imobiliária,47997111586,Joinville,https://www.google.com/maps/place/Innbox+Consultoria+Imobili%C3%A1ria/data=!4m7!3m6!1s0x94deb11dc6fd53f3:0x9c3a7fe536cf0e3e!8m2!3d-26.330601!4d-48.838041!16s%2Fg%2F11s16sshl8!19sChIJ81P9xh2x3pQRPg7PNuV_Opw,Não,,,Pendente,,,,Não,Google Maps exibe Adicionar website; verificado em 13/08/2026.,imobiliaria
Residencial Raimannville,Imobiliária,4730264702,Joinville,https://www.google.com/maps/place/Residencial+Raimannville/data=!4m7!3m6!1s0x94deb11941e2d5a9:0x4f349d06ad744ad1!8m2!3d-26.3329349!4d-48.8334832!16s%2Fg%2F11clt03rmg!19sChIJqdXiQRmx3pQR0Up0rQadNE8,Não,,,Pendente,,,,Não,Google Maps exibe Adicionar website; verificado em 13/08/2026.,imobiliaria
RM Negócios Imobiliários Joinville,Imobiliária,47996238649,Joinville,https://www.google.com/maps/place/RM+Neg%C3%B3cios+Imobili%C3%A1rios+Joinville/data=!4m7!3m6!1s0x94deb1e71dceadb9:0x1c116c9e179c6625!8m2!3d-26.3242313!4d-48.83844!16s%2Fg%2F11xp7kwnbj!19sChIJua3OHeex3pQRJWacF55sERw,Não,,,Pendente,,,,Não,Google Maps exibe Adicionar website; verificado em 13/08/2026.,imobiliaria
Mecânica DW,Oficina,47996002691,Joinville,https://www.google.com/maps/place/Mec%C3%A2nica+DW/data=!4m7!3m6!1s0x94deb71d5e2a966b:0xc9b8a717988e3e6f!8m2!3d-26.3669351!4d-48.8350835!16s%2Fg%2F11ft0wjwbm!19sChIJa5YqXh233pQRbz6OmBenuMk,Não,,,Pendente,,,,Não,Google Maps exibe Adicionar website; verificado em 13/08/2026.,oficina
Fernando Mecânica Automotiva,Oficina,47984769270,Joinville,https://www.google.com/maps/place/Fernando+Mec%C3%A2nica+Automotiva/data=!4m7!3m6!1s0x94deb7000e278805:0xb76bc1a9a23b5393!8m2!3d-26.3649852!4d-48.828912!16s%2Fg%2F11w20hd_rm!19sChIJBYgnDgC33pQRk1M7oqnBa7c,Não,,,Pendente,,,,Não,Google Maps exibe Adicionar website; verificado em 13/08/2026.,oficina
Auto Mecânica Medeiros,Oficina,4738014304,Joinville,https://www.google.com/maps/place/Auto+Mec%C3%A2nica+Medeiros/data=!4m7!3m6!1s0x94deb79149b7e293:0x90a0a82b312c7e4d!8m2!3d-26.3598812!4d-48.8300342!16s%2Fg%2F11v3q733g6!19sChIJk-K3SZG33pQRTX4sMSuooJA,Não,,,Pendente,,,,Não,Google Maps exibe Adicionar website; verificado em 13/08/2026.,oficina
MECÂNICA BLACKCAR,Oficina,47996512240,Joinville,https://www.google.com/maps/place/MEC%C3%82NICA+BLACKCAR/data=!4m7!3m6!1s0x94deb6c5a7ec44e3:0x80f21b8565422ec1!8m2!3d-26.3628696!4d-48.8271451!16s%2Fg%2F11gbx91r0z!19sChIJ40Tsp8W23pQRwS5CZYUb8oA,Não,,,Pendente,,,,Não,Google Maps exibe Adicionar website; verificado em 13/08/2026.,oficina
Mecânica Serrana,Oficina,4730266244,Joinville,https://www.google.com/maps/place/Mec%C3%A2nica+Serrana/data=!4m7!3m6!1s0x94deb6d9d6b22b19:0x4e38164d62380b57!8m2!3d-26.3655393!4d-48.8368619!16s%2Fg%2F11c6dllx6z!19sChIJGSuy1tm23pQRVws4Yk0WOE4,Não,,,Pendente,,,,Não,Google Maps exibe Adicionar website; verificado em 13/08/2026.,oficina
Mecânica do Alemão,Oficina,4734650457,Joinville,https://www.google.com/maps/place/Mec%C3%A2nica+do+Alem%C3%A3o/data=!4m7!3m6!1s0x94deb6c161916911:0x93d31f9ca538095a!8m2!3d-26.3673015!4d-48.8245517!16s%2Fg%2F11bv6pnxw3!19sChIJEWmRYcG23pQRWgk4pZwf05M,Não,,,Pendente,,,,Não,Google Maps exibe Adicionar website; verificado em 13/08/2026.,oficina
Autoelétrica e Mecânica São Pedro,Oficina,4734651759,Joinville,https://www.google.com/maps/place/Autoel%C3%A9trica+e+Mec%C3%A2nica+S%C3%A3o+Pedro/data=!4m7!3m6!1s0x94deb6dacb4c8215:0xce88b6b1f99f77c4!8m2!3d-26.364195!4d-48.8296333!16s%2Fg%2F11bv6wpn4b!19sChIJFYJMy9q23pQRxHef-bG2iM4,Não,,,Pendente,,,,Não,Google Maps exibe Adicionar website; verificado em 13/08/2026.,oficina
MECÂNICA Clinicarro,Oficina,47996517805,Joinville,https://www.google.com/maps/place/MEC%C3%82NICA+Clinicarro/data=!4m7!3m6!1s0x94deb6db843add3b:0x689afee53aba9bfd!8m2!3d-26.3684325!4d-48.8324318!16s%2Fg%2F11f3rg7sfd!19sChIJO906hNu23pQR_Zu6OuX-mmg,Não,,,Pendente,,,,Não,Google Maps exibe Adicionar website; verificado em 13/08/2026.,oficina
Auto Center e Mecânica Valdicar,Oficina,4734653919,Joinville,https://www.google.com/maps/place/Auto+Center+e+Mec%C3%A2nica+Valdicar/data=!4m7!3m6!1s0x94deb6c7076ec203:0xd2e76cef8fa2ef8f!8m2!3d-26.3623385!4d-48.8217642!16s%2Fg%2F11c2nt8kr_!19sChIJA8JuB8e23pQRj--ij-9s59I,Não,,,Pendente,,,,Não,Google Maps exibe Adicionar website; verificado em 13/08/2026.,oficina
MECÂNICA DO NECO,Oficina,4734380381,Joinville,https://www.google.com/maps/place/MEC%C3%82NICA+DO+NECO/data=!4m7!3m6!1s0x94deb72c944e3401:0xfffcb6ac40132129!8m2!3d-26.3600476!4d-48.8458283!16s%2Fg%2F11fzb0jd1v!19sChIJATROlCy33pQRKSETQKy2_P8,Não,,,Pendente,,,,Não,Google Maps exibe Adicionar website; verificado em 13/08/2026.,oficina
Nandus Car Mecânica Automotiva,Oficina,4734172765,Joinville,https://www.google.com/maps/place/Nandus+Car+Mec%C3%A2nica+Automotiva/data=!4m7!3m6!1s0x94deb6d5fb1e6679:0xa74b152ff95fe7bb!8m2!3d-26.360761!4d-48.8392221!16s%2Fg%2F11bv6pn3wd!19sChIJeWYe-9W23pQRu-df-S8VS6c,Não,,,Pendente,,,,Não,Google Maps exibe Adicionar website; verificado em 13/08/2026.,oficina
BrunoCar Mecânica,Oficina,47996311687,Joinville,https://www.google.com/maps/place/BrunoCar+Mec%C3%A2nica/data=!4m7!3m6!1s0x94deb6d2fb988b43:0xd7ea9a81f16e60b3!8m2!3d-26.3557294!4d-48.8317514!16s%2Fg%2F11gbkhkknc!19sChIJQ4uY-9K23pQRs2Bu8YGa6tc,Não,,,Pendente,,,,Não,Google Maps exibe Adicionar website; verificado em 13/08/2026.,oficina
Oficina Mecânica Marco Mar,Oficina,47991284182,Joinville,https://www.google.com/maps/place/Oficina+Mec%C3%A2nica+Marco+Mar/data=!4m7!3m6!1s0x94deb76a7e32c4d5:0xb8fbf89955cdf5d4!8m2!3d-26.3661145!4d-48.8372242!16s%2Fg%2F11w1lxzcsp!19sChIJ1cQyfmq33pQR1PXNVZn4-7g,Não,,,Pendente,,,,Não,Google Maps exibe Adicionar website; verificado em 13/08/2026.,oficina
Mecânica Deiche,Oficina,47996723139,Joinville,https://www.google.com/maps/place/Mec%C3%A2nica+Deiche/data=!4m7!3m6!1s0x94deb74b4c1dc1d5:0x7c5d9ef68e40d4fb!8m2!3d-26.367989!4d-48.833692!16s%2Fg%2F11l292p4g8!19sChIJ1cEdTEu33pQR-9RAjvaeXXw,Não,,,Pendente,,,,Não,Google Maps exibe Adicionar website; verificado em 13/08/2026.,oficina
ÉDER MOTO SERVICE,Oficina,47988069442,Joinville,https://www.google.com/maps/place/%C3%89DER+MOTO+SERVICE/data=!4m7!3m6!1s0x94deb7000326343f:0x9ae5aef70b03c474!8m2!3d-26.3634545!4d-48.8293114!16s%2Fg%2F11m6wb5hqb!19sChIJPzQmAwC33pQRdMQDC_eu5Zo,Não,,,Pendente,,,,Não,Google Maps exibe Adicionar website; verificado em 13/08/2026.,oficina
M.M Borracharia,Oficina,47997503228,Joinville,https://www.google.com/maps/place/M.M+Borracharia/data=!4m7!3m6!1s0x94deb7c201cb5521:0x2b328d06d104e661!8m2!3d-26.3675075!4d-48.8302404!16s%2Fg%2F11z6nnjrdn!19sChIJIVXLAcK33pQRYeYE0QaNMis,Não,,,Pendente,,,,Não,Google Maps exibe Adicionar website; verificado em 13/08/2026.,oficina
Mecânica automotiva,Oficina,47991976774,Joinville,https://www.google.com/maps/place/Mec%C3%A2nica+automotiva/data=!4m7!3m6!1s0x94deb70019bf1279:0x3bde370749c3a2c!8m2!3d-26.3645572!4d-48.8241843!16s%2Fg%2F11xds2sfh9!19sChIJeRK_GQC33pQRLDqcdHDjvQM,Não,,,Pendente,,,,Não,Google Maps exibe Adicionar website; verificado em 13/08/2026.,oficina
MG centro automotivo,Oficina,47992534041,Joinville,https://www.google.com/maps/place/MG+centro+automotivo/data=!4m7!3m6!1s0x94deb582802cff1f:0x364f9835343aada3!8m2!3d-26.3545376!4d-48.8345838!16s%2Fg%2F11p9pbkr3g!19sChIJH_8sgIK13pQRo606NDWYTzY,Não,,,Pendente,,,,Não,Google Maps exibe Adicionar website; verificado em 13/08/2026.,oficina
Arcanjo Car - pintura e estética automotiva,Oficina,47997257082,Joinville,https://www.google.com/maps/place/Arcanjo+Car+-+pintura+e+est%C3%A9tica+automotiva/data=!4m7!3m6!1s0x94deb7ed25019f5d:0x496efb022bcf5f8c!8m2!3d-26.3649732!4d-48.8320737!16s%2Fg%2F11jfs7pjpv!19sChIJXZ8BJe233pQRjF_PKwL7bkk,Não,,,Pendente,,,,Não,Google Maps exibe Adicionar website; verificado em 13/08/2026.,oficina
Centro Automotivo Quatro Rodas - Mecânica | Auto Elétrica | Ar Condicionado | Câmbio Automático,Oficina,47996705719,Joinville,https://www.google.com/maps/place/Centro+Automotivo+Quatro+Rodas+-+Mec%C3%A2nica+%7C+Auto+El%C3%A9trica+%7C+Ar+Condicionado+%7C+C%C3%A2mbio+Autom%C3%A1tico/data=!4m7!3m6!1s0x94deb785bc3ee73d:0xb73f87407008f2e0!8m2!3d-26.3619929!4d-48.8185722!16s%2Fg%2F11t25gkmz2!19sChIJPec-vIW33pQR4PIIcECHP7c,Não,,,Pendente,,,,Não,Google Maps exibe Adicionar website; verificado em 13/08/2026.,oficina
Auto Premium Centro Técnico Automotivo,Oficina,47997284060,Joinville,https://www.google.com/maps/place/Auto+Premium+Centro+T%C3%A9cnico+Automotivo/data=!4m7!3m6!1s0x94deb759792c8023:0xf42580fb28c6765!8m2!3d-26.3561339!4d-48.8293904!16s%2Fg%2F11h4zfwn8h!19sChIJI4AseVm33pQRZWeMsg9YQg8,Não,,,Pendente,,,,Não,Google Maps exibe Adicionar website; verificado em 13/08/2026.,oficina
Bilé CAR,Oficina,47991952030,Joinville,https://www.google.com/maps/place/Bil%C3%A9+CAR/data=!4m7!3m6!1s0x94deb6d6988f379b:0x1add6b3db275c342!8m2!3d-26.3604566!4d-48.8360406!16s%2Fg%2F11gfh9wstz!19sChIJmzePmNa23pQRQsN1sj1r3Ro,Não,,,Pendente,,,,Não,Google Maps exibe Adicionar website; verificado em 13/08/2026.,oficina
Mecânica Pottmaier desde 1995.,Oficina,47997132727,Joinville,https://www.google.com/maps/place/Mec%C3%A2nica+Pottmaier+desde+1995./data=!4m7!3m6!1s0x94deb6d45e4b0d4d:0x41bdf4091e56a83!8m2!3d-26.3578575!4d-48.8360079!16s%2Fg%2F1yfjqyfp9!19sChIJTQ1LXtS23pQRg2rlkUDfGwQ,Não,,,Pendente,,,,Não,Google Maps exibe Adicionar website; verificado em 13/08/2026.,oficina
Mecânica Hilário Vailati,Oficina,4734388390,Joinville,https://www.google.com/maps/place/Mec%C3%A2nica+Hil%C3%A1rio+Vailati/data=!4m7!3m6!1s0x94deb72bad4607cf:0xea2516633cbd92d1!8m2!3d-26.3603818!4d-48.8422061!16s%2Fg%2F11f15hl1kb!19sChIJzwdGrSu33pQR0ZK9PGMWJeo,Não,,,Pendente,,,,Não,Google Maps exibe Adicionar website; verificado em 13/08/2026.,oficina
Auto Elétrica e Mecânica Luiz,Oficina,47999216275,Joinville,https://www.google.com/maps/place/Auto+El%C3%A9trica+e+Mec%C3%A2nica+Luiz/data=!4m7!3m6!1s0x94deb140ec0a8b83:0xd9894f262e111042!8m2!3d-26.358515!4d-48.8361054!16s%2Fg%2F11dxhyjzj8!19sChIJg4sK7ECx3pQRQhARLiZPidk,Não,,,Pendente,,,,Não,Google Maps exibe Adicionar website; verificado em 13/08/2026.,oficina
Jefkar Soluções Automotivas,Oficina,4730317527,Joinville,https://www.google.com/maps/place/Jefkar+Solu%C3%A7%C3%B5es+Automotivas/data=!4m7!3m6!1s0x94deb6d1d5af7081:0x108eba7ae0ef0a86!8m2!3d-26.3552742!4d-48.8289455!16s%2Fg%2F11g8ghrtkk!19sChIJgXCv1dG23pQRhgrv4Hq6jhA,Não,,,Pendente,,,,Não,Google Maps exibe Adicionar website; verificado em 13/08/2026.,oficina
AM Auto Módulos Eletrônica Automotiva - REPARO E PROGRAMAÇÃO DE MÓDULOS DE INJEÇAO,Oficina,47989132397,Joinville,https://www.google.com/maps/place/AM+Auto+M%C3%B3dulos+Eletr%C3%B4nica+Automotiva+-+REPARO+E+PROGRAMA%C3%87%C3%83O+DE+M%C3%93DULOS+DE+INJE%C3%87AO/data=!4m7!3m6!1s0x94deb1627e60679d:0x98f5c62aa6f2f69f!8m2!3d-26.3584274!4d-48.8176166!16s%2Fg%2F11ng2j1v3c!19sChIJnWdgfmKx3pQRn_bypirG9Zg,Não,,,Pendente,,,,Não,Google Maps exibe Adicionar website; verificado em 13/08/2026.,oficina
Klaus Auto Peças,Oficina,4734653393,Joinville,https://www.google.com/maps/place/Klaus+Auto+Pe%C3%A7as/data=!4m7!3m6!1s0x94deb6d6c0c0529d:0x2da51db1e0f1f870!8m2!3d-26.3626361!4d-48.8386777!16s%2Fg%2F1w96hwzp!19sChIJnVLAwNa23pQRcPjx4LEdpS0,Não,,,Pendente,,,,Não,Google Maps exibe Adicionar website; verificado em 13/08/2026.,oficina
Müller Auto Mecânica,Oficina,47991166330,Joinville,https://www.google.com/maps/place/M%C3%BCller+Auto+Mec%C3%A2nica/data=!4m7!3m6!1s0x94deb12fca5ac759:0x66e145a9fc3b2131!8m2!3d-26.3460083!4d-48.8307288!16s%2Fg%2F11bv6l8s_c!19sChIJWcdayi-x3pQRMSE7_KlF4WY,Não,,,Pendente,,,,Não,Google Maps exibe Adicionar website; verificado em 13/08/2026.,oficina
MECÂNICA AUTOLINE,Oficina,47988275011,Joinville,https://www.google.com/maps/place/MEC%C3%82NICA+AUTOLINE/data=!4m7!3m6!1s0x94deb72f7df6503f:0x6203e2fad54c0a30!8m2!3d-26.3687281!4d-48.8465486!16s%2Fg%2F11fz9x53jm!19sChIJP1D2fS-33pQRMApM1friA2I,Não,,,Pendente,,,,Não,Google Maps exibe Adicionar website; verificado em 13/08/2026.,oficina
TRICOAT Estética Automotiva,Oficina,47999292988,Joinville,https://www.google.com/maps/place/TRICOAT+Est%C3%A9tica+Automotiva/data=!4m7!3m6!1s0x94deb7912e445fad:0x4a462f97f56876ed!8m2!3d-26.3593656!4d-48.8315032!16s%2Fg%2F11mvw0d988!19sChIJrV9ELpG33pQR7XZo9ZcvRko,Não,,,Pendente,,,,Não,Google Maps exibe Adicionar website; verificado em 13/08/2026.,oficina
Auto Center Avenida,Oficina,4734651653,Joinville,https://www.google.com/maps/place/Auto+Center+Avenida/data=!4m7!3m6!1s0x94deb6d2e796758f:0xceb9eca2ff4a3a96!8m2!3d-26.3550124!4d-48.8316184!16s%2Fg%2F11bv3yfwpc!19sChIJj3WW59K23pQRljpK_6Lsuc4,Não,,,Pendente,,,,Não,Google Maps exibe Adicionar website; verificado em 13/08/2026.,oficina
MD Auto Center,Oficina,47991448692,Joinville,https://www.google.com/maps/place/MD+Auto+Center/data=!4m7!3m6!1s0x94deb6c5f0be2f17:0xd49fb14d37466bc4!8m2!3d-26.3615186!4d-48.8251655!16s%2Fg%2F11kn6y4r0k!19sChIJFy--8MW23pQRxGtGN02xn9Q,Não,,,Pendente,,,,Não,Google Maps exibe Adicionar website; verificado em 13/08/2026.,oficina
BW Auto Center Itinga,Oficina,4730172266,Joinville,https://www.google.com/maps/place/BW+Auto+Center+Itinga/data=!4m7!3m6!1s0x94deb6ef27aa746b:0xf307fcf674d73f9!8m2!3d-26.3772755!4d-48.8272896!16s%2Fg%2F11bx45w3zp!19sChIJa3SqJ--23pQR-XNNZ89_MA8,Não,,,Pendente,,,,Não,Google Maps exibe Adicionar website; verificado em 13/08/2026.,oficina
Constantino Auto Center,Oficina,47984531290,Joinville,https://www.google.com/maps/place/Constantino+Auto+Center/data=!4m7!3m6!1s0x94deb7064b9c2403:0x3c1d8004f7108f72!8m2!3d-26.3541521!4d-48.8144238!16s%2Fg%2F11h950hgjn!19sChIJAyScSwa33pQRco8Q9wSAHTw,Não,,,Pendente,,,,Não,Google Maps exibe Adicionar website; verificado em 13/08/2026.,oficina
Central Auto Center,Oficina,47997010015,Joinville,https://www.google.com/maps/place/Central+Auto+Center/data=!4m7!3m6!1s0x94deaf129b5d9ec9:0x4e8bb92b5b8a0eaf!8m2!3d-26.27425!4d-48.8295103!16s%2Fg%2F11n52qdz2z!19sChIJyZ5dmxKv3pQRrw6KWyu5i04,Não,,,Pendente,,,,Não,Google Maps exibe Adicionar website; verificado em 13/08/2026.,oficina
Brascar Auto Center e Peças,Oficina,4734661676,Joinville,https://www.google.com/maps/place/Brascar+Auto+Center+e+Pe%C3%A7as/data=!4m7!3m6!1s0x94deb6b88c5af055:0x9bd07a3333e77a0d!8m2!3d-26.3615363!4d-48.8185881!16s%2Fg%2F11clthdv9_!19sChIJVfBajLi23pQRDXrnMzN60Js,Não,,,Pendente,,,,Não,Google Maps exibe Adicionar website; verificado em 13/08/2026.,oficina
Lacra Moto Center - Loja 02,Oficina,4732029527,Joinville,https://www.google.com/maps/place/Lacra+Moto+Center+-+Loja+02/data=!4m7!3m6!1s0x94deb7a912fe5983:0x69c4aa054837aa4!8m2!3d-26.36527!4d-48.829729!16s%2Fg%2F11v62nyv43!19sChIJg1n-Eqm33pQRpHqDVKBKnAY,Não,,,Pendente,,,,Não,Google Maps exibe Adicionar website; verificado em 13/08/2026.,oficina
JA Pneus e Auto Center,Oficina,4732029102,Joinville,https://www.google.com/maps/place/JA+Pneus+e+Auto+Center/data=!4m7!3m6!1s0x94deb1347814748b:0x3594f21912be4fcd!8m2!3d-26.3321843!4d-48.8225922!16s%2Fg%2F11hhvmmczn!19sChIJi3QUeDSx3pQRzU--EhnylDU,Não,,,Pendente,,,,Não,Google Maps exibe Adicionar website; verificado em 13/08/2026.,oficina
Mecânica 3 de maio,Oficina,4734222595,Joinville,https://www.google.com/maps/place/Mec%C3%A2nica+3+de+maio/data=!4m7!3m6!1s0x94deb04958a649a1:0xdc4ad5c8f8b1df28!8m2!3d-26.3037457!4d-48.8448786!16s%2Fg%2F11f3zwlm3v!19sChIJoUmmWEmw3pQRKN-x-MjVStw,Não,,,Pendente,,,,Não,Google Maps exibe Adicionar website; verificado em 13/08/2026.,oficina
Auto Mecânica Guanabara,Oficina,4734363603,Joinville,https://www.google.com/maps/place/Auto+Mec%C3%A2nica+Guanabara/data=!4m7!3m6!1s0x94deb11b253d7d21:0xe969377022eb73c8!8m2!3d-26.3254104!4d-48.8326875!16s%2Fg%2F1pv5vmz7n!19sChIJIX09JRux3pQRyHPrInA3aek,Não,,,Pendente,,,,Não,Google Maps exibe Adicionar website; verificado em 13/08/2026.,oficina
Centro Automotivo Itaum,Oficina,47984014262,Joinville,https://www.google.com/maps/place/Centro+Automotivo+Itaum/data=!4m7!3m6!1s0x94deb139d829f411:0xa64dcb3e54839ba5!8m2!3d-26.3407805!4d-48.822831!16s%2Fg%2F1ptyn1k4t!19sChIJEfQp2Dmx3pQRpZuDVD7LTaY,Não,,,Pendente,,,,Não,Google Maps exibe Adicionar website; verificado em 13/08/2026.,oficina
Afonso Auto Mecânica,Oficina,4734360523,Joinville,https://www.google.com/maps/place/Afonso+Auto+Mec%C3%A2nica/data=!4m7!3m6!1s0x94deb10dc7f90f23:0x14c95c9b2ef7a52!8m2!3d-26.3198969!4d-48.8234069!16s%2Fg%2F11bv30g_3x!19sChIJIw_5xw2x3pQRUnrvssmVTAE,Não,,,Pendente,,,,Não,Google Maps exibe Adicionar website; verificado em 13/08/2026.,oficina
MSC Mecânica São Cristóvão,Oficina,4734351822,Joinville,https://www.google.com/maps/place/MSC+Mec%C3%A2nica+S%C3%A3o+Crist%C3%B3v%C3%A3o/data=!4m7!3m6!1s0x94deb027f8d2e7f1:0x33915d043983a442!8m2!3d-26.2824024!4d-48.8499961!16s%2Fg%2F11bv2f3vfw!19sChIJ8efS-Cew3pQRQqSDOQRdkTM,Não,,,Pendente,,,,Não,Google Maps exibe Adicionar website; verificado em 13/08/2026.,oficina
Mecânica União,Oficina,4734554055,Joinville,https://www.google.com/maps/place/Mec%C3%A2nica+Uni%C3%A3o/data=!4m7!3m6!1s0x94deb055ff02f5b5:0xacfb3d26edfe7517!8m2!3d-26.3193245!4d-48.8443679!16s%2Fg%2F11bv2bs766!19sChIJtfUC_1Ww3pQRF3X-7SY9-6w,Não,,,Pendente,,,,Não,Google Maps exibe Adicionar website; verificado em 13/08/2026.,oficina
Gurske Auto Mecânica,Oficina,4734252294,Joinville,https://www.google.com/maps/place/Gurske+Auto+Mec%C3%A2nica/data=!4m7!3m6!1s0x94deafa8aeeb66c3:0xaf822f3d15afe326!8m2!3d-26.2815276!4d-48.8547313!16s%2Fg%2F11fsx68lz6!19sChIJw2brrqiv3pQRJuOvFT0vgq8,Não,,,Pendente,,,,Não,Google Maps exibe Adicionar website; verificado em 13/08/2026.,oficina
Auto Mecânica Merckle,Oficina,4734351704,Joinville,https://www.google.com/maps/place/Auto+Mec%C3%A2nica+Merckle/data=!4m7!3m6!1s0x94deafd881d9bb77:0x61715ad736bf1869!8m2!3d-26.2831753!4d-48.8525208!16s%2Fg%2F11bv2gzjrp!19sChIJd7vZgdiv3pQRaRi_NtdacWE,Não,,,Pendente,,,,Não,Google Maps exibe Adicionar website; verificado em 13/08/2026.,oficina
Auto Center H20,Oficina,4734230821,Joinville,https://www.google.com/maps/place/Auto+Center+H20/data=!4m7!3m6!1s0x94deb031e4b76909:0xc8856456b7dff915!8m2!3d-26.2911233!4d-48.8442992!16s%2Fg%2F1tf170df!19sChIJCWm35DGw3pQRFfnft1Zkhcg,Não,,,Pendente,,,,Não,Google Maps exibe Adicionar website; verificado em 13/08/2026.,oficina
J&F Car Service,Oficina,4730312419,Joinville,https://www.google.com/maps/place/J%26F+Car+Service/data=!4m7!3m6!1s0x94deb3fe28b4793b:0x298d418682a412b4!8m2!3d-26.2864279!4d-48.8441368!16s%2Fg%2F11gy7_k_f5!19sChIJO3m0KP6z3pQRtBKkgoZBjSk,Não,,,Pendente,,,,Não,Google Maps exibe Adicionar website; verificado em 13/08/2026.,oficina
Selo Auto Center,Oficina,4730265553,Joinville,https://www.google.com/maps/place/Selo+Auto+Center/data=!4m7!3m6!1s0x94deb03492d445f3:0xc31b24211f15dd79!8m2!3d-26.2849006!4d-48.8400146!16s%2Fg%2F1ptxs1w7g!19sChIJ80XUkjSw3pQRed0VHyEkG8M,Não,,,Pendente,,,,Não,Google Maps exibe Adicionar website; verificado em 13/08/2026.,oficina
Kaffkar,Oficina,47999121776,Joinville,https://www.google.com/maps/place/Kaffkar/data=!4m7!3m6!1s0x94deb731f6921565:0xc33b28a16536f77!8m2!3d-26.3649944!4d-48.8287745!16s%2Fg%2F11y1zrzjzy!19sChIJZRWS9jG33pQRd29TFoqyMww,Não,,,Pendente,,,,Não,Google Maps exibe Adicionar website; verificado em 13/08/2026.,oficina
Mecânica Sasse,Oficina,4734386134,Joinville,https://www.google.com/maps/place/Mec%C3%A2nica+Sasse/data=!4m7!3m6!1s0x94deb06fbd09c691:0xf3ab965571e5a775!8m2!3d-26.3158773!4d-48.8680956!16s%2Fg%2F1tfvv2gr!19sChIJkcYJvW-w3pQRdaflcVWWq_M,Não,,,Pendente,,,,Não,Google Maps exibe Adicionar website; verificado em 13/08/2026.,oficina
Auto Jack Oficina de Pintura e Lataria,Oficina,4734224638,Joinville,https://www.google.com/maps/place/Auto+Jack+Oficina+de+Pintura+e+Lataria/data=!4m7!3m6!1s0x94deb06eb6616d4d:0x49c3ecfaf6ead1a7!8m2!3d-26.3130369!4d-48.8653409!16s%2Fg%2F11b8238kjw!19sChIJTW1htm6w3pQRp9Hq9vrsw0k,Não,,,Pendente,,,,Não,Google Maps exibe Adicionar website; verificado em 13/08/2026.,oficina
Oficina Diesel Joinville,Oficina,4734351550,Joinville,https://www.google.com/maps/place/Oficina+Diesel+Joinville/data=!4m7!3m6!1s0x94deafc581dbd3ff:0xd2ebba05e5b6b4c3!8m2!3d-26.3327388!4d-48.8601037!16s%2Fg%2F1tks7gbl!19sChIJ_9PbgcWv3pQRw7S25QW669I,Não,,,Pendente,,,,Não,Google Maps exibe Adicionar website; verificado em 13/08/2026.,oficina
Ortega's Garage,Oficina,47992634499,Joinville,https://www.google.com/maps/place/Ortega%27s+Garage/data=!4m7!3m6!1s0x94deb13edea604a9:0x6791b013bec7df92!8m2!3d-26.3134516!4d-48.8575377!16s%2Fg%2F11j7jhy2sy!19sChIJqQSm3j6x3pQRkt_HvhOwkWc,Não,,,Pendente,,,,Não,Google Maps exibe Adicionar website; verificado em 13/08/2026.,oficina
S3 Autoservice,Oficina,4734265202,Joinville,https://www.google.com/maps/place/S3+Autoservice/data=!4m7!3m6!1s0x94deb0fea342e875:0x42837c0d19164fe1!8m2!3d-26.3234102!4d-48.8436197!16s%2Fg%2F11ckqsvsjm!19sChIJdehCo_6w3pQR4U8WGQ18g0I,Não,,,Pendente,,,,Não,Google Maps exibe Adicionar website; verificado em 13/08/2026.,oficina
Auto impacto oficina,Oficina,47989292122,Joinville,https://www.google.com/maps/place/Auto+impacto+oficina/data=!4m7!3m6!1s0x94deb18b9f365519:0xc299838ed6b32948!8m2!3d-26.3285082!4d-48.8177406!16s%2Fg%2F11sw17s8jb!19sChIJGVU2n4ux3pQRSCmz1o6DmcI,Não,,,Pendente,,,,Não,Google Maps exibe Adicionar website; verificado em 13/08/2026.,oficina
Lehm Auto Mecânica,Oficina,4734360791,Joinville,https://www.google.com/maps/place/Lehm+Auto+Mec%C3%A2nica/data=!4m7!3m6!1s0x94deb6fedd72373f:0x5e433d3482b16182!8m2!3d-26.3520355!4d-48.8480415!16s%2Fg%2F11b678ph49!19sChIJPzdy3f623pQRgmGxgjQ9Q14,Não,,,Pendente,,,,Não,Google Maps exibe Adicionar website; verificado em 13/08/2026.,oficina
OFICINA MECÂNICA OFFMEC,Oficina,47999961218,Joinville,https://www.google.com/maps/place/OFICINA+MEC%C3%82NICA+OFFMEC/data=!4m7!3m6!1s0x94dea5674841c173:0x2d64a8b89dd234c6!8m2!3d-26.2740078!4d-48.8793145!16s%2Fg%2F11byz7nhp1!19sChIJc8FBSGel3pQRxjTSnbioZC0,Não,,,Pendente,,,,Não,Google Maps exibe Adicionar website; verificado em 13/08/2026.,oficina
Oficina Mecânica Voss,Oficina,4734260731,Joinville,https://www.google.com/maps/place/Oficina+Mec%C3%A2nica+Voss/data=!4m7!3m6!1s0x94deb0e4bbd81179:0x1481119b2e01ca42!8m2!3d-26.3300873!4d-48.8456048!16s%2Fg%2F1vbl8r8l!19sChIJeRHYu-Sw3pQRQsoBLpsRgRQ,Não,,,Pendente,,,,Não,Google Maps exibe Adicionar website; verificado em 13/08/2026.,oficina
Allvess Mecânica Automotiva,Oficina,47920034508,Joinville,https://www.google.com/maps/place/Allvess+Mec%C3%A2nica+Automotiva/data=!4m7!3m6!1s0x94deb1cbf34817d7:0x158a6a4e4e2d2ca!8m2!3d-26.3307577!4d-48.84384!16s%2Fg%2F11mrxtcqnr!19sChIJ1xdI88ux3pQRytLi5KSmWAE,Não,,,Pendente,,,,Não,Google Maps exibe Adicionar website; verificado em 13/08/2026.,oficina
Auto Mecânica Scholze,Oficina,4734224194,Joinville,https://www.google.com/maps/place/Auto+Mec%C3%A2nica+Scholze/data=!4m7!3m6!1s0x94deb05d1b512ceb:0x30caea2271ff986b!8m2!3d-26.3170176!4d-48.8580239!16s%2Fg%2F1ydnqf91t!19sChIJ6yxRG12w3pQRa5j_cSLqyjA,Não,,,Pendente,,,,Não,Google Maps exibe Adicionar website; verificado em 13/08/2026.,oficina
Fast Car Centro automotivo,Oficina,47999521833,Joinville,https://www.google.com/maps/place/Fast+Car+Centro+automotivo/data=!4m7!3m6!1s0x94deb5e35eeb7b23:0x8a0bdfa43b569d7b!8m2!3d-26.3770709!4d-48.8238253!16s%2Fg%2F11nmhv40ws!19sChIJI3vrXuO13pQRe51WO6TfC4o,Não,,,Pendente,,,,Não,Google Maps exibe Adicionar website; verificado em 13/08/2026.,oficina
A.S. Soluções Automotivas,Oficina,47999210043,Joinville,https://www.google.com/maps/place/A.S.+Solu%C3%A7%C3%B5es+Automotivas/data=!4m7!3m6!1s0x94deb1235c768c8f:0xa4cb1858e91871ff!8m2!3d-26.3811262!4d-48.8234835!16s%2Fg%2F11j0s128f8!19sChIJj4x2XCOx3pQR_3EY6VgYy6Q,Não,,,Pendente,,,,Não,Google Maps exibe Adicionar website; verificado em 13/08/2026.,oficina
ANDE CAR,Oficina,47988654166,Joinville,https://www.google.com/maps/place/ANDE+CAR/data=!4m7!3m6!1s0x94deb74ded4751db:0x16f7a494dbcfc58f!8m2!3d-26.3757258!4d-48.8238825!16s%2Fg%2F11zgf1_0yq!19sChIJ21FH7U233pQRj8XP25Sk9xY,Não,,,Pendente,,,,Não,Google Maps exibe Adicionar website; verificado em 13/08/2026.,oficina
Auto Mecânica 17,Oficina,4734361426,Joinville,https://www.google.com/maps/place/Auto+Mec%C3%A2nica+17/data=!4m7!3m6!1s0x94deb118b7289459:0xae37182125aa0f84!8m2!3d-26.3345032!4d-48.8343575!16s%2Fg%2F1tc_gdnh!19sChIJWZQotxix3pQRhA-qJSEYN64,Não,,,Pendente,,,,Não,Google Maps exibe Adicionar website; verificado em 13/08/2026.,oficina
Bravos Auto Center,Oficina,47984983467,Joinville,https://www.google.com/maps/place/Bravos+Auto+Center/data=!4m7!3m6!1s0x94deb1755d5865c5:0x9590d146d557f1c!8m2!3d-26.3225731!4d-48.844878!16s%2Fg%2F11z6lycbsk!19sChIJxWVYXXWx3pQRHH9VbRQNWQk,Não,,,Pendente,,,,Não,Google Maps exibe Adicionar website; verificado em 13/08/2026.,oficina
Sadi Racing e Auto Center Sadicar,Oficina,47991475784,Joinville,https://www.google.com/maps/place/Sadi+Racing+e+Auto+Center+Sadicar/data=!4m7!3m6!1s0x94deb7ea15a83475:0xe7252af7c0fbbc9d!8m2!3d-26.3456884!4d-48.8468394!16s%2Fg%2F11fjvzz6jq!19sChIJdTSoFeq33pQRnbz7wPcqJec,Não,,,Pendente,,,,Não,Google Maps exibe Adicionar website; verificado em 13/08/2026.,oficina
Latoaria e Pintura Machadinho Auto Center,Oficina,47984673659,Joinville,https://www.google.com/maps/place/Latoaria+e+Pintura+Machadinho+Auto+Center/data=!4m7!3m6!1s0x94deb15be38b920d:0x7a8abae367dddc21!8m2!3d-26.3369539!4d-48.8276087!16s%2Fg%2F11qb8nh9vt!19sChIJDZKL41ux3pQRIdzdZ-O6ino,Não,,,Pendente,,,,Não,Google Maps exibe Adicionar website; verificado em 13/08/2026.,oficina
Mecânica Torrens,Oficina,47988528946,Joinville,https://www.google.com/maps/place/Mec%C3%A2nica+Torrens/data=!4m7!3m6!1s0x94deae28fce72947:0x3cef78b39291dae9!8m2!3d-26.3233794!4d-48.8544544!16s%2Fg%2F11gh35vyfy!19sChIJRynn_Ciu3pQR6dqRkrN47zw,Não,,,Pendente,,,,Não,Google Maps exibe Adicionar website; verificado em 13/08/2026.,oficina
Auto Mecânica Krelling,Oficina,47999910628,Joinville,https://www.google.com/maps/place/Auto+Mec%C3%A2nica+Krelling/data=!4m7!3m6!1s0x94deb0572fb37ad7:0x23b41e3c80a633e3!8m2!3d-26.3161062!4d-48.8477003!16s%2Fg%2F11b81v0mp1!19sChIJ13qzL1ew3pQR4zOmgDwetCM,Não,,,Pendente,,,,Não,Google Maps exibe Adicionar website; verificado em 13/08/2026.,oficina
Mecânica TioAdry,Oficina,47991191888,Joinville,https://www.google.com/maps/place/Mec%C3%A2nica+TioAdry/data=!4m7!3m6!1s0x94deb0e19ec8fa05:0x925df84abe712660!8m2!3d-26.3189768!4d-48.8595337!16s%2Fg%2F1td6z83l!19sChIJBfrInuGw3pQRYCZxvkr4XZI,Não,,,Pendente,,,,Não,Google Maps exibe Adicionar website; verificado em 13/08/2026.,oficina
borracharia movel,Oficina,47984325563,Joinville,https://www.google.com/maps/place/borracharia+movel/data=!4m7!3m6!1s0x94deb1ef69c2d1df:0x2756840544f9df5b!8m2!3d-26.3243671!4d-48.8567257!16s%2Fg%2F11v5rstxxs!19sChIJ39HCae-x3pQRW9_5RAWEVic,Não,,,Pendente,,,,Não,Google Maps exibe Adicionar website; verificado em 13/08/2026.,oficina
CENTRO AUTOMOTIVO BERTOLI,Oficina,4734552124,Joinville,https://www.google.com/maps/place/CENTRO+AUTOMOTIVO+BERTOLI/data=!4m7!3m6!1s0x94deb060ee58b5e1:0x804c8492aa394064!8m2!3d-26.3240577!4d-48.8613576!16s%2Fg%2F1ptzk1x6y!19sChIJ4bVY7mCw3pQRZEA5qpKETIA,Não,,,Pendente,,,,Não,Google Maps exibe Adicionar website; verificado em 13/08/2026.,oficina
Mecânica Dalchau,Oficina,4734388180,Joinville,https://www.google.com/maps/place/Mec%C3%A2nica+Dalchau/data=!4m7!3m6!1s0x94deb0651dd751bb:0x83b32fe2a8e9b3a5!8m2!3d-26.3197442!4d-48.868612!16s%2Fg%2F1tfts78c!19sChIJu1HXHWWw3pQRpbPpqOIvs4M,Não,,,Pendente,,,,Não,Google Maps exibe Adicionar website; verificado em 13/08/2026.,oficina
Euroempodico Oficina Mecânicas,Oficina,4734222607,Joinville,https://www.google.com/maps/place/Euroempodico+Oficina+Mec%C3%A2nicas/data=!4m7!3m6!1s0x94deb0601b33fe73:0x458f1e476a6725fd!8m2!3d-26.3241269!4d-48.8597661!16s%2Fg%2F1tjjqjbp!19sChIJc_4zG2Cw3pQR_SVnakcej0U,Não,,,Pendente,,,,Não,Google Maps exibe Adicionar website; verificado em 13/08/2026.,oficina
Mecânica Mensor,Oficina,4734652915,Joinville,https://www.google.com/maps/place/Mec%C3%A2nica+Mensor/data=!4m7!3m6!1s0x94deb0d0871bd6bb:0x365a516acf6b5b2a!8m2!3d-26.3221448!4d-48.867615!16s%2Fg%2F11b6hsxtvf!19sChIJu9Ybh9Cw3pQRKltrz2pRWjY,Não,,,Pendente,,,,Não,Google Maps exibe Adicionar website; verificado em 13/08/2026.,oficina
Mecânica Tiradentes,Oficina,4734261960,Joinville,https://www.google.com/maps/place/Mec%C3%A2nica+Tiradentes/data=!4m7!3m6!1s0x94deb0f7ce08ecb9:0x5d2d6ec24bf3f00a!8m2!3d-26.3227295!4d-48.8514241!16s%2Fg%2F1th7p0yz!19sChIJuewIzvew3pQRCvDzS8JuLV0,Não,,,Pendente,,,,Não,Google Maps exibe Adicionar website; verificado em 13/08/2026.,oficina
DukesV8,Oficina,47999904557,Joinville,https://www.google.com/maps/place/DukesV8/data=!4m7!3m6!1s0x94deb050625b799b:0x2802c93141aca769!8m2!3d-26.3183916!4d-48.849424!16s%2Fg%2F11cs3v5w2v!19sChIJm3lbYlCw3pQRaaesQTHJAig,Não,,,Pendente,,,,Não,Google Maps exibe Adicionar website; verificado em 13/08/2026.,oficina
Rodrigo Guincho - Anita Garibaldi - Joinville / SC,Oficina,47999168680,Joinville,https://www.google.com/maps/place/Rodrigo+Guincho+-+Anita+Garibaldi+-+Joinville+%2F+SC/data=!4m7!3m6!1s0x94deb18691613dcb:0x3c6f6464160e24ac!8m2!3d-26.3245947!4d-48.8641905!16s%2Fg%2F11p5jlrktf!19sChIJyz1hkYax3pQRrCQOFmRkbzw,Não,,,Pendente,,,,Não,Google Maps exibe Adicionar website; verificado em 13/08/2026.,oficina
RC Centro Automotivo e Estacionamento,Oficina,47996335848,Joinville,https://www.google.com/maps/place/RC+Centro+Automotivo+e+Estacionamento/data=!4m7!3m6!1s0x94deb058e7e62f3d:0x24cfe2c4ab0cb92e!8m2!3d-26.3205694!4d-48.8535086!16s%2Fg%2F11dzsw992w!19sChIJPS_m51iw3pQRLrkMq8TizyQ,Não,,,Pendente,,,,Não,Google Maps exibe Adicionar website; verificado em 13/08/2026.,oficina
Martelinho de Ouro Arte Risco,Oficina,4734554105,Joinville,https://www.google.com/maps/place/Martelinho+de+Ouro+Arte+Risco/data=!4m7!3m6!1s0x94deb0582cdd1bc3:0x927ff08e0532f2e9!8m2!3d-26.3182267!4d-48.8492202!16s%2Fg%2F1tnpm4jp!19sChIJwxvdLFiw3pQR6fIyBY7wf5I,Não,,,Pendente,,,,Não,Google Maps exibe Adicionar website; verificado em 13/08/2026.,oficina
Mecânica Farroupilha,Oficina,4734360490,Joinville,https://www.google.com/maps/place/Mec%C3%A2nica+Farroupilha/data=!4m7!3m6!1s0x94deb0fa7a24fd3f:0xb5f6b56bdfbbdef5!8m2!3d-26.3285454!4d-48.8500948!16s%2Fg%2F1ptzyk1s2!19sChIJP_0kevqw3pQR9d6732u19rU,Não,,,Pendente,,,,Não,Google Maps exibe Adicionar website; verificado em 13/08/2026.,oficina
Stang,Oficina,4730284138,Joinville,https://www.google.com/maps/place/Stang/data=!4m7!3m6!1s0x94deb0573f7bd9f5:0x13a19f7346e51631!8m2!3d-26.3168772!4d-48.8485173!16s%2Fg%2F11wj6gqnm5!19sChIJ9dl7P1ew3pQRMRblRnOfoRM,Não,,,Pendente,,,,Não,Google Maps exibe Adicionar website; verificado em 13/08/2026.,oficina
Lavação Anita,Oficina,47988153686,Joinville,https://www.google.com/maps/place/Lava%C3%A7%C3%A3o+Anita/data=!4m7!3m6!1s0x94deb1473e66e019:0xa9b24b5194434165!8m2!3d-26.3220617!4d-48.8534395!16s%2Fg%2F11rkftf2z5!19sChIJGeBmPkex3pQRZUFDlFFLsqk,Não,,,Pendente,,,,Não,Google Maps exibe Adicionar website; verificado em 13/08/2026.,oficina
MDI Usinagem,Oficina,47992768516,Joinville,https://www.google.com/maps/place/MDI+Usinagem/data=!4m7!3m6!1s0x94deb1d01639a36d:0x53da1794148efdac!8m2!3d-26.3239991!4d-48.8549362!16s%2Fg%2F11smrh23x4!19sChIJbaM5FtCx3pQRrP2OFJQX2lM,Não,,,Pendente,,,,Não,Google Maps exibe Adicionar website; verificado em 13/08/2026.,oficina
Otto's Garage,Oficina,47999267733,Joinville,https://www.google.com/maps/place/Otto%27s+Garage/data=!4m7!3m6!1s0x94deb10047e76a0d:0xe08fbad3db518b28!8m2!3d-26.3125048!4d-48.856789!16s%2Fg%2F11vz6781z2!19sChIJDWrnRwCx3pQRKItR29O6j-A,Não,,,Pendente,,,,Não,Google Maps exibe Adicionar website; verificado em 13/08/2026.,oficina
Auto BOSS Soluções Automotivas,Oficina,47992450505,Joinville,https://www.google.com/maps/place/Auto+BOSS+Solu%C3%A7%C3%B5es+Automotivas/data=!4m7!3m6!1s0x94deb1054108464f:0xfd52cf645f9d5b1d!8m2!3d-26.3224847!4d-48.8581528!16s%2Fg%2F11jmfzht8r!19sChIJT0YIQQWx3pQRHVudX2TPUv0,Não,,,Pendente,,,,Não,Google Maps exibe Adicionar website; verificado em 13/08/2026.,oficina
Car Care estética automotiva,Oficina,47999831367,Joinville,https://www.google.com/maps/place/Car+Care+est%C3%A9tica+automotiva/data=!4m7!3m6!1s0x94deb1245edbdae9:0xef75584349a118a6!8m2!3d-26.3111441!4d-48.8486647!16s%2Fg%2F11fkdvr9_6!19sChIJ6drbXiSx3pQRphihSUNYde8,Não,,,Pendente,,,,Não,Google Maps exibe Adicionar website; verificado em 13/08/2026.,oficina
Marquinhos Auto Elétrica,Oficina,47999941091,Joinville,https://www.google.com/maps/place/Marquinhos+Auto+El%C3%A9trica/data=!4m7!3m6!1s0x94deb10070a78ce7:0x612fb5bf126c6bcb!8m2!3d-26.317968!4d-48.8499265!16s%2Fg%2F11wc30x32x!19sChIJ54yncACx3pQRy2tsEr-1L2E,Não,,,Pendente,,,,Não,Google Maps exibe Adicionar website; verificado em 13/08/2026.,oficina
Sommer Conserto de Teto Solar,Oficina,47991739576,Joinville,https://www.google.com/maps/place/Sommer+Conserto+de+Teto+Solar/data=!4m7!3m6!1s0x94deb70bd276a50d:0x628328b31ab5ecca!8m2!3d-26.3243849!4d-48.8557839!16s%2Fg%2F11tc1r9wd0!19sChIJDaV20gu33pQRyuy1GrMog2I,Não,,,Pendente,,,,Não,Google Maps exibe Adicionar website; verificado em 13/08/2026.,oficina
Place Car Sound - Autosom - Autosound - Películas - Shopping Big,Oficina,4734550418,Joinville,https://www.google.com/maps/place/Place+Car+Sound+-+Autosom+-+Autosound+-+Pel%C3%ADculas+-+Shopping+Big/data=!4m7!3m6!1s0x94deb0f8d816387d:0xe6a109b53446c9d3!8m2!3d-26.3213636!4d-48.8453481!16s%2Fg%2F1tcw4s96!19sChIJfTgW2Piw3pQR08lGNLUJoeY,Não,,,Pendente,,,,Não,Google Maps exibe Adicionar website; verificado em 13/08/2026.,oficina
Rota Car Limpeza Automotiva/Baterias/Transportes,Oficina,47991293219,Joinville,https://www.google.com/maps/place/Rota+Car+Limpeza+Automotiva%2FBaterias%2FTransportes/data=!4m7!3m6!1s0x94deb198424f8767:0xf68fb2da06c22ea7!8m2!3d-26.3245307!4d-48.8653997!16s%2Fg%2F11fb0qcx65!19sChIJZ4dPQpix3pQRpy7CBtqyj_Y,Não,,,Pendente,,,,Não,Google Maps exibe Adicionar website; verificado em 13/08/2026.,oficina
SF Mecânica,Oficina,47996992564,Joinville,https://www.google.com/maps/place/SF+Mec%C3%A2nica/data=!4m7!3m6!1s0x94deafd657b5d473:0xc559cd1649be51e4!8m2!3d-26.2784871!4d-48.8465822!16s%2Fg%2F1tmpx3q4!19sChIJc9S1V9av3pQR5FG-SRbNWcU,Não,,,Pendente,,,,Não,Google Maps exibe Adicionar website; verificado em 13/08/2026.,oficina
Auto Mecânica S3 Ltda,Oficina,4734371996,Joinville,https://www.google.com/maps/place/Auto+Mec%C3%A2nica+S3+Ltda/data=!4m7!3m6!1s0x94deae2bb3155c21:0x3cfb89c174729396!8m2!3d-26.2752772!4d-48.8363844!16s%2Fg%2F1tf6hswt!19sChIJIVwVsyuu3pQRlpNydMGJ-zw,Não,,,Pendente,,,,Não,Google Maps exibe Adicionar website; verificado em 13/08/2026.,oficina
FS Reparação Automotiva,Oficina,4733059339,Joinville,https://www.google.com/maps/place/FS+Repara%C3%A7%C3%A3o+Automotiva/data=!4m7!3m6!1s0x94deaf8bffde3c83:0x7fcc5f1ee4460498!8m2!3d-26.2751823!4d-48.836322!16s%2Fg%2F11kw8xxd36!19sChIJgzze_4uv3pQRmARG5B5fzH8,Não,,,Pendente,,,,Não,Google Maps exibe Adicionar website; verificado em 13/08/2026.,oficina
Oficina do Neco,Oficina,47984266295,Joinville,https://www.google.com/maps/place/Oficina+do+Neco/data=!4m7!3m6!1s0x94deb138cd0055c9:0x2de9e591f73b68db!8m2!3d-26.2879204!4d-48.8387382!16s%2Fg%2F11pwrxkkqv!19sChIJyVUAzTix3pQR22g795Hl6S0,Não,,,Pendente,,,,Não,Google Maps exibe Adicionar website; verificado em 13/08/2026.,oficina
Mecânica Róde,Oficina,47999746158,Joinville,https://www.google.com/maps/place/Mec%C3%A2nica+R%C3%B3de/data=!4m7!3m6!1s0x94deae294afb9347:0xcfcec27ac778b2d8!8m2!3d-26.2707417!4d-48.8343638!16s%2Fg%2F1tj813c8!19sChIJR5P7Simu3pQR2LJ4x3rCzs8,Não,,,Pendente,,,,Não,Google Maps exibe Adicionar website; verificado em 13/08/2026.,oficina
Auto Gabarito,Oficina,4734273397,Joinville,https://www.google.com/maps/place/Auto+Gabarito/data=!4m7!3m6!1s0x94deb02b5e126a3d:0xc21c147d8e8052f6!8m2!3d-26.2837604!4d-48.8410791!16s%2Fg%2F11bv2lg6hb!19sChIJPWoSXiuw3pQR9lKAjn0UHMI,Não,,,Pendente,,,,Não,Google Maps exibe Adicionar website; verificado em 13/08/2026.,oficina
Oficina Mecânica Aleixo,Oficina,4734350286,Joinville,https://www.google.com/maps/place/Oficina+Mec%C3%A2nica+Aleixo/data=!4m7!3m6!1s0x94deae2b573afc37:0xd3a220d827a35069!8m2!3d-26.2739008!4d-48.8390581!16s%2Fg%2F1tcxqts3!19sChIJN_w6Vyuu3pQRaVCjJ9ggotM,Não,,,Pendente,,,,Não,Google Maps exibe Adicionar website; verificado em 13/08/2026.,oficina
Tec Auto Soluções Automotivas,Oficina,4730290105,Joinville,https://www.google.com/maps/place/Tec+Auto+Solu%C3%A7%C3%B5es+Automotivas/data=!4m7!3m6!1s0x94deb02caab6c045:0xf75a84222940813c!8m2!3d-26.2830707!4d-48.8375883!16s%2Fg%2F1ptyr82j7!19sChIJRcC2qiyw3pQRPIFAKSKEWvc,Não,,,Pendente,,,,Não,Google Maps exibe Adicionar website; verificado em 13/08/2026.,oficina
Ribas Eletromecânicas,Oficina,4730287402,Joinville,https://www.google.com/maps/place/Ribas+Eletromec%C3%A2nicas/data=!4m7!3m6!1s0x94deafd0e9723b33:0x99fd38baaa872e6a!8m2!3d-26.2754106!4d-48.848168!16s%2Fg%2F11f3xg57fn!19sChIJMzty6dCv3pQRai6Hqro4_Zk,Não,,,Pendente,,,,Não,Google Maps exibe Adicionar website; verificado em 13/08/2026.,oficina
DKR OFICINA MECÂNICA,Oficina,47984550287,Joinville,https://www.google.com/maps/place/DKR+OFICINA+MEC%C3%82NICA/data=!4m7!3m6!1s0x94deb00bd3f7445f:0x1d4c5647bc6a5297!8m2!3d-26.2770834!4d-48.8408425!16s%2Fg%2F11c3l9rdv2!19sChIJX0T30wuw3pQRl1JqvEdWTB0,Não,,,Pendente,,,,Não,Google Maps exibe Adicionar website; verificado em 13/08/2026.,oficina
Multicarros,Oficina,4734721975,Joinville,https://www.google.com/maps/place/Multicarros/data=!4m7!3m6!1s0x94deb1d38a942717:0xaa0c855e0bf8b0fd!8m2!3d-26.2826142!4d-48.8374567!16s%2Fg%2F1w0h8nqj!19sChIJFyeUitOx3pQR_bD4C16FDKo,Não,,,Pendente,,,,Não,Google Maps exibe Adicionar website; verificado em 13/08/2026.,oficina
Mecânica Villo,Oficina,4734254274,Joinville,https://www.google.com/maps/place/Mec%C3%A2nica+Villo/data=!4m7!3m6!1s0x94deafd2da814dd3:0x5d6e384b95183aac!8m2!3d-26.2714815!4d-48.8400743!16s%2Fg%2F1yfjmyz4s!19sChIJ002B2tKv3pQRrDoYlUs4bl0,Não,,,Pendente,,,,Não,Google Maps exibe Adicionar website; verificado em 13/08/2026.,oficina
Juninho mecânico,Oficina,47999516865,Joinville,https://www.google.com/maps/place/Juninho+mec%C3%A2nico/data=!4m7!3m6!1s0x94deb13fe947a2f1:0x3f2668a790d19600!8m2!3d-26.2816894!4d-48.8402823!16s%2Fg%2F11njbx79yf!19sChIJ8aJH6T-x3pQRAJbRkKdoJj8,Não,,,Pendente,,,,Não,Google Maps exibe Adicionar website; verificado em 13/08/2026.,oficina
Mecânica AWA,Oficina,47988550191,Joinville,https://www.google.com/maps/place/Mec%C3%A2nica+AWA/data=!4m7!3m6!1s0x94deafba5d0a4dcf:0xcd9ab3ac62891842!8m2!3d-26.2745729!4d-48.8483278!16s%2Fg%2F11y65640v5!19sChIJz00KXbqv3pQRQhiJYqyzms0,Não,,,Pendente,,,,Não,Google Maps exibe Adicionar website; verificado em 13/08/2026.,oficina
Auto Mecânica Elicar,Oficina,4734372977,Joinville,https://www.google.com/maps/place/Auto+Mec%C3%A2nica+Elicar/data=!4m7!3m6!1s0x94deaf8367a385c5:0x35ea7c6916653a3c!8m2!3d-26.2713245!4d-48.8331325!16s%2Fg%2F11ghdrytdd!19sChIJxYWjZ4Ov3pQRPDplFml86jU,Não,,,Pendente,,,,Não,Google Maps exibe Adicionar website; verificado em 13/08/2026.,oficina
Oficina Soares Bosch Diesel Center,Oficina,4730318282,Joinville,https://www.google.com/maps/place/Oficina+Soares+Bosch+Diesel+Center/data=!4m7!3m6!1s0x94deb02caa57c8cf:0xc8cb1548a4225068!8m2!3d-26.2827843!4d-48.8379426!16s%2Fg%2F1xg5tv46!19sChIJz8hXqiyw3pQRaFAipEgVy8g,Não,,,Pendente,,,,Não,Google Maps exibe Adicionar website; verificado em 13/08/2026.,oficina
King Auto Peças,Oficina,47997396726,Joinville,https://www.google.com/maps/place/King+Auto+Pe%C3%A7as/data=!4m7!3m6!1s0x94deb719596fff17:0xfdbb5252f5fc0416!8m2!3d-26.3786486!4d-48.8255549!16s%2Fg%2F11z13h1731!19sChIJF_9vWRm33pQRFgT89VJSu_0,Não,,,Pendente,,,,Não,Google Maps exibe Adicionar website; verificado em 13/08/2026.,oficina
GARAGE SOUND CAR,Oficina,47996962171,Joinville,https://www.google.com/maps/place/GARAGE+SOUND+CAR/data=!4m7!3m6!1s0x94deb6f3b0518995:0x1640b740318cb6e9!8m2!3d-26.3765885!4d-48.8274592!16s%2Fg%2F11cn92m8wg!19sChIJlYlRsPO23pQR6baMMUC3QBY,Não,,,Pendente,,,,Não,Google Maps exibe Adicionar website; verificado em 13/08/2026.,oficina
Auto Mecânica Carro e Cia,Oficina,47991095498,Joinville,https://www.google.com/maps/place/Auto+Mec%C3%A2nica+Carro+e+Cia/data=!4m7!3m6!1s0x94deb146a7791c9b:0x4ddfb8d1245d07c1!8m2!3d-26.3340047!4d-48.8145956!16s%2Fg%2F11bv3v95bm!19sChIJmxx5p0ax3pQRwQddJNG4300,Não,,,Pendente,,,,Não,Google Maps exibe Adicionar website; verificado em 13/08/2026.,oficina
Auto Mecânica Viniks,Oficina,4734264640,Joinville,https://www.google.com/maps/place/Auto+Mec%C3%A2nica+Viniks/data=!4m7!3m6!1s0x94deb0e615dbace1:0xc512cdc7f2268200!8m2!3d-26.3366599!4d-48.848849!16s%2Fg%2F11cnc0p1c4!19sChIJ4azbFeaw3pQRAIIm8sfNEsU,Não,,,Pendente,,,,Não,Google Maps exibe Adicionar website; verificado em 13/08/2026.,oficina
Carj Centro Automotivo Joinville,Oficina,47991377503,Joinville,https://www.google.com/maps/place/Carj+Centro+Automotivo+Joinville/data=!4m7!3m6!1s0x94deb158c98ce5fd:0x12337b750aeee8ee!8m2!3d-26.3207578!4d-48.8147829!16s%2Fg%2F11mly96kbq!19sChIJ_eWMyVix3pQR7ujuCnV7MxI,Não,,,Pendente,,,,Não,Google Maps exibe Adicionar website; verificado em 13/08/2026.,oficina
Auto Mecânica Sandro Stachon,Oficina,4734650228,Joinville,https://www.google.com/maps/place/Auto+Mec%C3%A2nica+Sandro+Stachon/data=!4m7!3m6!1s0x94deb0e8ce7f678b:0xcf05d60a201fc7b3!8m2!3d-26.3367602!4d-48.8515598!16s%2Fg%2F11f0_cgq7p!19sChIJi2d_zuiw3pQRs8cfIArWBc8,Não,,,Pendente,,,,Não,Google Maps exibe Adicionar website; verificado em 13/08/2026.,oficina
House Meurer Estética Automotiva,Oficina,47992119766,Joinville,https://www.google.com/maps/place/House+Meurer+Est%C3%A9tica+Automotiva/data=!4m7!3m6!1s0x94deb70b806f2055:0xef870c5f7961a417!8m2!3d-26.3713574!4d-48.819732!16s%2Fg%2F11kpzrfh7_!19sChIJVSBvgAu33pQRF6RheV8Mh-8,Não,,,Pendente,,,,Não,Google Maps exibe Adicionar website; verificado em 13/08/2026.,oficina
TGC Borracharia e Bicicletaria,Oficina,47999009087,Joinville,https://www.google.com/maps/place/TGC+Borracharia+e+Bicicletaria/data=!4m7!3m6!1s0x94deb1cabd2cfc7d:0xd8a488c29f6ea8d1!8m2!3d-26.2810526!4d-48.8375894!16s%2Fg%2F11rxg8zqmj!19sChIJffwsvcqx3pQR0ahun8KIpNg,Não,,,Pendente,,,,Não,Google Maps exibe Adicionar website; verificado em 13/08/2026.,oficina
Auto Mecânica Passos,Oficina,4734252523,Joinville,https://www.google.com/maps/place/Auto+Mec%C3%A2nica+Passos/data=!4m7!3m6!1s0x94deaffaefffffff:0x2dce79ede5de0151!8m2!3d-26.2840306!4d-48.8718629!16s%2Fg%2F1td3sn9m!19sChIJ____7_qv3pQRUQHe5e15zi0,Não,,,Pendente,,,,Não,Google Maps exibe Adicionar website; verificado em 13/08/2026.,oficina
Irmãos Schmidt Oficina Mecânica Automotiva,Oficina,47984093759,Joinville,https://www.google.com/maps/place/Irm%C3%A3os+Schmidt+Oficina+Mec%C3%A2nica+Automotiva/data=!4m7!3m6!1s0x94deaf68c6a1cde5:0xbb2aea9fda168440!8m2!3d-26.2702878!4d-48.8752988!16s%2Fg%2F11rst7j2k_!19sChIJ5c2hxmiv3pQRQIQW2p_qKrs,Não,,,Pendente,,,,Não,Google Maps exibe Adicionar website; verificado em 13/08/2026.,oficina
Scala Auto Peças e Mecânica de veículos,Oficina,4734355535,Joinville,https://www.google.com/maps/place/Scala+Auto+Pe%C3%A7as+e+Mec%C3%A2nica+de+ve%C3%ADculos/data=!4m7!3m6!1s0x94deaf8db58d80d5:0x44699d0935fc0931!8m2!3d-26.2669944!4d-48.8721508!16s%2Fg%2F1ptw242gq!19sChIJ1YCNtY2v3pQRMQn8NQmdaUQ,Não,,,Pendente,,,,Não,Google Maps exibe Adicionar website; verificado em 13/08/2026.,oficina
Ferreira Auto Center,Oficina,4734353933,Joinville,https://www.google.com/maps/place/Ferreira+Auto+Center/data=!4m7!3m6!1s0x94deafeb4ec5587f:0x67899f8c4f3a43c2!8m2!3d-26.2682426!4d-48.8638085!16s%2Fg%2F1ptvqc660!19sChIJf1jFTuuv3pQRwkM6T4yfiWc,Não,,,Pendente,,,,Não,Google Maps exibe Adicionar website; verificado em 13/08/2026.,oficina
Mecânica JL,Oficina,47999420059,Joinville,https://www.google.com/maps/place/Mec%C3%A2nica+JL/data=!4m7!3m6!1s0x94deafaa55aed86b:0x1585cff9d958e531!8m2!3d-26.2845899!4d-48.8735514!16s%2Fg%2F11z8hg_lbc!19sChIJa9iuVaqv3pQRMeVY2fnPhRU,Não,,,Pendente,,,,Não,Google Maps exibe Adicionar website; verificado em 13/08/2026.,oficina
Auto Mecânica Hoff,Oficina,4734353391,Joinville,https://www.google.com/maps/place/Auto+Mec%C3%A2nica+Hoff/data=!4m7!3m6!1s0x94deaf92593b7fb9:0xc2642bdb309c2309!8m2!3d-26.266399!4d-48.8684888!16s%2Fg%2F1tq6l6px!19sChIJuX87WZKv3pQRCSOcMNsrZMI,Não,,,Pendente,,,,Não,Google Maps exibe Adicionar website; verificado em 13/08/2026.,oficina
Auto Mecânica Mário,Oficina,4734736699,Joinville,https://www.google.com/maps/place/Auto+Mec%C3%A2nica+M%C3%A1rio/data=!4m7!3m6!1s0x94dea55fc48f1837:0xafa8986bf20b36ec!8m2!3d-26.2750079!4d-48.8814943!16s%2Fg%2F1tyyy85y!19sChIJNxiPxF-l3pQR7DYL8muYqK8,Não,,,Pendente,,,,Não,Google Maps exibe Adicionar website; verificado em 13/08/2026.,oficina
Mineiro Car,Oficina,4730272471,Joinville,https://www.google.com/maps/place/Mineiro+Car/data=!4m7!3m6!1s0x94deaf046ed886b1:0xa2cdeb3fddbc9041!8m2!3d-26.2812114!4d-48.8733902!16s%2Fg%2F11fp1l9z1r!19sChIJsYbYbgSv3pQRQZC83T_rzaI,Não,,,Pendente,,,,Não,Google Maps exibe Adicionar website; verificado em 13/08/2026.,oficina
Mecânica Cebolinha,Oficina,4734253912,Joinville,https://www.google.com/maps/place/Mec%C3%A2nica+Cebolinha/data=!4m7!3m6!1s0x94deafa9b9113d77:0x13feca2db143753b!8m2!3d-26.2743791!4d-48.8782855!16s%2Fg%2F11fdy4z_y9!19sChIJdz0Ruamv3pQRO3VDsS3K_hM,Não,,,Pendente,,,,Não,Google Maps exibe Adicionar website; verificado em 13/08/2026.,oficina
Mecânica Jóia,Oficina,4730285256,Joinville,https://www.google.com/maps/place/Mec%C3%A2nica+J%C3%B3ia/data=!4m7!3m6!1s0x94deaf8c2eeaac35:0xea25e0e6830f2e01!8m2!3d-26.2663109!4d-48.8728394!16s%2Fg%2F11bv6pxhw_!19sChIJNazqLoyv3pQRAS4Pg-bgJeo,Não,,,Pendente,,,,Não,Google Maps exibe Adicionar website; verificado em 13/08/2026.,oficina
Mecânica do Lúcio,Oficina,47991041472,Joinville,https://www.google.com/maps/place/Mec%C3%A2nica+do+L%C3%BAcio/data=!4m7!3m6!1s0x94dea565d40fe1d1:0x1d71d4ccab57df9a!8m2!3d-26.2679156!4d-48.8906726!16s%2Fg%2F11bv5t4f7f!19sChIJ0eEP1GWl3pQRmt9Xq8zUcR0,Não,,,Pendente,,,,Não,Google Maps exibe Adicionar website; verificado em 13/08/2026.,oficina
Wanted Car Service,Oficina,47996827021,Joinville,https://www.google.com/maps/place/Wanted+Car+Service/data=!4m7!3m6!1s0x94dea50069a0ac77:0x774205cda0171166!8m2!3d-26.2653657!4d-48.8918964!16s%2Fg%2F11wy0fn0qd!19sChIJd6ygaQCl3pQRZhEXoM0FQnc,Não,,,Pendente,,,,Não,Google Maps exibe Adicionar website; verificado em 13/08/2026.,oficina
House Car Centro Automotivo,Oficina,4730345001,Joinville,https://www.google.com/maps/place/House+Car+Centro+Automotivo/data=!4m7!3m6!1s0x94dea57cc82db677:0x7e42c58fc6c1d551!8m2!3d-26.2644522!4d-48.8839104!16s%2Fg%2F12cp8_47y!19sChIJd7YtyHyl3pQRUdXBxo_FQn4,Não,,,Pendente,,,,Não,Google Maps exibe Adicionar website; verificado em 13/08/2026.,oficina
Ronaldo Francisco dos Passos,Oficina,4730281741,Joinville,https://www.google.com/maps/place/Ronaldo+Francisco+dos+Passos/data=!4m7!3m6!1s0x94deaffb73ef4ad7:0x9bdf750cf3b104fb!8m2!3d-26.2839511!4d-48.8718889!16s%2Fg%2F1ptwct6wb!19sChIJ10rvc_uv3pQR-wSx8wx135s,Não,,,Pendente,,,,Não,Google Maps exibe Adicionar website; verificado em 13/08/2026.,oficina
RR climatização e instalação eletrica LTDA,Elétrica,47988347283,Joinville,https://www.google.com/maps/place/RR+climatiza%C3%A7%C3%A3o+e+instala%C3%A7%C3%A3o+eletrica+LTDA/data=!4m7!3m6!1s0x94deb7f1cf6672ab:0x2829e8db68eed135!8m2!3d-26.3671764!4d-48.829779!16s%2Fg%2F11mkl3g9ps!19sChIJq3Jmz_G33pQRNdHuaNvoKSg,Não,,,Pendente,,,,Não,Google Maps exibe Adicionar website; verificado em 13/08/2026.,eletrica
Simionato Elétrica,Elétrica,47984740915,Joinville,https://www.google.com/maps/place/Simionato+El%C3%A9trica/data=!4m7!3m6!1s0x94deb73578ce46c1:0xc3d5011c4066b6ae!8m2!3d-26.3653062!4d-48.8234015!16s%2Fg%2F11z94z5y6w!19sChIJwUbOeDW33pQRrrZmQBwB1cM,Não,,,Pendente,,,,Não,Google Maps exibe Adicionar website; verificado em 13/08/2026.,eletrica
Eletricista em Joinville / Evaristo Eletricista,Elétrica,47988305989,Joinville,https://www.google.com/maps/place/Eletricista+em+Joinville+%2F+Evaristo+Eletricista/data=!4m7!3m6!1s0x94deb79061ef93cb:0x7e7313ef0bba1294!8m2!3d-26.3696631!4d-48.8404444!16s%2Fg%2F11njz9kcn3!19sChIJy5PvYZC33pQRlBK6C-8Tc34,Não,,,Pendente,,,,Não,Google Maps exibe Adicionar website; verificado em 13/08/2026.,eletrica
Sodre instalações eletricas,Elétrica,47999161959,Joinville,https://www.google.com/maps/place/Sodre+instala%C3%A7%C3%B5es+eletricas/data=!4m7!3m6!1s0x94deb46802bfef67:0x7ada041344965f9!8m2!3d-26.3691265!4d-48.827802!16s%2Fg%2F1yfh_kkwb!19sChIJZ--_Ami03pQR-WVJNEGgrQc,Não,,,Pendente,,,,Não,Google Maps exibe Adicionar website; verificado em 13/08/2026.,eletrica
Eletromag Instalações Elétricas,Elétrica,47984570236,Joinville,https://www.google.com/maps/place/Eletromag+Instala%C3%A7%C3%B5es+El%C3%A9tricas/data=!4m7!3m6!1s0x2743c0fc423228e9:0x7a28e4df1673cc7c!8m2!3d-26.3345986!4d-48.8158171!16s%2Fg%2F11y434rbch!19sChIJ6SgyQvzAQycRfMxzFt_kKHo,Não,,,Pendente,,,,Não,Google Maps exibe Adicionar website; verificado em 13/08/2026.,eletrica
Eletricista Esequiel,Elétrica,47999781041,Joinville,https://www.google.com/maps/place/Eletricista+Esequiel/data=!4m7!3m6!1s0x94deb1686011f60f:0x892b7c7f865c96f0!8m2!3d-26.3247049!4d-48.8108336!16s%2Fg%2F1tgpp59h!19sChIJD_YRYGix3pQR8JZchn98K4k,Não,,,Pendente,,,,Não,Google Maps exibe Adicionar website; verificado em 13/08/2026.,eletrica
A&M Soluções Eletricas,Elétrica,47992264844,Joinville,https://www.google.com/maps/place/A%26M+Solu%C3%A7%C3%B5es+Eletricas/data=!4m7!3m6!1s0x25a3a266a255deb1:0x55095639270c5c27!8m2!3d-26.3518125!4d-48.8135489!16s%2Fg%2F11x8jj83s4!19sChIJsd5VomaioyURJ1wMJzlWCVU,Não,,,Pendente,,,,Não,Google Maps exibe Adicionar website; verificado em 13/08/2026.,eletrica
R&A Instalações e Manutenções Elétricas,Elétrica,47999602869,Joinville,https://www.google.com/maps/place/R%26A+Instala%C3%A7%C3%B5es+e+Manuten%C3%A7%C3%B5es+El%C3%A9tricas/data=!4m7!3m6!1s0x94deb1289d124063:0x466520e7d29e77c6!8m2!3d-26.3457256!4d-48.8366076!16s%2Fg%2F11c54362jt!19sChIJY0ASnSix3pQRxnee0ucgZUY,Não,,,Pendente,,,,Não,Google Maps exibe Adicionar website; verificado em 13/08/2026.,eletrica
Eletricista Joinville Gilberto,Elétrica,47984152242,Joinville,https://www.google.com/maps/place/Eletricista+Joinville+Gilberto/data=!4m7!3m6!1s0x94deb732476c211b:0x6e3306ebc77b8f05!8m2!3d-26.3780491!4d-48.8263469!16s%2Fg%2F11h804c0v3!19sChIJGyFsRzK33pQRBY97x-sGM24,Não,,,Pendente,,,,Não,Google Maps exibe Adicionar website; verificado em 13/08/2026.,eletrica
Casa Arrumada Instalações Elétricas,Elétrica,47991273840,Joinville,https://www.google.com/maps/place/Casa+Arrumada+Instala%C3%A7%C3%B5es+El%C3%A9tricas/data=!4m7!3m6!1s0x94deb7128cbe3161:0x49a24b2c81422e89!8m2!3d-26.3568875!4d-48.838305!16s%2Fg%2F11whhgmvr4!19sChIJYTG-jBK33pQRiS5CgSxLokk,Não,,,Pendente,,,,Não,Google Maps exibe Adicionar website; verificado em 13/08/2026.,eletrica
Saraiva Soluções Elétricas,Elétrica,47999172958,Joinville,https://www.google.com/maps/place/Saraiva+Solu%C3%A7%C3%B5es+El%C3%A9tricas/data=!4m7!3m6!1s0x94deaf4013fb5187:0x65fc9923faae9518!8m2!3d-26.3541438!4d-48.8347035!16s%2Fg%2F11h0zfvcqt!19sChIJh1H7E0Cv3pQRGJWu-iOZ_GU,Não,,,Pendente,,,,Não,Google Maps exibe Adicionar website; verificado em 13/08/2026.,eletrica
Santos Eletrecista Residencial,Elétrica,47997350142,Joinville,https://www.google.com/maps/place/Santos+Eletrecista+Residencial/data=!4m7!3m6!1s0x4ef7be057d0e8ef1:0x5ab48cdcf73ff40a!8m2!3d-26.3588567!4d-48.8204728!16s%2Fg%2F11m5ytlym8!19sChIJ8Y4OfQW-904RCvQ_99yMtFo,Não,,,Pendente,,,,Não,Google Maps exibe Adicionar website; verificado em 13/08/2026.,eletrica
Seidel Manutenções e Soluções Elétrica,Elétrica,47984646257,Joinville,https://www.google.com/maps/place/Seidel+Manuten%C3%A7%C3%B5es+e+Solu%C3%A7%C3%B5es+El%C3%A9trica/data=!4m7!3m6!1s0x94deb7b8120fa16f:0x9c5634283603e4f5!8m2!3d-26.3584212!4d-48.8302489!16s%2Fg%2F11y37qt99k!19sChIJb6EPEri33pQR9eQDNig0Vpw,Não,,,Pendente,,,,Não,Google Maps exibe Adicionar website; verificado em 13/08/2026.,eletrica
Kaiser Eletricista,Elétrica,47996607925,Joinville,https://www.google.com/maps/place/Kaiser+Eletricista/data=!4m7!3m6!1s0x94deb7d4045964e3:0x4309b1c518e1cf8e!8m2!3d-26.3652894!4d-48.8203113!16s%2Fg%2F11vpv2rvfl!19sChIJ42RZBNS33pQRjs_hGMWxCUM,Não,,,Pendente,,,,Não,Google Maps exibe Adicionar website; verificado em 13/08/2026.,eletrica
JKF Elétrica,Elétrica,47997157939,Joinville,https://www.google.com/maps/place/JKF+El%C3%A9trica/data=!4m7!3m6!1s0x94deb74945eb622b:0x92eaa2bcc98e9644!8m2!3d-26.3519954!4d-48.8184051!16s%2Fg%2F11fctpt8br!19sChIJK2LrRUm33pQRRJaOybyi6pI,Não,,,Pendente,,,,Não,Google Maps exibe Adicionar website; verificado em 13/08/2026.,eletrica
Allan Martins | Eletricista,Elétrica,47988295878,Joinville,https://www.google.com/maps/place/Allan+Martins+%7C+Eletricista/data=!4m7!3m6!1s0x94deb1604593c101:0x65a2f266b66d6635!8m2!3d-26.3555801!4d-48.7938847!16s%2Fg%2F11y94vcsp1!19sChIJAcGTRWCx3pQRNWZttmbyomU,Não,,,Pendente,,,,Não,Google Maps exibe Adicionar website; verificado em 13/08/2026.,eletrica
HR Alarmes Segurança Eletrônica Ltda,Elétrica,47999663998,Joinville,https://www.google.com/maps/place/HR+Alarmes+Seguran%C3%A7a+Eletr%C3%B4nica+Ltda/data=!4m7!3m6!1s0x94deb73ca4536bc3:0x98a378ff5606481a!8m2!3d-26.3644139!4d-48.8087522!16s%2Fg%2F11f8mlw75c!19sChIJw2tTpDy33pQRGkgGVv94o5g,Não,,,Pendente,,,,Não,Google Maps exibe Adicionar website; verificado em 13/08/2026.,eletrica
"GL Elétrica, Ge eletricista.",Elétrica,47997937780,Joinville,"https://www.google.com/maps/place/GL+El%C3%A9trica,+Ge+eletricista./data=!4m7!3m6!1s0x94debb25902b21ed:0xa19fa653f0a397bf!8m2!3d-26.3334387!4d-48.9061211!16s%2Fg%2F11mtd0j0gx!19sChIJ7SErkCW73pQRv5ej8FOmn6E",Não,,,Pendente,,,,Não,Google Maps exibe Adicionar website; verificado em 13/08/2026.,eletrica
Pazetto Engenharia Elétrica,Elétrica,47996435862,Joinville,https://www.google.com/maps/place/Pazetto+Engenharia+El%C3%A9trica/data=!4m7!3m6!1s0x94deb1327371dbe1:0x8cf2e99f388ec629!8m2!3d-26.349309!4d-48.8293422!16s%2Fg%2F11d_d3kfy4!19sChIJ4dtxczKx3pQRKcaOOJ_p8ow,Não,,,Pendente,,,,Não,Google Maps exibe Adicionar website; verificado em 13/08/2026.,eletrica
EletroGEN,Elétrica,47999362485,Joinville,https://www.google.com/maps/place/EletroGEN/data=!4m7!3m6!1s0x94deb10b958a16f5:0xac92ff45305d92fb!8m2!3d-26.3585325!4d-48.8509808!16s%2Fg%2F11h7kbzt4g!19sChIJ9RaKlQux3pQR-5JdMEX_kqw,Não,,,Pendente,,,,Não,Google Maps exibe Adicionar website; verificado em 13/08/2026.,eletrica
ResiPower - Eletricista Residencial,Elétrica,47997144636,Joinville,https://www.google.com/maps/place/ResiPower+-+Eletricista+Residencial/data=!4m7!3m6!1s0x473df6b47a80623d:0x90343ec5df10edba!8m2!3d-26.322812!4d-48.7927399!16s%2Fg%2F11vym0vvxy!19sChIJPWKAerT2PUcRuu0Q38U-NJA,Não,,,Pendente,,,,Não,Google Maps exibe Adicionar website; verificado em 13/08/2026.,eletrica
RCS serviços elétricos,Elétrica,47991339250,Joinville,https://www.google.com/maps/place/RCS+servi%C3%A7os+el%C3%A9tricos/data=!4m7!3m6!1s0x81940310edd9d939:0x838c8deb3ea320db!8m2!3d-26.3464074!4d-48.8495888!16s%2Fg%2F11s42vrhx0!19sChIJOdnZ7RADlIER2yCjPuuNjIM,Não,,,Pendente,,,,Não,Google Maps exibe Adicionar website; verificado em 13/08/2026.,eletrica
Gomes Elétrica/ Especialista em manutenção elétrica,Elétrica,47988108112,Joinville,https://www.google.com/maps/place/Gomes+El%C3%A9trica%2F+Especialista+em+manuten%C3%A7%C3%A3o+el%C3%A9trica/data=!4m7!3m6!1s0x8db09a6a8dc39b75:0xedff28d39f1ee7f0!8m2!3d-26.320652!4d-48.8087881!16s%2Fg%2F11xgk8yxrn!19sChIJdZvDjWqasI0R8Ocen9Mo_-0,Não,,,Pendente,,,,Não,Google Maps exibe Adicionar website; verificado em 13/08/2026.,eletrica
Auto Elétrica Espíndula,Elétrica,4734360289,Joinville,https://www.google.com/maps/place/Auto+El%C3%A9trica+Esp%C3%ADndula/data=!4m7!3m6!1s0x94deb6d59cc6db73:0x20653f7fb0b49b20!8m2!3d-26.3589205!4d-48.8390398!16s%2Fg%2F11bv6pvl44!19sChIJc9vGnNW23pQRIJu0sH8_ZSA,Não,,,Pendente,,,,Não,Google Maps exibe Adicionar website; verificado em 13/08/2026.,eletrica
NG ELÉTRICA MÓVEL 24 HORAS,Elétrica,47997844288,Joinville,https://www.google.com/maps/place/NG+EL%C3%89TRICA+M%C3%93VEL+24+HORAS/data=!4m7!3m6!1s0x88bad0118257058f:0x6321bf82562eb9d3!8m2!3d-26.2946771!4d-48.8849183!16s%2Fg%2F11ytfkp5g_!19sChIJjwVXghHQuogR07kuVoK_IWM,Não,,,Pendente,,,,Não,Google Maps exibe Adicionar website; verificado em 13/08/2026.,eletrica
MN soluções elétricas - eletricista - Joinville - instalações - industrial - projeto elétrico - infraestrutura.,Elétrica,47997328604,Joinville,https://www.google.com/maps/place/MN+solu%C3%A7%C3%B5es+el%C3%A9tricas+-+eletricista+-+Joinville+-+instala%C3%A7%C3%B5es+-+industrial+-+projeto+el%C3%A9trico+-+infraestrutura./data=!4m7!3m6!1s0x94dea5d6c006ff3f:0x34ba69383500d167!8m2!3d-26.2783352!4d-48.8959242!16s%2Fg%2F11kqkxr4xh!19sChIJP_8GwNal3pQRZ9EANThpujQ,Não,,,Pendente,,,,Não,Google Maps exibe Adicionar website; verificado em 13/08/2026.,eletrica
PROMAQ,Elétrica,47996756044,Joinville,https://www.google.com/maps/place/PROMAQ/data=!4m7!3m6!1s0x94deb7cf8a86eb19:0xbd2c3f33febbaddd!8m2!3d-26.361412!4d-48.8293402!16s%2Fg%2F11jcp103vd!19sChIJGeuGis-33pQR3a27_jM_LL0,Não,,,Pendente,,,,Não,Google Maps exibe Adicionar website; verificado em 13/08/2026.,eletrica
AGN serviços elétricos,Elétrica,47991880868,Joinville,https://www.google.com/maps/place/AGN+servi%C3%A7os+el%C3%A9tricos/data=!4m7!3m6!1s0x94deaf25213a03ad:0x56eb1f14dc81bc73!8m2!3d-26.3146124!4d-48.8474685!16s%2Fg%2F11qmmlq6z0!19sChIJrQM6ISWv3pQRc7yB3BQf61Y,Não,,,Pendente,,,,Não,Google Maps exibe Adicionar website; verificado em 13/08/2026.,eletrica
Rebobinamento de Motores,Elétrica,4734546827,Joinville,https://www.google.com/maps/place/Rebobinamento+de+Motores/data=!4m7!3m6!1s0x94deb6d6345c1a05:0x99d00f65852dd323!8m2!3d-26.3632811!4d-48.838685!16s%2Fg%2F11bvctvm73!19sChIJBRpcNNa23pQRI9MthWUP0Jk,Não,,,Pendente,,,,Não,Google Maps exibe Adicionar website; verificado em 13/08/2026.,eletrica
FEY Instalação elétrica e hidráulicas,Elétrica,47996752071,Joinville,https://www.google.com/maps/place/FEY+Instala%C3%A7%C3%A3o+el%C3%A9trica+e+hidr%C3%A1ulicas/data=!4m7!3m6!1s0xac2aff130e9f14cf:0x2affb66bacadb316!8m2!3d-26.314291!4d-48.850957!16s%2Fg%2F11ts9d_9sd!19sChIJzxSfDhP_KqwRFrOtrGu2_yo,Não,,,Pendente,,,,Não,Google Maps exibe Adicionar website; verificado em 13/08/2026.,eletrica
MF Instalações,Elétrica,47999723400,Joinville,https://www.google.com/maps/place/MF+Instala%C3%A7%C3%B5es/data=!4m7!3m6!1s0x94deb1bb9ccf8e9b:0xbd810179a6515856!8m2!3d-26.3442731!4d-48.8196327!16s%2Fg%2F11q7d_t56r!19sChIJm47PnLux3pQRVlhRpnkBgb0,Não,,,Pendente,,,,Não,Google Maps exibe Adicionar website; verificado em 13/08/2026.,eletrica
Instaladora Elétrica Lehn,Elétrica,4734262223,Joinville,https://www.google.com/maps/place/Instaladora+El%C3%A9trica+Lehn/data=!4m7!3m6!1s0x94deb0dcf3f67f41:0xc097452eff96fa0c!8m2!3d-26.3431173!4d-48.8477442!16s%2Fg%2F1tj5rwwy!19sChIJQX_289yw3pQRDPqW_y5Fl8A,Não,,,Pendente,,,,Não,Google Maps exibe Adicionar website; verificado em 13/08/2026.,eletrica
Jfv Instalações Eletricas,Elétrica,4734637689,Joinville,https://www.google.com/maps/place/Jfv+Instala%C3%A7%C3%B5es+Eletricas/data=!4m7!3m6!1s0x94deb6ba780b0805:0x25752618412b8c19!8m2!3d-26.3579252!4d-48.8127651!16s%2Fg%2F1ptx22f6k!19sChIJBQgLeLq23pQRGYwrQRgmdSU,Não,,,Pendente,,,,Não,Google Maps exibe Adicionar website; verificado em 13/08/2026.,eletrica
Blazius Instalações Elétricas,Elétrica,4734661951,Joinville,https://www.google.com/maps/place/Blazius+Instala%C3%A7%C3%B5es+El%C3%A9tricas/data=!4m7!3m6!1s0x94deb138bd555555:0x728e39092c4e7f3a!8m2!3d-26.3358264!4d-48.819821!16s%2Fg%2F1hc1spj2g!19sChIJVVVVvTix3pQROn9OLAk5jnI,Não,,,Pendente,,,,Não,Google Maps exibe Adicionar website; verificado em 13/08/2026.,eletrica
Eletricista Residencial Joinville,Elétrica,47996282708,Joinville,https://www.google.com/maps/place/Eletricista+Residencial+Joinville/data=!4m7!3m6!1s0x94deb1c752b3dbff:0x3b9515f4bb76e45c!8m2!3d-26.3046273!4d-48.846326!16s%2Fg%2F11s3wy5tdl!19sChIJ_9uzUsex3pQRXOR2u_QVlTs,Não,,,Pendente,,,,Não,Google Maps exibe Adicionar website; verificado em 13/08/2026.,eletrica
Aqui Resolve,Elétrica,47991092882,Joinville,https://www.google.com/maps/place/Aqui+Resolve/data=!4m7!3m6!1s0x94deb1a6bbb4c233:0x5b8fd98814e50a1a!8m2!3d-26.3055505!4d-48.8433052!16s%2Fg%2F11z1tbfcfd!19sChIJM8K0u6ax3pQRGgrlFIjZj1s,Não,,,Pendente,,,,Não,Google Maps exibe Adicionar website; verificado em 13/08/2026.,eletrica
Eletricista,Elétrica,47991643604,Joinville,https://www.google.com/maps/place/Eletricista/data=!4m7!3m6!1s0x94deb3befa40521f:0xd6e37aaef3c8cdc4!8m2!3d-26.3092041!4d-48.8446853!16s%2Fg%2F11h3pf0wn0!19sChIJH1JA-r6z3pQRxM3I865649Y,Não,,,Pendente,,,,Não,Google Maps exibe Adicionar website; verificado em 13/08/2026.,eletrica
TRUMPELETRICISTA 24h JOINVILLE,Elétrica,47997286303,Joinville,https://www.google.com/maps/place/TRUMPELETRICISTA+24h+JOINVILLE/data=!4m7!3m6!1s0x94deaf9701e99971:0xcdb56d9e1a83acf2!8m2!3d-26.268941!4d-48.8394582!16s%2Fg%2F11h0bcn5wz!19sChIJcZnpAZev3pQR8qyDGp5ttc0,Não,,,Pendente,,,,Não,Google Maps exibe Adicionar website; verificado em 13/08/2026.,eletrica
Intalsul Manutenção de Eq Eletrônicos,Elétrica,4730431633,Joinville,https://www.google.com/maps/place/Intalsul+Manuten%C3%A7%C3%A3o+de+Eq+Eletr%C3%B4nicos/data=!4m7!3m6!1s0x94deb116531fb557:0x16e2d0bbd004ef73!8m2!3d-26.3306939!4d-48.8270331!16s%2Fg%2F1ptv_pnwx!19sChIJV7UfUxax3pQRc-8E0LvQ4hY,Não,,,Pendente,,,,Não,Google Maps exibe Adicionar website; verificado em 13/08/2026.,eletrica
Auto Elétrica Ney,Elétrica,4734366427,Joinville,https://www.google.com/maps/place/Auto+El%C3%A9trica+Ney/data=!4m7!3m6!1s0x94deb1149d387d3d:0xe4d27f59429e78f1!8m2!3d-26.3259534!4d-48.8214769!16s%2Fg%2F11b86m53vn!19sChIJPX04nRSx3pQR8XieQll_0uQ,Não,,,Pendente,,,,Não,Google Maps exibe Adicionar website; verificado em 13/08/2026.,eletrica
Eletricista Joinville,Elétrica,47999556917,Joinville,https://www.google.com/maps/place/Eletricista+Joinville/data=!4m7!3m6!1s0x94deb19c37ea3f6d:0xe1029b0daa0e93a1!8m2!3d-26.2841715!4d-48.8382896!16s%2Fg%2F11h008xltr!19sChIJbT_qN5yx3pQRoZMOqg2bAuE,Não,,,Pendente,,,,Não,Google Maps exibe Adicionar website; verificado em 13/08/2026.,eletrica
Auto Elétrica Vitório,Elétrica,4734227834,Joinville,https://www.google.com/maps/place/Auto+El%C3%A9trica+Vit%C3%B3rio/data=!4m7!3m6!1s0x94deb030e80df1d9:0x9cc30a5331a72ad8!8m2!3d-26.2944997!4d-48.8484232!16s%2Fg%2F1tgb8hmy!19sChIJ2fEN6DCw3pQR2CqnMVMKw5w,Não,,,Pendente,,,,Não,Google Maps exibe Adicionar website; verificado em 13/08/2026.,eletrica
Eletrônica XV de Novembro,Elétrica,4730251121,Joinville,https://www.google.com/maps/place/Eletr%C3%B4nica+XV+de+Novembro/data=!4m7!3m6!1s0x94deb037ebca00eb:0xc7d463bee4cfeac4!8m2!3d-26.3006135!4d-48.8486053!16s%2Fg%2F11bv30gcz5!19sChIJ6wDK6zew3pQRxOrP5L5j1Mc,Não,,,Pendente,,,,Não,Google Maps exibe Adicionar website; verificado em 13/08/2026.,eletrica
CENTRO Soluções,Elétrica,4740099414,Joinville,https://www.google.com/maps/place/CENTRO+Solu%C3%A7%C3%B5es/data=!4m7!3m6!1s0x94deb04df9ed472f:0xae37322297fe00d7!8m2!3d-26.3092615!4d-48.8442095!16s%2Fg%2F11gzr7yld!19sChIJL0ft-U2w3pQR1wD-lyIyN64,Não,,,Pendente,,,,Não,Google Maps exibe Adicionar website; verificado em 13/08/2026.,eletrica
Auto Elétrica Elemento,Elétrica,4734297138,Joinville,https://www.google.com/maps/place/Auto+El%C3%A9trica+Elemento/data=!4m7!3m6!1s0x94deb12f63b10ffb:0x48fd3353f937cc9d!8m2!3d-26.3446598!4d-48.8330327!16s%2Fg%2F11b87w96nr!19sChIJ-w-xYy-x3pQRncw3-VMz_Ug,Não,,,Pendente,,,,Não,Google Maps exibe Adicionar website; verificado em 13/08/2026.,eletrica
Eletricista Automotivo Weiber - Atendimento em domicílio,Elétrica,47997189404,Joinville,https://www.google.com/maps/place/Eletricista+Automotivo+Weiber+-+Atendimento+em+domic%C3%ADlio/data=!4m7!3m6!1s0x94debb842bd507a5:0x85001e1c23b4bc02!8m2!3d-26.3266536!4d-48.9074432!16s%2Fg%2F11h_wrg2cs!19sChIJpQfVK4S73pQRAry0IxweAIU,Não,,,Pendente,,,,Não,Google Maps exibe Adicionar website; verificado em 13/08/2026.,eletrica
Empic,Elétrica,4734322013,Joinville,https://www.google.com/maps/place/Empic/data=!4m7!3m6!1s0x94deb1bb62050475:0x2af2ade5f5ef0148!8m2!3d-26.3011443!4d-48.8246824!16s%2Fg%2F11ddxsv7pp!19sChIJdQQFYrux3pQRSAHv9eWt8io,Não,,,Pendente,,,,Não,Google Maps exibe Adicionar website; verificado em 13/08/2026.,eletrica
Andytechsolucoes,Elétrica,47933001586,Joinville,https://www.google.com/maps/place/Andytechsolucoes/data=!4m7!3m6!1s0x94deaf5202b10007:0xf20bd308e3bdfbee!8m2!3d-26.2808467!4d-48.8637649!16s%2Fg%2F11xsrj2567!19sChIJBwCxAlKv3pQR7vu94wjTC_I,Não,,,Pendente,,,,Não,Google Maps exibe Adicionar website; verificado em 13/08/2026.,eletrica
Auto Elétrica Joinville,Elétrica,47999630380,Joinville,https://www.google.com/maps/place/Auto+El%C3%A9trica+Joinville/data=!4m7!3m6!1s0x94deb1e2342db88b:0xfec73fb3753bc432!8m2!3d-26.2718613!4d-48.8133141!16s%2Fg%2F11c3l9bkmw!19sChIJi7gtNOKx3pQRMsQ7dbM_x_4,Não,,,Pendente,,,,Não,Google Maps exibe Adicionar website; verificado em 13/08/2026.,eletrica
Anderson Elétrica,Elétrica,47984463258,Joinville,https://www.google.com/maps/place/Anderson+El%C3%A9trica/data=!4m7!3m6!1s0x94deb14c831c4d53:0x668ae539501dfefc!8m2!3d-26.3161409!4d-48.8192887!16s%2Fg%2F11hyn48ndz!19sChIJU00cg0yx3pQR_P4dUDnlimY,Não,,,Pendente,,,,Não,Google Maps exibe Adicionar website; verificado em 13/08/2026.,eletrica
Jeferson Alves Eletricista,Elétrica,47997685777,Joinville,https://www.google.com/maps/place/Jeferson+Alves+Eletricista/data=!4m7!3m6!1s0x94deb51d21edc7ef:0xb11423e4bb100e7!8m2!3d-26.379097!4d-48.8205348!16s%2Fg%2F11vd74wg_r!19sChIJ78ftIR213pQR5wCxSz5CEQs,Não,,,Pendente,,,,Não,Google Maps exibe Adicionar website; verificado em 13/08/2026.,eletrica
Eletrecista Joinville 24horas South Instalações Elétricas,Elétrica,47996757288,Joinville,https://www.google.com/maps/place/Eletrecista+Joinville+24horas+South+Instala%C3%A7%C3%B5es+El%C3%A9tricas/data=!4m7!3m6!1s0x8caaae6708cb738f:0x6c2d5a539f2afd9d!8m2!3d-25.7019442!4d-48.8585088!16s%2Fg%2F11y4t979cz!19sChIJj3PLCGeuqowRnf0qn1NaLWw,Não,,,Pendente,,,,Não,Google Maps exibe Adicionar website; verificado em 13/08/2026.,eletrica
MCB Comércio e Instalação de Material Elétrico,Elétrica,4734652004,Joinville,https://www.google.com/maps/place/MCB+Com%C3%A9rcio+e+Instala%C3%A7%C3%A3o+de+Material+El%C3%A9trico/data=!4m7!3m6!1s0x94deb6af0a3457bf:0x66f629f64add090c!8m2!3d-26.3585216!4d-48.8071611!16s%2Fg%2F1td1fkrz!19sChIJv1c0Cq-23pQRDAndSvYp9mY,Não,,,Pendente,,,,Não,Google Maps exibe Adicionar website; verificado em 13/08/2026.,eletrica
André Paul Climatização,Elétrica,47999638714,Joinville,https://www.google.com/maps/place/Andr%C3%A9+Paul+Climatiza%C3%A7%C3%A3o/data=!4m7!3m6!1s0x94deb7678b50217f:0x9bb257137f0d1c93!8m2!3d-26.3865915!4d-48.8211763!16s%2Fg%2F11sjrr0d1r!19sChIJfyFQi2e33pQRkxwNfxNXsps,Não,,,Pendente,,,,Não,Google Maps exibe Adicionar website; verificado em 13/08/2026.,eletrica
LJS Instalações Elétricas e Automação,Elétrica,4738011562,Joinville,https://www.google.com/maps/place/LJS+Instala%C3%A7%C3%B5es+El%C3%A9tricas+e+Automa%C3%A7%C3%A3o/data=!4m7!3m6!1s0x94deb033ed582379:0xcf4a8618b038f403!8m2!3d-26.2945235!4d-48.8434785!16s%2Fg%2F1pv03jl2m!19sChIJeSNY7TOw3pQRA_Q4sBiGSs8,Não,,,Pendente,,,,Não,Google Maps exibe Adicionar website; verificado em 13/08/2026.,eletrica
NeoVolt Soluções Elétricas,Elétrica,47996383381,Joinville,https://www.google.com/maps/place/NeoVolt+Solu%C3%A7%C3%B5es+El%C3%A9tricas/data=!4m7!3m6!1s0x94deb1681d4a808d:0x4f0e9c479c06d137!8m2!3d-26.3242734!4d-48.8399678!16s%2Fg%2F11np_081wt!19sChIJjYBKHWix3pQRN9EGnEecDk8,Não,,,Pendente,,,,Não,Google Maps exibe Adicionar website; verificado em 13/08/2026.,eletrica
NLH Instalações Elétricas,Elétrica,4730331500,Joinville,https://www.google.com/maps/place/NLH+Instala%C3%A7%C3%B5es+El%C3%A9tricas/data=!4m7!3m6!1s0x94deb104aba27143:0x5f35bea22d50f7b8!8m2!3d-26.3136263!4d-48.8575386!16s%2Fg%2F11lfcsh59j!19sChIJQ3GiqwSx3pQRuPdQLaK-NV8,Não,,,Pendente,,,,Não,Google Maps exibe Adicionar website; verificado em 13/08/2026.,eletrica
Elétrica Marcelo,Elétrica,47999737146,Joinville,https://www.google.com/maps/place/El%C3%A9trica+Marcelo/data=!4m7!3m6!1s0x94deb0f2603b1f63:0xc3a53b4e240123c9!8m2!3d-26.3323623!4d-48.8573626!16s%2Fg%2F11b86q7mw8!19sChIJYx87YPKw3pQRySMBJE47pcM,Não,,,Pendente,,,,Não,Google Maps exibe Adicionar website; verificado em 13/08/2026.,eletrica
GH Soluções Elétricas e Climatização,Elétrica,47996745005,Joinville,https://www.google.com/maps/place/GH+Solu%C3%A7%C3%B5es+El%C3%A9tricas+e+Climatiza%C3%A7%C3%A3o/data=!4m7!3m6!1s0x8e84d76e6d36722b:0xaf83a680f19e86ba!8m2!3d-26.3334003!4d-48.8745347!16s%2Fg%2F11vm8b9l78!19sChIJK3I2bW7XhI4Ruoae8YCmg68,Não,,,Pendente,,,,Não,Google Maps exibe Adicionar website; verificado em 13/08/2026.,eletrica
Soluções Caseiras manutenção e climatização,Elétrica,47999671617,Joinville,https://www.google.com/maps/place/Solu%C3%A7%C3%B5es+Caseiras+manuten%C3%A7%C3%A3o+e+climatiza%C3%A7%C3%A3o/data=!4m7!3m6!1s0x94deafed9a1007d7:0xc7c6582d5fa7c0e6!8m2!3d-26.3295151!4d-48.8449999!16s%2Fg%2F11ssdgskfx!19sChIJ1wcQmu2v3pQR5sCnXy1Yxsc,Não,,,Pendente,,,,Não,Google Maps exibe Adicionar website; verificado em 13/08/2026.,eletrica
LK Prestadora de Serviços,Elétrica,47988461221,Joinville,https://www.google.com/maps/place/LK+Prestadora+de+Servi%C3%A7os/data=!4m7!3m6!1s0x94deb1dfbbec85bf:0xd15dbbe38fd2a9be!8m2!3d-26.300872!4d-48.8774409!16s%2Fg%2F11jn33tm2b!19sChIJv4Xsu9-x3pQRvqnSj-O7XdE,Não,,,Pendente,,,,Não,Google Maps exibe Adicionar website; verificado em 13/08/2026.,eletrica
S.O.S Eletricista,Elétrica,47988702024,Joinville,https://www.google.com/maps/place/S.O.S+Eletricista/data=!4m7!3m6!1s0x94debb4b7e27cdc5:0xa2c7488365f0cfc1!8m2!3d-26.3267188!4d-48.9100093!16s%2Fg%2F11y4703d1d!19sChIJxc0nfku73pQRwc_wZYNIx6I,Não,,,Pendente,,,,Não,Google Maps exibe Adicionar website; verificado em 13/08/2026.,eletrica
VTR - Soluções Elétricas,Elétrica,4730272523,Joinville,https://www.google.com/maps/place/VTR+-+Solu%C3%A7%C3%B5es+El%C3%A9tricas/data=!4m7!3m6!1s0x94deb05fcdbd07d1:0xe81cf76182d2950e!8m2!3d-26.3221595!4d-48.859123!16s%2Fg%2F11c0r319c5!19sChIJ0Qe9zV-w3pQRDpXSgmH3HOg,Não,,,Pendente,,,,Não,Google Maps exibe Adicionar website; verificado em 13/08/2026.,eletrica
Pró Light,Elétrica,4734260800,Joinville,https://www.google.com/maps/place/Pr%C3%B3+Light/data=!4m7!3m6!1s0x94deb061951687a5:0x45acdc7ba5ee14f4!8m2!3d-26.32439!4d-48.8630622!16s%2Fg%2F1td345y3!19sChIJpYcWlWGw3pQR9BTupXvcrEU,Não,,,Pendente,,,,Não,Google Maps exibe Adicionar website; verificado em 13/08/2026.,eletrica
Rayon Engenharia,Elétrica,4730266226,Joinville,https://www.google.com/maps/place/Rayon+Engenharia/data=!4m7!3m6!1s0x94deb067f7b03cad:0x628a33942433b0d8!8m2!3d-26.3154711!4d-48.8598602!16s%2Fg%2F1tm2bv20!19sChIJrTyw92ew3pQR2LAzJJQzimI,Não,,,Pendente,,,,Não,Google Maps exibe Adicionar website; verificado em 13/08/2026.,eletrica
Elétrica Menezes,Elétrica,4734336207,Joinville,https://www.google.com/maps/place/El%C3%A9trica+Menezes/data=!4m7!3m6!1s0x94deb03f155cb169:0x6c03c8caccd5da4b!8m2!3d-26.2966316!4d-48.8352869!16s%2Fg%2F1tx4qhqk!19sChIJabFcFT-w3pQRS9rVzMrIA2w,Não,,,Pendente,,,,Não,Google Maps exibe Adicionar website; verificado em 13/08/2026.,eletrica
Auto Elétrica Saguaçu,Elétrica,47984231952,Joinville,https://www.google.com/maps/place/Auto+El%C3%A9trica+Sagua%C3%A7u/data=!4m7!3m6!1s0x94deb18796196701:0xa5e3b713f85bee4c!8m2!3d-26.2800095!4d-48.8367899!16s%2Fg%2F11kn4mzts2!19sChIJAWcZloex3pQRTO5b-BO346U,Não,,,Pendente,,,,Não,Google Maps exibe Adicionar website; verificado em 13/08/2026.,eletrica
JM Elétrica,Elétrica,47996805848,Joinville,https://www.google.com/maps/place/JM+El%C3%A9trica/data=!4m7!3m6!1s0x94deb1452a7cded1:0x4698cdc5bb9ef218!8m2!3d-26.2794129!4d-48.8251788!16s%2Fg%2F11l6sgrj9k!19sChIJ0d58KkWx3pQRGPKeu8XNmEY,Não,,,Pendente,,,,Não,Google Maps exibe Adicionar website; verificado em 13/08/2026.,eletrica
Lucas Souza Projetos Elétricos,Elétrica,47997700550,Joinville,https://www.google.com/maps/place/Lucas+Souza+Projetos+El%C3%A9tricos/data=!4m7!3m6!1s0x94deb1a3bc2c7017:0x59524c6cdf310f62!8m2!3d-26.2829047!4d-48.8382731!16s%2Fg%2F11hf7z8wjm!19sChIJF3AsvKOx3pQRYg8x32xMUlk,Não,,,Pendente,,,,Não,Google Maps exibe Adicionar website; verificado em 13/08/2026.,eletrica
JF Instalação e Manutenção Elétrica,Elétrica,47992188103,Joinville,https://www.google.com/maps/place/JF+Instala%C3%A7%C3%A3o+e+Manuten%C3%A7%C3%A3o+El%C3%A9trica/data=!4m7!3m6!1s0x94deb36b4e311561:0x8f9c4fee79d62672!8m2!3d-26.2703393!4d-48.79974!16s%2Fg%2F11h_vxc4y1!19sChIJYRUxTmuz3pQRcibWee5PnI8,Não,,,Pendente,,,,Não,Google Maps exibe Adicionar website; verificado em 13/08/2026.,eletrica
JCG Auto Elétrica,Elétrica,47996560750,Joinville,https://www.google.com/maps/place/JCG+Auto+El%C3%A9trica/data=!4m7!3m6!1s0x461d7be39f5f47c3:0x889e05c6a6d75d4f!8m2!3d-26.2835432!4d-48.8429965!16s%2Fg%2F11n4tfd1y0!19sChIJw0dfn-N7HUYRT13XpsYFnog,Não,,,Pendente,,,,Não,Google Maps exibe Adicionar website; verificado em 13/08/2026.,eletrica
OrdepServices,Elétrica,47999562241,Joinville,https://www.google.com/maps/place/OrdepServices/data=!4m7!3m6!1s0x94deaf631b6febe3:0x2fa11cef74a13a41!8m2!3d-26.2737207!4d-48.8420393!16s%2Fg%2F11jslqstll!19sChIJ4-tvG2Ov3pQRQTqhdO8coS8,Não,,,Pendente,,,,Não,Google Maps exibe Adicionar website; verificado em 13/08/2026.,eletrica
Eletricista ( Base Eletricidade),Elétrica,47988339565,Joinville,https://www.google.com/maps/place/Eletricista+%28+Base+Eletricidade%29/data=!4m7!3m6!1s0x94debb7ebbe42233:0x6109ac929ea5be51!8m2!3d-26.3384837!4d-48.884163!16s%2Fg%2F11j202qqdd!19sChIJMyLku3673pQRUb6lnpKsCWE,Não,,,Pendente,,,,Não,Google Maps exibe Adicionar website; verificado em 13/08/2026.,eletrica
Medeiros Instalações Elétricas,Elétrica,47991887846,Joinville,https://www.google.com/maps/place/Medeiros+Instala%C3%A7%C3%B5es+El%C3%A9tricas/data=!4m7!3m6!1s0x94deaf5059097ea5:0x75ed19718be37aeb!8m2!3d-26.2588489!4d-48.8178537!16s%2Fg%2F11mrr822_9!19sChIJpX4JWVCv3pQR63rji3EZ7XU,Não,,,Pendente,,,,Não,Google Maps exibe Adicionar website; verificado em 13/08/2026.,eletrica
Eletritec,Elétrica,47996845103,Joinville,https://www.google.com/maps/place/Eletritec/data=!4m7!3m6!1s0x94dea5dafabd3505:0xc417b3e5d29cd9b1!8m2!3d-26.270413!4d-48.8642035!16s%2Fg%2F11hdnywhn2!19sChIJBTW9-tql3pQRsdmc0uWzF8Q,Não,,,Pendente,,,,Não,Google Maps exibe Adicionar website; verificado em 13/08/2026.,eletrica
Vancosta Instalações e Manutenções Elétricas.,Elétrica,47991484715,Joinville,https://www.google.com/maps/place/Vancosta+Instala%C3%A7%C3%B5es+e+Manuten%C3%A7%C3%B5es+El%C3%A9tricas./data=!4m7!3m6!1s0x94deb39ca3264647:0x9e156203d82b259d!8m2!3d-26.3267837!4d-48.8051992!16s%2Fg%2F11fj6w9l_r!19sChIJR0Ymo5yz3pQRnSUr2ANiFZ4,Não,,,Pendente,,,,Não,Google Maps exibe Adicionar website; verificado em 13/08/2026.,eletrica
Auto Elétrica JR,Elétrica,47974006231,Joinville,https://www.google.com/maps/place/Auto+El%C3%A9trica+JR/data=!4m7!3m6!1s0x6f85ed8c9786eb75:0x1346aab410a1e1f0!8m2!3d-26.2807599!4d-48.88043!16s%2Fg%2F11wbjbm0l4!19sChIJdeuGl4zthW8R8OGhELSqRhM,Não,,,Pendente,,,,Não,Google Maps exibe Adicionar website; verificado em 13/08/2026.,eletrica
Eletron,Elétrica,4730273106,Joinville,https://www.google.com/maps/place/Eletron/data=!4m7!3m6!1s0x94deaff4afa81b39:0x9aaf9f1a00186b5c!8m2!3d-26.2722144!4d-48.8754886!16s%2Fg%2F11bv6pcktd!19sChIJORuor_Sv3pQRXGsYABqfr5o,Não,,,Pendente,,,,Não,Google Maps exibe Adicionar website; verificado em 13/08/2026.,eletrica
Correa Soluções Elétricas e Climatização,Elétrica,47999941459,Joinville,https://www.google.com/maps/place/Correa+Solu%C3%A7%C3%B5es+El%C3%A9tricas+e+Climatiza%C3%A7%C3%A3o/data=!4m7!3m6!1s0x94dea59a7900e83d:0xaf5714b0fb584f38!8m2!3d-26.2683235!4d-48.8931616!16s%2Fg%2F11ppf4q1tb!19sChIJPegAeZql3pQROE9Y-7AUV68,Não,,,Pendente,,,,Não,Google Maps exibe Adicionar website; verificado em 13/08/2026.,eletrica
Auto Elétrica e Mecânica Reluz,Elétrica,4734255003,Joinville,https://www.google.com/maps/place/Auto+El%C3%A9trica+e+Mec%C3%A2nica+Reluz/data=!4m7!3m6!1s0x94deafe60f140db5:0xbc4070ec0ec77bdb!8m2!3d-26.2783256!4d-48.8645445!16s%2Fg%2F11hbkqcnk_!19sChIJtQ0UD-av3pQR23vHDuxwQLw,Não,,,Pendente,,,,Não,Google Maps exibe Adicionar website; verificado em 13/08/2026.,eletrica
Rengel Auto Elétrica,Elétrica,47992308158,Joinville,https://www.google.com/maps/place/Rengel+Auto+El%C3%A9trica/data=!4m7!3m6!1s0x94deaf4d58218a7b:0xb71a5b64eb5e7449!8m2!3d-26.2680712!4d-48.8798497!16s%2Fg%2F11yq_73q5z!19sChIJe4ohWE2v3pQRSXRe62RbGrc,Não,,,Pendente,,,,Não,Google Maps exibe Adicionar website; verificado em 13/08/2026.,eletrica
DC manutenção elétrica residencial e predial,Elétrica,47988602871,Joinville,https://www.google.com/maps/place/DC+manuten%C3%A7%C3%A3o+el%C3%A9trica+residencial+e+predial/data=!4m7!3m6!1s0x94deb7007c220ef9:0x65f69e6692bdebff!8m2!3d-26.3461859!4d-48.8052667!16s%2Fg%2F11zhdg7flx!19sChIJ-Q4ifAC33pQR_-u9kmae9mU,Não,,,Pendente,,,,Não,Google Maps exibe Adicionar website; verificado em 13/08/2026.,eletrica
Foisertec,Elétrica,47991712009,Joinville,https://www.google.com/maps/place/Foisertec/data=!4m7!3m6!1s0x94dea55dd339decd:0xf252ba367fdbcb10!8m2!3d-26.2775145!4d-48.8854468!16s%2Fg%2F11c5ykd5w7!19sChIJzd45012l3pQREMvbfza6UvI,Não,,,Pendente,,,,Não,Google Maps exibe Adicionar website; verificado em 13/08/2026.,eletrica
Rebobinadora Elétrica Butzke,Elétrica,4734254408,Joinville,https://www.google.com/maps/place/Rebobinadora+El%C3%A9trica+Butzke/data=!4m7!3m6!1s0x94deaff35397ce79:0x2f8a8eb77af49024!8m2!3d-26.2715633!4d-48.8744212!16s%2Fg%2F1tctgrsf!19sChIJec6XU_Ov3pQRJJD0ereOii8,Não,,,Pendente,,,,Não,Google Maps exibe Adicionar website; verificado em 13/08/2026.,eletrica
JQ_eletrica,Elétrica,47999428193,Joinville,https://www.google.com/maps/place/JQ_eletrica/data=!4m7!3m6!1s0x94dea572154e3f6f:0x2e7da8e68c8e9a1f!8m2!3d-26.2947872!4d-48.9008409!16s%2Fg%2F11n496h7ck!19sChIJbz9OFXKl3pQRH5qOjOaofS4,Não,,,Pendente,,,,Não,Google Maps exibe Adicionar website; verificado em 13/08/2026.,eletrica
Marlon Reeck Eletricista,Elétrica,47997616203,Joinville,https://www.google.com/maps/place/Marlon+Reeck+Eletricista/data=!4m7!3m6!1s0x94dea5cace6ab813:0x4b17fdae7e721c6f!8m2!3d-26.2795948!4d-48.8956159!16s%2Fg%2F11vzc3bg66!19sChIJE7hqzsql3pQRbxxyfq79F0s,Não,,,Pendente,,,,Não,Google Maps exibe Adicionar website; verificado em 13/08/2026.,eletrica
Rhoden instalações elétricas,Elétrica,47991855343,Joinville,https://www.google.com/maps/place/Rhoden+instala%C3%A7%C3%B5es+el%C3%A9tricas/data=!4m7!3m6!1s0x94dea5927b525f5f:0xb2aa39f0f728e2a!8m2!3d-26.2914655!4d-48.913181!16s%2Fg%2F11x1_pjqf9!19sChIJX19Se5Kl3pQRKo5yD5-jKgs,Não,,,Pendente,,,,Não,Google Maps exibe Adicionar website; verificado em 13/08/2026.,eletrica
TJ Instalações,Elétrica,47996065199,Joinville,https://www.google.com/maps/place/TJ+Instala%C3%A7%C3%B5es/data=!4m7!3m6!1s0x94dea59146a5b10d:0xa54688aaeb7722a4!8m2!3d-26.2932474!4d-48.9130404!16s%2Fg%2F11stb1q5ky!19sChIJDbGlRpGl3pQRpCJ366qIRqU,Não,,,Pendente,,,,Não,Google Maps exibe Adicionar website; verificado em 13/08/2026.,eletrica
Instalação elétrica residencial,Elétrica,47991325127,Joinville,https://www.google.com/maps/place/Instala%C3%A7%C3%A3o+el%C3%A9trica+residencial/data=!4m7!3m6!1s0x94deae6d37d1592f:0xe5c349a71b6327f7!8m2!3d-26.2871867!4d-48.9194744!16s%2Fg%2F11b6z00m_b!19sChIJL1nRN22u3pQR9ydjG6dJw-U,Não,,,Pendente,,,,Não,Google Maps exibe Adicionar website; verificado em 13/08/2026.,eletrica
Almeida Instalações Elétricas,Elétrica,47988031122,Joinville,https://www.google.com/maps/place/Almeida+Instala%C3%A7%C3%B5es+El%C3%A9tricas/data=!4m7!3m6!1s0x94dea51a9fb1fe49:0x4c6de76aabef3c17!8m2!3d-26.2899736!4d-48.9222849!16s%2Fg%2F11ft03k96q!19sChIJSf6xnxql3pQRFzzvq2rnbUw,Não,,,Pendente,,,,Não,Google Maps exibe Adicionar website; verificado em 13/08/2026.,eletrica
Líder Instalações Elétricas - obras em geral - eletricista,Elétrica,47999294574,Joinville,https://www.google.com/maps/place/L%C3%ADder+Instala%C3%A7%C3%B5es+El%C3%A9tricas+-+obras+em+geral+-+eletricista/data=!4m7!3m6!1s0x94dea54f52debc8d:0x4963a6778ba01f90!8m2!3d-26.2886738!4d-48.895038!16s%2Fg%2F11ggm3c4_3!19sChIJjbzeUk-l3pQRkB-gi3emY0k,Não,,,Pendente,,,,Não,Google Maps exibe Adicionar website; verificado em 13/08/2026.,eletrica
Potência instalações Elétricas,Elétrica,4734395621,Joinville,https://www.google.com/maps/place/Pot%C3%AAncia+instala%C3%A7%C3%B5es+El%C3%A9tricas/data=!4m7!3m6!1s0x94dea53f3ddb4c4f:0x5dbb3f5cbe7ca512!8m2!3d-26.2835162!4d-48.9017156!16s%2Fg%2F1tx_7hvk!19sChIJT0zbPT-l3pQREqV8vlw_u10,Não,,,Pendente,,,,Não,Google Maps exibe Adicionar website; verificado em 13/08/2026.,eletrica
Vieira Elétrica e instalações Fotovoltaicas,Elétrica,47996720295,Joinville,https://www.google.com/maps/place/Vieira+El%C3%A9trica+e+instala%C3%A7%C3%B5es+Fotovoltaicas/data=!4m7!3m6!1s0x94dea53eae4b12b5:0x8174f4dc1d005de6!8m2!3d-26.2831782!4d-48.9028943!16s%2Fg%2F11xkypkdzx!19sChIJtRJLrj6l3pQR5l0AHdz0dIE,Não,,,Pendente,,,,Não,Google Maps exibe Adicionar website; verificado em 13/08/2026.,eletrica
RM Instalações - Manutenções de ares-condicionados,Elétrica,47992540161,Joinville,https://www.google.com/maps/place/RM+Instala%C3%A7%C3%B5es+-+Manuten%C3%A7%C3%B5es+de+ares-condicionados/data=!4m7!3m6!1s0x94dea5b88ab436ff:0x9009ccaef972b18f!8m2!3d-26.2758535!4d-48.9030495!16s%2Fg%2F11h6r62cz_!19sChIJ_za0iril3pQRj7Fy-a7MCZA,Não,,,Pendente,,,,Não,Google Maps exibe Adicionar website; verificado em 13/08/2026.,eletrica
Instaladora Elite,Elétrica,4734395876,Joinville,https://www.google.com/maps/place/Instaladora+Elite/data=!4m7!3m6!1s0x94dea53b35e5d5c3:0xe3974cfdc0c3db58!8m2!3d-26.2894744!4d-48.9098142!16s%2Fg%2F1tghf91n!19sChIJw9XlNTul3pQRWNvDwP1Ml-M,Não,,,Pendente,,,,Não,Google Maps exibe Adicionar website; verificado em 13/08/2026.,eletrica
FW Auto Elétrica,Elétrica,47997731411,Joinville,https://www.google.com/maps/place/FW+Auto+El%C3%A9trica/data=!4m7!3m6!1s0x94dea541d3c5cfb7:0xcdb8f000bd3432b2!8m2!3d-26.2890194!4d-48.8951126!16s%2Fg%2F11y4bnyv5t!19sChIJt8_F00Gl3pQRsjI0vQDwuM0,Não,,,Pendente,,,,Não,Google Maps exibe Adicionar website; verificado em 13/08/2026.,eletrica
Negócios Online,Elétrica,47996658850,Joinville,https://www.google.com/maps/place/Neg%C3%B3cios+Online/data=!4m7!3m6!1s0x94dea5c0fd06a375:0x5d69571925807323!8m2!3d-26.2815261!4d-48.9026143!16s%2Fg%2F11jd__xfw9!19sChIJdaMG_cCl3pQRI3OAJRlXaV0,Não,,,Pendente,,,,Não,Google Maps exibe Adicionar website; verificado em 13/08/2026.,eletrica
Rural Service Joinville,Elétrica,47988806520,Joinville,https://www.google.com/maps/place/Rural+Service+Joinville/data=!4m7!3m6!1s0x94dea5599832b78d:0x94959960aaa9d1bb!8m2!3d-26.3015925!4d-48.9288367!16s%2Fg%2F11vz0yrchk!19sChIJjbcymFml3pQRu9GpqmCZlZQ,Não,,,Pendente,,,,Não,Google Maps exibe Adicionar website; verificado em 13/08/2026.,eletrica
Desenjói Serviços Elétricos LTDA,Elétrica,4734393933,Joinville,https://www.google.com/maps/place/Desenj%C3%B3i+Servi%C3%A7os+El%C3%A9tricos+LTDA/data=!4m7!3m6!1s0x94dea526b4abb7fd:0xf33b84074e9697cf!8m2!3d-26.2907965!4d-48.91616!16s%2Fg%2F11b5wpvv5t!19sChIJ_bertCal3pQRz5eWTgeEO_M,Não,,,Pendente,,,,Não,Google Maps exibe Adicionar website; verificado em 13/08/2026.,eletrica
Elétrica Santa Catarina,Elétrica,47999425597,Joinville,https://www.google.com/maps/place/El%C3%A9trica+Santa+Catarina/data=!4m7!3m6!1s0x94dea5a31a82cc3b:0x90148dd8961f3dba!8m2!3d-26.2941246!4d-48.8877472!16s%2Fg%2F11bv5snrsy!19sChIJO8yCGqOl3pQRuj0fltiNFJA,Não,,,Pendente,,,,Não,Google Maps exibe Adicionar website; verificado em 13/08/2026.,eletrica
Eletrosul,Elétrica,4734390141,Joinville,https://www.google.com/maps/place/Eletrosul/data=!4m7!3m6!1s0x94dea55319eb9fef:0xdeb2a90cb0b66786!8m2!3d-26.2926956!4d-48.8869504!16s%2Fg%2F1tj4cmt3!19sChIJ75_rGVOl3pQRhme2sAypst4,Não,,,Pendente,,,,Não,Google Maps exibe Adicionar website; verificado em 13/08/2026.,eletrica
KES - Kits Elétricos para Steel Frame,Elétrica,47992011050,Joinville,https://www.google.com/maps/place/KES+-+Kits+El%C3%A9tricos+para+Steel+Frame/data=!4m7!3m6!1s0x94dea596e6b8dbc1:0x8b20d067b20a65e8!8m2!3d-26.2929316!4d-48.9094611!16s%2Fg%2F11wg7rq1g4!19sChIJwdu45pal3pQR6GUKsmfQIIs,Não,,,Pendente,,,,Não,Google Maps exibe Adicionar website; verificado em 13/08/2026.,eletrica
RG instalações elétricas,Elétrica,47991359648,Joinville,https://www.google.com/maps/place/RG+instala%C3%A7%C3%B5es+el%C3%A9tricas/data=!4m7!3m6!1s0x94deb1de5797c869:0xf6dda59d1b09ba16!8m2!3d-26.3370088!4d-48.8653587!16s%2Fg%2F11rj54mwlw!19sChIJaciXV96x3pQRFroJG52l3fY,Não,,,Pendente,,,,Não,Google Maps exibe Adicionar website; verificado em 13/08/2026.,eletrica
JL eletrica,Elétrica,47988057393,Joinville,https://www.google.com/maps/place/JL+eletrica/data=!4m7!3m6!1s0x94deb17474afaf33:0xbb235250e2d5c98f!8m2!3d-26.3415436!4d-48.8554223!16s%2Fg%2F11yzdtymkf!19sChIJM6-vdHSx3pQRj8nV4lBSI7s,Não,,,Pendente,,,,Não,Google Maps exibe Adicionar website; verificado em 13/08/2026.,eletrica
Yaakov Automação.,Elétrica,47996777199,Joinville,https://www.google.com/maps/place/Yaakov+Automa%C3%A7%C3%A3o./data=!4m7!3m6!1s0x94deb0dae8132d77:0xcbcdd86c67433b28!8m2!3d-26.3480601!4d-48.8484797!16s%2Fg%2F11clywc6d1!19sChIJdy0T6Nqw3pQRKDtDZ2zYzcs,Não,,,Pendente,,,,Não,Google Maps exibe Adicionar website; verificado em 13/08/2026.,eletrica
Auto Elétrica Marcos,Elétrica,47988526938,Joinville,https://www.google.com/maps/place/Auto+El%C3%A9trica+Marcos/data=!4m7!3m6!1s0x94deb0e6580c8db1:0xe51d649213bd7474!8m2!3d-26.3353283!4d-48.8468798!16s%2Fg%2F11c3kvvc1k!19sChIJsY0MWOaw3pQRdHS9E5JkHeU,Não,,,Pendente,,,,Não,Google Maps exibe Adicionar website; verificado em 13/08/2026.,eletrica
Auto Elétrica Borba,Elétrica,4734360094,Joinville,https://www.google.com/maps/place/Auto+El%C3%A9trica+Borba/data=!4m7!3m6!1s0x94deb0e7201d0fb3:0x4a97a847d3f9c331!8m2!3d-26.3367456!4d-48.8458854!16s%2Fg%2F1tfr1l44!19sChIJsw8dIOew3pQRMcP500eol0o,Não,,,Pendente,,,,Não,Google Maps exibe Adicionar website; verificado em 13/08/2026.,eletrica
Clemak Auto Elétrica,Elétrica,4734662346,Joinville,https://www.google.com/maps/place/Clemak+Auto+El%C3%A9trica/data=!4m7!3m6!1s0x94deb0dd4d0ce1d9:0x44503581cd4d873c!8m2!3d-26.3412548!4d-48.849198!16s%2Fg%2F1trsz4s7!19sChIJ2eEMTd2w3pQRPIdNzYE1UEQ,Não,,,Pendente,,,,Não,Google Maps exibe Adicionar website; verificado em 13/08/2026.,eletrica
Prottegi Soluções Elétricas,Elétrica,4730437202,Joinville,https://www.google.com/maps/place/Prottegi+Solu%C3%A7%C3%B5es+El%C3%A9tricas/data=!4m7!3m6!1s0x94deb18ea9c5b8a5:0x74eb160f6344b544!8m2!3d-26.3262886!4d-48.853097!16s%2Fg%2F11gmw5cdcf!19sChIJpbjFqY6x3pQRRLVEYw8W63Q,Não,,,Pendente,,,,Não,Google Maps exibe Adicionar website; verificado em 13/08/2026.,eletrica
INSTALADORA ELECTRICA JOINVILLE LTDA,Elétrica,47999742185,Joinville,https://www.google.com/maps/place/INSTALADORA+ELECTRICA+JOINVILLE+LTDA/data=!4m7!3m6!1s0x94deb0e170b15555:0x5d45ecbe4b9773f4!8m2!3d-26.3338878!4d-48.8425886!16s%2Fg%2F11q45jycbb!19sChIJVVWxcOGw3pQR9HOXS77sRV0,Não,,,Pendente,,,,Não,Google Maps exibe Adicionar website; verificado em 13/08/2026.,eletrica
Casa inteligente Alexa Joinville,Elétrica,47988059650,Joinville,https://www.google.com/maps/place/Casa+inteligente+Alexa+Joinville/data=!4m7!3m6!1s0xa53f32518d1684b1:0x902fc20a43c87492!8m2!3d-26.3428555!4d-48.8485944!16s%2Fg%2F11wx0jn0p3!19sChIJsYQWjVEyP6URknTIQwrCL5A,Não,,,Pendente,,,,Não,Google Maps exibe Adicionar website; verificado em 13/08/2026.,eletrica
Qualivolt Soluções Elétricas,Elétrica,47984750742,Joinville,https://www.google.com/maps/place/Qualivolt+Solu%C3%A7%C3%B5es+El%C3%A9tricas/data=!4m7!3m6!1s0x2c050fef5f847427:0xe4f90dd88fce5990!8m2!3d-26.3599155!4d-48.8033085!16s%2Fg%2F11nbpqsgfr!19sChIJJ3SEX-8PBSwRkFnOj9gN-eQ,Não,,,Pendente,,,,Não,Google Maps exibe Adicionar website; verificado em 13/08/2026.,eletrica
Eletricista em Joinville | André Felipe,Elétrica,47999648784,Joinville,https://www.google.com/maps/place/Eletricista+em+Joinville+%7C+Andr%C3%A9+Felipe/data=!4m7!3m6!1s0x94deb52d9f206d67:0xce7b26b04c3151f0!8m2!3d-26.3390334!4d-48.8251203!16s%2Fg%2F11yhwqxzq9!19sChIJZ20gny213pQR8FExTLAme84,Não,,,Pendente,,,,Não,Google Maps exibe Adicionar website; verificado em 13/08/2026.,eletrica
H2H Manutenção Residencial e Predial,Elétrica,47991997049,Joinville,https://www.google.com/maps/place/H2H+Manuten%C3%A7%C3%A3o+Residencial+e+Predial/data=!4m7!3m6!1s0x6b94c49b5b177f69:0xd111b3d1bdb09490!8m2!3d-26.3406415!4d-48.8220455!16s%2Fg%2F11ytw50zkd!19sChIJaX8XW5vElGsRkJSwvdGzEdE,Não,,,Pendente,,,,Não,Google Maps exibe Adicionar website; verificado em 13/08/2026.,eletrica
VIDA ELETRO SERVIÇOS DE ELETROEROSÃO E USINAGEM LTDA -ME,Elétrica,4732783323,Joinville,https://www.google.com/maps/place/VIDA+ELETRO+SERVI%C3%87OS+DE+ELETROEROS%C3%83O+E+USINAGEM+LTDA+-ME/data=!4m7!3m6!1s0x94deb1210acb42df:0x94591af5ca11573f!8m2!3d-26.3434829!4d-48.8567341!16s%2Fg%2F11b88qnvpc!19sChIJ30LLCiGx3pQRP1cRyvUaWZQ,Não,,,Pendente,,,,Não,Google Maps exibe Adicionar website; verificado em 13/08/2026.,eletrica
Eletrônica Sato,Elétrica,4734360454,Joinville,https://www.google.com/maps/place/Eletr%C3%B4nica+Sato/data=!4m7!3m6!1s0x94deb0e5d20f89c7:0xfa850f3db223dc0b!8m2!3d-26.3343332!4d-48.8474157!16s%2Fg%2F1tcw4s95!19sChIJx4kP0uWw3pQRC9wjsj0Phfo,Não,,,Pendente,,,,Não,Google Maps exibe Adicionar website; verificado em 13/08/2026.,eletrica
Elétrica Luiz Alves,Elétrica,4734363993,Joinville,https://www.google.com/maps/place/El%C3%A9trica+Luiz+Alves/data=!4m7!3m6!1s0x94deb0e3ec771d49:0xa2ddcbbc26d165d2!8m2!3d-26.3328311!4d-48.8440083!16s%2Fg%2F1vs5xwhx!19sChIJSR137OOw3pQR0mXRJrzL3aI,Não,,,Pendente,,,,Não,Google Maps exibe Adicionar website; verificado em 13/08/2026.,eletrica
Marido de Aluguel,Elétrica,47984834512,Joinville,https://www.google.com/maps/place/Marido+de+Aluguel/data=!4m7!3m6!1s0x94deb106147736a5:0x984f0721ddc53a7b!8m2!3d-26.3418056!4d-48.8526022!16s%2Fg%2F11wwm7zxrq!19sChIJpTZ3FAax3pQRezrF3SEHT5g,Não,,,Pendente,,,,Não,Google Maps exibe Adicionar website; verificado em 13/08/2026.,eletrica
AUTO ELÉTRICA TECNO TRUCKS CAMINHÕES,Elétrica,47996825276,Joinville,https://www.google.com/maps/place/AUTO+EL%C3%89TRICA+TECNO+TRUCKS+CAMINH%C3%95ES/data=!4m7!3m6!1s0x94dec93a1a20d021:0x9a457744f3f049b0!8m2!3d-26.3372321!4d-48.8440521!16s%2Fg%2F11rxpyg9f3!19sChIJIdAgGjrJ3pQRsEnw80R3RZo,Não,,,Pendente,,,,Não,Google Maps exibe Adicionar website; verificado em 13/08/2026.,eletrica
ELECTRON SISTEMAS SOLUÇÕES INTELIGENTES,Elétrica,47996132878,Joinville,https://www.google.com/maps/place/ELECTRON+SISTEMAS+SOLU%C3%87%C3%95ES+INTELIGENTES/data=!4m7!3m6!1s0x94deb199218943c1:0xd672fdd615e90f8a!8m2!3d-26.3406489!4d-48.8427075!16s%2Fg%2F11xvcys9d5!19sChIJwUOJIZmx3pQRig_pFdb9ctY,Não,,,Pendente,,,,Não,Google Maps exibe Adicionar website; verificado em 13/08/2026.,eletrica
Diarista - Maria das Graças,Limpeza,47996753778,Joinville,https://www.google.com/maps/place/Diarista+-+Maria+das+Gra%C3%A7as/data=!4m7!3m6!1s0x94deafba93846faf:0x4afe73e8ce1bc2a7!8m2!3d-26.2814912!4d-48.8643864!16s%2Fg%2F11k58fq643!19sChIJr2-Ek7qv3pQRp8Ibzuhz_ko,Não,,,Pendente,,,,Não,Google Maps exibe Adicionar website; verificado em 13/08/2026.,limpeza
Clean Office- Limpeza Profissional,Limpeza,4730340007,Joinville,https://www.google.com/maps/place/Clean+Office-+Limpeza+Profissional/data=!4m7!3m6!1s0x94deb04958f6524b:0xbe9b3b68c75598a1!8m2!3d-26.304079!4d-48.844878!16s%2Fg%2F11c3k6hlwd!19sChIJS1L2WEmw3pQRoZhVx2g7m74,Não,,,Pendente,,,,Não,Google Maps exibe Adicionar website; verificado em 13/08/2026.,limpeza
Clean Joinville higienização e impermeabilização de estofados,Limpeza,47991942447,Joinville,https://www.google.com/maps/place/Clean+Joinville+higieniza%C3%A7%C3%A3o+e+impermeabiliza%C3%A7%C3%A3o+de+estofados/data=!4m7!3m6!1s0x94deb16a46e87fe1:0x1983d7a77a756657!8m2!3d-26.2589151!4d-48.8424741!16s%2Fg%2F11fcszwcz7!19sChIJ4X_oRmqx3pQRV2Z1eqfXgxk,Não,,,Pendente,,,,Não,Google Maps exibe Adicionar website; verificado em 13/08/2026.,limpeza
JJ limpeza residencial,Limpeza,47996443275,Joinville,https://www.google.com/maps/place/JJ+limpeza+residencial/data=!4m7!3m6!1s0x94deb1e1363b9191:0xfa8f45aabd498d3!8m2!3d-26.3411038!4d-48.8528889!16s%2Fg%2F11xfv4dx8t!19sChIJkZE7NuGx3pQR05jUq1r0qA8,Não,,,Pendente,,,,Não,Google Maps exibe Adicionar website; verificado em 13/08/2026.,limpeza
CARMAQ - LIMPA FÁCIL COMÉRCIO DE PRODUTOS PARA LIMPEZA LTDA,Limpeza,47999337000,Joinville,https://www.google.com/maps/place/CARMAQ+-+LIMPA+F%C3%81CIL+COM%C3%89RCIO+DE+PRODUTOS+PARA+LIMPEZA+LTDA/data=!4m7!3m6!1s0x94deaf763e689233:0x9afff15fb8838d7b!8m2!3d-26.3668393!4d-48.8275203!16s%2Fg%2F11s7bgb8nr!19sChIJM5JoPnav3pQRe42DuF_x_5o,Não,,,Pendente,,,,Não,Google Maps exibe Adicionar website; verificado em 13/08/2026.,limpeza
Casa Limpa Escolinha,Limpeza,47991380783,Joinville,https://www.google.com/maps/place/Casa+Limpa+Escolinha/data=!4m7!3m6!1s0x94deb70dd059c6ab:0x188e9f79de8d4c0d!8m2!3d-26.368995!4d-48.8269743!16s%2Fg%2F11h6dc6jz6!19sChIJq8ZZ0A233pQRDUyN3nmfjhg,Não,,,Pendente,,,,Não,Google Maps exibe Adicionar website; verificado em 13/08/2026.,limpeza
Diarista,Limpeza,47996868250,Joinville,https://www.google.com/maps/place/Diarista/data=!4m7!3m6!1s0x94deb58482f992b3:0x9a196783fdbb3c84!8m2!3d-26.3408877!4d-48.7771403!16s%2Fg%2F11wh_g4dkv!19sChIJs5L5goS13pQRhDy7_YNnGZo,Não,,,Pendente,,,,Não,Google Maps exibe Adicionar website; verificado em 13/08/2026.,limpeza
TUDO LIMPO LOCAÇÕES,Limpeza,47999689099,Joinville,https://www.google.com/maps/place/TUDO+LIMPO+LOCA%C3%87%C3%95ES/data=!4m7!3m6!1s0x94dea5f4392ae711:0x992749bd5632290e!8m2!3d-26.30028!4d-48.849292!16s%2Fg%2F11hysv_mv9!19sChIJEecqOfSl3pQRDikyVr1JJ5k,Não,,,Pendente,,,,Não,Google Maps exibe Adicionar website; verificado em 13/08/2026.,limpeza
Vertical Prime – Limpeza e Manutenção,Limpeza,47999111954,Joinville,https://www.google.com/maps/place/Vertical+Prime+%E2%80%93+Limpeza+e+Manuten%C3%A7%C3%A3o/data=!4m7!3m6!1s0xab5c3d911f9b87c9:0xf4d8563141ab7bf8!8m2!3d-26.3003678!4d-48.8532813!16s%2Fg%2F11nbh6z954!19sChIJyYebH5E9XKsR-HurQTFW2PQ,Não,,,Pendente,,,,Não,Google Maps exibe Adicionar website; verificado em 13/08/2026.,limpeza
Joinclean,Limpeza,47988849932,Joinville,https://www.google.com/maps/place/Joinclean/data=!4m7!3m6!1s0x94deb130864ddac3:0xc81c678236c0feeb!8m2!3d-26.3016784!4d-48.8461464!16s%2Fg%2F11y7jkrbrv!19sChIJw9pNhjCx3pQR6_7ANoJnHMg,Não,,,Pendente,,,,Não,Google Maps exibe Adicionar website; verificado em 13/08/2026.,limpeza
Comercial Multville,Limpeza,47999879293,Joinville,https://www.google.com/maps/place/Comercial+Multville/data=!4m7!3m6!1s0x94deb01bcfc18147:0xc0febe41ab4fc5c4!8m2!3d-26.2744933!4d-48.8702841!16s%2Fg%2F1pv5xs9fx!19sChIJR4HBzxuw3pQRxMVPq0G-_sA,Não,,,Pendente,,,,Não,Google Maps exibe Adicionar website; verificado em 13/08/2026.,limpeza
Wilstone Marmoraria,Limpeza,4730312429,Joinville,https://www.google.com/maps/place/Wilstone+Marmoraria/data=!4m7!3m6!1s0x94deb7d3a03ab613:0x6d1ea411bb631fcb!8m2!3d-26.3638903!4d-48.8239098!16s%2Fg%2F11f612sj5f!19sChIJE7Y6oNO33pQRyx9juxGkHm0,Não,,,Pendente,,,,Não,Google Maps exibe Adicionar website; verificado em 13/08/2026.,limpeza
Liderança Serviços Filial Joinville,Limpeza,4734334096,Joinville,https://www.google.com/maps/place/Lideran%C3%A7a+Servi%C3%A7os+Filial+Joinville/data=!4m7!3m6!1s0x94deb1156ef463ed:0xc17467cce513ebb1!8m2!3d-26.3017362!4d-48.8488255!16s%2Fg%2F11kzhc12z3!19sChIJ7WP0bhWx3pQRsesT5cxndME,Não,,,Pendente,,,,Não,Google Maps exibe Adicionar website; verificado em 13/08/2026.,limpeza
OLIMP Serviços de Limpeza LTDA - ME,Limpeza,4730430767,Joinville,https://www.google.com/maps/place/OLIMP+Servi%C3%A7os+de+Limpeza+LTDA+-+ME/data=!4m7!3m6!1s0x94deb02857355b49:0x4b526ff6f0b55df6!8m2!3d-26.2838727!4d-48.8473782!16s%2Fg%2F1td26ljp!19sChIJSVs1Vyiw3pQR9l218PZvUks,Não,,,Pendente,,,,Não,Google Maps exibe Adicionar website; verificado em 13/08/2026.,limpeza
Haiana Simmer - Limpeza de pele em Jlle,Limpeza,4738420081,Joinville,https://www.google.com/maps/place/Haiana+Simmer+-+Limpeza+de+pele+em+Jlle/data=!4m7!3m6!1s0x94deb111fba5910b:0xef13e1c788321120!8m2!3d-26.2995541!4d-48.8503128!16s%2Fg%2F11vk3p5k64!19sChIJC5Gl-xGx3pQRIBEyiMfhE-8,Não,,,Pendente,,,,Não,Google Maps exibe Adicionar website; verificado em 13/08/2026.,limpeza
O Tapetero,Limpeza,4732072492,Joinville,https://www.google.com/maps/place/O+Tapetero/data=!4m7!3m6!1s0x94deb1294adad4ff:0xb0060660db649a42!8m2!3d-26.307113!4d-48.8552799!16s%2Fg%2F11f5jq7wtr!19sChIJ_9TaSimx3pQRQppk22AGBrA,Não,,,Pendente,,,,Não,Google Maps exibe Adicionar website; verificado em 13/08/2026.,limpeza
Edifício Athenas,Limpeza,4734333613,Joinville,https://www.google.com/maps/place/Edif%C3%ADcio+Athenas/data=!4m7!3m6!1s0x94deb041af8a0a83:0x5249e47721c2a695!8m2!3d-26.3074043!4d-48.8568714!16s%2Fg%2F1tf82rnx!19sChIJgwqKr0Gw3pQRlabCIXfkSVI,Não,,,Pendente,,,,Não,Google Maps exibe Adicionar website; verificado em 13/08/2026.,limpeza
THE FIRST DREAM ESTÉTICA AUTOMOTIVA E LAVAÇÃO,Limpeza,4732785648,Joinville,https://www.google.com/maps/place/THE+FIRST+DREAM+EST%C3%89TICA+AUTOMOTIVA+E+LAVA%C3%87%C3%83O/data=!4m7!3m6!1s0x94deb13247be5aef:0x100b70906bb37aee!8m2!3d-26.3132757!4d-48.8529895!16s%2Fg%2F11sq635z38!19sChIJ71q-RzKx3pQR7nqza5BwCxA,Não,,,Pendente,,,,Não,Google Maps exibe Adicionar website; verificado em 13/08/2026.,limpeza
Esparcon Produtos Serviços de Limpeza Ltda ME,Limpeza,4734344341,Joinville,https://www.google.com/maps/place/Esparcon+Produtos+Servi%C3%A7os+de+Limpeza+Ltda+ME/data=!4m7!3m6!1s0x94deb0588fd850df:0xf1609fc1b21df61f!8m2!3d-26.3204138!4d-48.8521725!16s%2Fg%2F1tfmpjxk!19sChIJ31DYj1iw3pQRH_YdssGfYPE,Não,,,Pendente,,,,Não,Google Maps exibe Adicionar website; verificado em 13/08/2026.,limpeza
Consultora Ákora Joinville - Anna Karolina,Limpeza,47992227922,Joinville,https://www.google.com/maps/place/Consultora+%C3%81kora+Joinville+-+Anna+Karolina/data=!4m7!3m6!1s0x94deb18ab94b790d:0x77fc25bd36cd8e48!8m2!3d-26.31448!4d-48.8553774!16s%2Fg%2F11qqlh3r3y!19sChIJDXlLuYqx3pQRSI7NNr0l_Hc,Não,,,Pendente,,,,Não,Google Maps exibe Adicionar website; verificado em 13/08/2026.,limpeza
Grupo Velox,Limpeza,47996917817,Joinville,https://www.google.com/maps/place/Grupo+Velox/data=!4m7!3m6!1s0x94deb14b018af985:0xaa9f190d7d9a3a42!8m2!3d-26.3148612!4d-48.8492712!16s%2Fg%2F11f776731l!19sChIJhfmKAUux3pQRQjqafQ0Zn6o,Não,,,Pendente,,,,Não,Google Maps exibe Adicionar website; verificado em 13/08/2026.,limpeza
Emtuco Serviços e Participações,Limpeza,4734335099,Joinville,https://www.google.com/maps/place/Emtuco+Servi%C3%A7os+e+Participa%C3%A7%C3%B5es/data=!4m7!3m6!1s0x94deb05b3d24893f:0x49e9a4a840b6b767!8m2!3d-26.3135795!4d-48.8531553!16s%2Fg%2F1ptx542fj!19sChIJP4kkPVuw3pQRZ7e2QKik6Uk,Não,,,Pendente,,,,Não,Google Maps exibe Adicionar website; verificado em 13/08/2026.,limpeza
Loja de Produtos de Limpeza Estação da Limpeza,Limpeza,47988353096,Joinville,https://www.google.com/maps/place/Loja+de+Produtos+de+Limpeza+Esta%C3%A7%C3%A3o+da+Limpeza/data=!4m7!3m6!1s0x94deaf550e6b0ac3:0x2d9c1ac58e9ce16b!8m2!3d-26.2415545!4d-48.8101038!16s%2Fg%2F11ptnz18wt!19sChIJwwprDlWv3pQRa-GcjsUanC0,Não,,,Pendente,,,,Não,Google Maps exibe Adicionar website; verificado em 13/08/2026.,limpeza
Mult Limp Joinville,Limpeza,47999907698,Joinville,https://www.google.com/maps/place/Mult+Limp+Joinville/data=!4m7!3m6!1s0x94deaf88e3b09def:0xfd6f4f93fb74d0e6!8m2!3d-26.3196262!4d-48.8459303!16s%2Fg%2F11fl46fwwy!19sChIJ752w44iv3pQR5tB0-5NPb_0,Não,,,Pendente,,,,Não,Google Maps exibe Adicionar website; verificado em 13/08/2026.,limpeza
Condomínio Villaggio di Anita,Limpeza,4734369754,Joinville,https://www.google.com/maps/place/Condom%C3%ADnio+Villaggio+di+Anita/data=!4m7!3m6!1s0x94deb0f689db68e9:0x14baa7985bcbb84c!8m2!3d-26.3256305!4d-48.854522!16s%2Fg%2F1ptz98wqn!19sChIJ6Wjbifaw3pQRTLjLW5inuhQ,Não,,,Pendente,,,,Não,Google Maps exibe Adicionar website; verificado em 13/08/2026.,limpeza
Condomínio Residencial Portal da Independência,Limpeza,4734345679,Joinville,https://www.google.com/maps/place/Condom%C3%ADnio+Residencial+Portal+da+Independ%C3%AAncia/data=!4m7!3m6!1s0x94deb06082deb6a1:0xbbe1906889c21078!8m2!3d-26.3219589!4d-48.8601961!16s%2Fg%2F1tfkmb20!19sChIJobbegmCw3pQReBDCiWiQ4bs,Não,,,Pendente,,,,Não,Google Maps exibe Adicionar website; verificado em 13/08/2026.,limpeza
Collar Blue Soluções em Climatização,Limpeza,47984072235,Joinville,https://www.google.com/maps/place/Collar+Blue+Solu%C3%A7%C3%B5es+em+Climatiza%C3%A7%C3%A3o/data=!4m7!3m6!1s0x94deb1ccfd04e1d7:0xf98813267e24dda!8m2!3d-26.3108935!4d-48.8524418!16s%2Fg%2F11w4hmgkmj!19sChIJ1-EE_cyx3pQR2k3iZzKBmA8,Não,,,Pendente,,,,Não,Google Maps exibe Adicionar website; verificado em 13/08/2026.,limpeza
Arvoredo Distribuidora de Produtos para Limpeza,Limpeza,47999140000,Joinville,https://www.google.com/maps/place/Arvoredo+Distribuidora+de+Produtos+para+Limpeza/data=!4m7!3m6!1s0x94deaff3fb248547:0xcdc47c780c906901!8m2!3d-26.275536!4d-48.8746219!16s%2Fg%2F1tfd3k9d!19sChIJR4Uk-_Ov3pQRAWmQDHh8xM0,Não,,,Pendente,,,,Não,Google Maps exibe Adicionar website; verificado em 13/08/2026.,limpeza
Ecolimpos Produtos de Limpeza,Limpeza,47992865457,Joinville,https://www.google.com/maps/place/Ecolimpos+Produtos+de+Limpeza/data=!4m7!3m6!1s0x94deaf9f667df5b3:0x26a8c5dc515fbb57!8m2!3d-26.2731344!4d-48.8801668!16s%2Fg%2F11wptfy16x!19sChIJs_V9Zp-v3pQRV7tfUdzFqCY,Não,,,Pendente,,,,Não,Google Maps exibe Adicionar website; verificado em 13/08/2026.,limpeza
Breeze Soluções em Limpeza LTDA,Limpeza,47999583738,Joinville,https://www.google.com/maps/place/Breeze+Solu%C3%A7%C3%B5es+em+Limpeza+LTDA/data=!4m7!3m6!1s0x94deafc1d7ace479:0xc9a2c351439ad4c3!8m2!3d-26.2775156!4d-48.8534543!16s%2Fg%2F11zks40xbp!19sChIJeeSs18Gv3pQRw9SaQ1HDosk,Não,,,Pendente,,,,Não,Google Maps exibe Adicionar website; verificado em 13/08/2026.,limpeza
Empresa de pós obra Cyssa e Diaristas,Limpeza,47996999284,Joinville,https://www.google.com/maps/place/Empresa+de+p%C3%B3s+obra+Cyssa+e+Diaristas/data=!4m7!3m6!1s0x94deb121f871cad7:0xc220b1dde575e715!8m2!3d-26.2799736!4d-48.8076348!16s%2Fg%2F11zgljm98_!19sChIJ18px-CGx3pQRFed15d2xIMI,Não,,,Pendente,,,,Não,Google Maps exibe Adicionar website; verificado em 13/08/2026.,limpeza
ESQUADRÃO DA LIMPEZA - Serviços de Limpeza ltda,Limpeza,47989060428,Joinville,https://www.google.com/maps/place/ESQUADR%C3%83O+DA+LIMPEZA+-+Servi%C3%A7os+de+Limpeza+ltda/data=!4m7!3m6!1s0x94deafd7dac9bdc5:0x74293333f8e63a4a!8m2!3d-26.2762965!4d-48.8111026!16s%2Fg%2F11vz2dd4dq!19sChIJxb3J2tev3pQRSjrm-DMzKXQ,Não,,,Pendente,,,,Não,Google Maps exibe Adicionar website; verificado em 13/08/2026.,limpeza
Só Tapetes Lavanderia & Manutenção,Limpeza,47997741908,Joinville,https://www.google.com/maps/place/S%C3%B3+Tapetes+Lavanderia+%26+Manuten%C3%A7%C3%A3o/data=!4m7!3m6!1s0x94deafed7b0188b9:0x26cfe72b91fd597a!8m2!3d-26.2709922!4d-48.8690873!16s%2Fg%2F1tdwg20t!19sChIJuYgBe-2v3pQReln9kSvnzyY,Não,,,Pendente,,,,Não,Google Maps exibe Adicionar website; verificado em 13/08/2026.,limpeza
Kalserak prestadora de serviços e reparos,Limpeza,47996550599,Joinville,https://www.google.com/maps/place/Kalserak+prestadora+de+servi%C3%A7os+e+reparos/data=!4m7!3m6!1s0x94deaf2d6e47a43f:0x496cbd49bc4ab886!8m2!3d-26.2747775!4d-48.8715424!16s%2Fg%2F11fjbqxhzs!19sChIJP6RHbi2v3pQRhrhKvEm9bEk,Não,,,Pendente,,,,Não,Google Maps exibe Adicionar website; verificado em 13/08/2026.,limpeza
NB Serviços Gerais,Limpeza,47996842495,Joinville,https://www.google.com/maps/place/NB+Servi%C3%A7os+Gerais/data=!4m7!3m6!1s0x94dea5a4c5abeaa5:0x341ddfcf6e1a74d6!8m2!3d-26.2816898!4d-48.883395!16s%2Fg%2F11vptdggvt!19sChIJpeqrxaSl3pQR1nQabs_fHTQ,Não,,,Pendente,,,,Não,Google Maps exibe Adicionar website; verificado em 13/08/2026.,limpeza
Top Limpezas Joinville,Limpeza,47997022256,Joinville,https://www.google.com/maps/place/Top+Limpezas+Joinville/data=!4m7!3m6!1s0x94dea52e580c5a2d:0xb831371831b81336!8m2!3d-26.2662231!4d-48.9222413!16s%2Fg%2F11h2mq35mm!19sChIJLVoMWC6l3pQRNhO4MRg3Mbg,Não,,,Pendente,,,,Não,Google Maps exibe Adicionar website; verificado em 13/08/2026.,limpeza
Realiza Serviços de Limpeza e Conservação,Limpeza,4734332553,Joinville,https://www.google.com/maps/place/Realiza+Servi%C3%A7os+de+Limpeza+e+Conserva%C3%A7%C3%A3o/data=!4m7!3m6!1s0x94dea54f4d2b2bc9:0xe8151029deef9888!8m2!3d-26.2890625!4d-48.8950879!16s%2Fg%2F1hhhp_rgh!19sChIJySsrTU-l3pQRiJjv3ikQFeg,Não,,,Pendente,,,,Não,Google Maps exibe Adicionar website; verificado em 13/08/2026.,limpeza
Menestrina Higiene e Limpeza,Limpeza,47991144397,Joinville,https://www.google.com/maps/place/Menestrina+Higiene+e+Limpeza/data=!4m7!3m6!1s0x94dea50006227e63:0xb292cfcac22c62f5!8m2!3d-26.2878205!4d-48.9025422!16s%2Fg%2F11yjkpjft9!19sChIJY34iBgCl3pQR9WIswsrPkrI,Não,,,Pendente,,,,Não,Google Maps exibe Adicionar website; verificado em 13/08/2026.,limpeza
Franco Higienização,Limpeza,47997824942,Joinville,https://www.google.com/maps/place/Franco+Higieniza%C3%A7%C3%A3o/data=!4m7!3m6!1s0x94dea51c08e20c77:0x932e6470babdcd0c!8m2!3d-26.2904244!4d-48.9116056!16s%2Fg%2F11wfgtl1s3!19sChIJdwziCByl3pQRDM29unBkLpM,Não,,,Pendente,,,,Não,Google Maps exibe Adicionar website; verificado em 13/08/2026.,limpeza
Arboville,Limpeza,47992156469,Joinville,https://www.google.com/maps/place/Arboville/data=!4m7!3m6!1s0x94dea52288c7b02f:0x1344347fa57d7a1!8m2!3d-26.289414!4d-48.9208448!16s%2Fg%2F11h8cf_1g4!19sChIJL7DHiCKl3pQRoddX-kdDNAE,Não,,,Pendente,,,,Não,Google Maps exibe Adicionar website; verificado em 13/08/2026.,limpeza
Evandro Pedreiro em geral,Limpeza,47992309528,Joinville,https://www.google.com/maps/place/Evandro+Pedreiro+em+geral/data=!4m7!3m6!1s0x94dea5d8e9264f0f:0x5015e96340152603!8m2!3d-26.2845595!4d-48.9161181!16s%2Fg%2F11njqnvl7s!19sChIJD08m6dil3pQRAyYVQGPpFVA,Não,,,Pendente,,,,Não,Google Maps exibe Adicionar website; verificado em 13/08/2026.,limpeza
Bloom Estética Animal e Atendimento Veterinário,Limpeza,47991344827,Joinville,https://www.google.com/maps/place/Bloom+Est%C3%A9tica+Animal+e+Atendimento+Veterin%C3%A1rio/data=!4m7!3m6!1s0x94dea5b3cbe2d46f:0xc0add5d53bb73620!8m2!3d-26.2868754!4d-48.9167803!16s%2Fg%2F11y3rzthfs!19sChIJb9Tiy7Ol3pQRIDa3O9XVrcA,Não,,,Pendente,,,,Não,Google Maps exibe Adicionar website; verificado em 13/08/2026.,limpeza
Limpe Já,Limpeza,47984720945,Joinville,https://www.google.com/maps/place/Limpe+J%C3%A1/data=!4m7!3m6!1s0x94dea57a230396df:0xbdeacf7e4d568471!8m2!3d-26.2887083!4d-48.8951218!16s%2Fg%2F11fj2nrz7h!19sChIJ35YDI3ql3pQRcYRWTX7P6r0,Não,,,Pendente,,,,Não,Google Maps exibe Adicionar website; verificado em 13/08/2026.,limpeza
All Plus,Limpeza,47999367534,Joinville,https://www.google.com/maps/place/All+Plus/data=!4m7!3m6!1s0x94dea51988360bad:0x70596eda9a6af642!8m2!3d-26.2793445!4d-48.9112021!16s%2Fg%2F1v8j1lhc!19sChIJrQs2iBml3pQRQvZqmtpuWXA,Não,,,Pendente,,,,Não,Google Maps exibe Adicionar website; verificado em 13/08/2026.,limpeza
Premyer impermeabilização e lavagem de estofados,Limpeza,4734367735,Joinville,https://www.google.com/maps/place/Premyer+impermeabiliza%C3%A7%C3%A3o+e+lavagem+de+estofados/data=!4m7!3m6!1s0x94deb0e3975f7439:0x486b72fde9bc9682!8m2!3d-26.331512!4d-48.8451933!16s%2Fg%2F1tg9jq7d!19sChIJOXRfl-Ow3pQRgpa86f1ya0g,Não,,,Pendente,,,,Não,Google Maps exibe Adicionar website; verificado em 13/08/2026.,limpeza
EcoRota,Limpeza,47989258579,Joinville,https://www.google.com/maps/place/EcoRota/data=!4m7!3m6!1s0x94deb1425d6c5543:0xcb49bdd3c4e685b4!8m2!3d-26.3336935!4d-48.8306974!16s%2Fg%2F11zbpmz9rc!19sChIJQ1VsXUKx3pQRtIXmxNO9Scs,Não,,,Pendente,,,,Não,Google Maps exibe Adicionar website; verificado em 13/08/2026.,limpeza
Jc personal cleaner,Limpeza,47996307908,Joinville,https://www.google.com/maps/place/Jc+personal+cleaner/data=!4m7!3m6!1s0x94deb1c4f79ffcc9:0x5bb7824476c93cb5!8m2!3d-26.325583!4d-48.8310112!16s%2Fg%2F11vj2cd70t!19sChIJyfyf98Sx3pQRtTzJdkSCt1s,Não,,,Pendente,,,,Não,Google Maps exibe Adicionar website; verificado em 13/08/2026.,limpeza
Verde Vale,Limpeza,4732274864,Joinville,https://www.google.com/maps/place/Verde+Vale/data=!4m7!3m6!1s0x94deb106062765c5:0x5af9f9577ae600ef!8m2!3d-26.3213528!4d-48.8329343!16s%2Fg%2F11s16t0l6v!19sChIJxWUnBgax3pQR7wDmelf5-Vo,Não,,,Pendente,,,,Não,Google Maps exibe Adicionar website; verificado em 13/08/2026.,limpeza
Lavanderia Econômica,Limpeza,4734662826,Joinville,https://www.google.com/maps/place/Lavanderia+Econ%C3%B4mica/data=!4m7!3m6!1s0x94deb102f265adb5:0xe7dc24e16cca6902!8m2!3d-26.325207!4d-48.8382909!16s%2Fg%2F11g6hw6wlf!19sChIJta1l8gKx3pQRAmnKbOEk3Oc,Não,,,Pendente,,,,Não,Google Maps exibe Adicionar website; verificado em 13/08/2026.,limpeza
AUTORIZADA ELECTROLUX FG REFRIGERAÇÃO.,Limpeza,4732711174,Joinville,https://www.google.com/maps/place/AUTORIZADA+ELECTROLUX+FG+REFRIGERA%C3%87%C3%83O./data=!4m7!3m6!1s0x94deb1c9563adec5:0xac30c57dd80e1230!8m2!3d-26.3380854!4d-48.8261863!16s%2Fg%2F11sy01qmrv!19sChIJxd46Vsmx3pQRMBIO2H3FMKw,Não,,,Pendente,,,,Não,Google Maps exibe Adicionar website; verificado em 13/08/2026.,limpeza
Nano Estética Automotiva,Limpeza,47991151609,Joinville,https://www.google.com/maps/place/Nano+Est%C3%A9tica+Automotiva/data=!4m7!3m6!1s0x94deb15164013fd7:0x3d7b281c6a77bce4!8m2!3d-26.3360143!4d-48.8366947!16s%2Fg%2F11sm7qd3s1!19sChIJ1z8BZFGx3pQR5Lx3ahwoez0,Não,,,Pendente,,,,Não,Google Maps exibe Adicionar website; verificado em 13/08/2026.,limpeza
Lavação Boehmerwald,Limpeza,47996760008,Joinville,https://www.google.com/maps/place/Lava%C3%A7%C3%A3o+Boehmerwald/data=!4m7!3m6!1s0x94deb6d1363c9fed:0xec0560f5e6842a9a!8m2!3d-26.3607619!4d-48.8342979!16s%2Fg%2F11b8jcsrn7!19sChIJ7Z88NtG23pQRmiqE5vVgBew,Não,,,Pendente,,,,Não,Google Maps exibe Adicionar website; verificado em 13/08/2026.,limpeza
Oliveira higienização,Limpeza,47989264565,Joinville,https://www.google.com/maps/place/Oliveira+higieniza%C3%A7%C3%A3o/data=!4m7!3m6!1s0x94deb72994e59801:0xee1e75eb3226c2b3!8m2!3d-26.3551755!4d-48.8255251!16s%2Fg%2F11np_21lr_!19sChIJAZjllCm33pQRs8ImMut1Hu4,Não,,,Pendente,,,,Não,Google Maps exibe Adicionar website; verificado em 13/08/2026.,limpeza
Casa Clean,Limpeza,47984199042,Joinville,https://www.google.com/maps/place/Casa+Clean/data=!4m7!3m6!1s0x94deb6b5450b883f:0x4f9a23add2999bc4!8m2!3d-26.3499655!4d-48.8188578!16s%2Fg%2F11b8c4ybcc!19sChIJP4gLRbW23pQRxJuZ0q0jmk8,Não,,,Pendente,,,,Não,Google Maps exibe Adicionar website; verificado em 13/08/2026.,limpeza
MG Limpeza de piscinas e prestadora de serviços,Limpeza,47996826505,Joinville,https://www.google.com/maps/place/MG+Limpeza+de+piscinas+e+prestadora+de+servi%C3%A7os/data=!4m7!3m6!1s0x94deb70887bff571:0x5f18f62d72b2fabb!8m2!3d-26.3595712!4d-48.8391323!16s%2Fg%2F11t14yy5vk!19sChIJcfW_hwi33pQRu_qyci32GF8,Não,,,Pendente,,,,Não,Google Maps exibe Adicionar website; verificado em 13/08/2026.,limpeza
"NEW CLEAN MORAES HIGIENIZAÇÃO ESTÉTICA AUTOMOTIVA, LAVANDERIA E INSTALAÇÃO DE CORTINAS E PERSIANAS",Limpeza,47997037506,Joinville,"https://www.google.com/maps/place/NEW+CLEAN+MORAES+HIGIENIZA%C3%87%C3%83O+EST%C3%89TICA+AUTOMOTIVA,+LAVANDERIA+E+INSTALA%C3%87%C3%83O+DE+CORTINAS+E+PERSIANAS/data=!4m7!3m6!1s0x94deafa53be0874d:0x40646fc71df9ad57!8m2!3d-26.2546237!4d-48.8209796!16s%2Fg%2F11v438d0t1!19sChIJTYfgO6Wv3pQRV635HcdvZEA",Não,,,Pendente,,,,Não,Google Maps exibe Adicionar website; verificado em 13/08/2026.,limpeza
Restaurante Divino Sabor,Restaurante,47991765825,Joinville,https://www.google.com/maps/place/Restaurante+Divino+Sabor/data=!4m7!3m6!1s0x94deb7dcab69ec3d:0x979b279476388ae6!8m2!3d-26.3685671!4d-48.8340716!16s%2Fg%2F11gycsdnqw!19sChIJPexpq9y33pQR5oo4dpQnm5c,Não,,,Pendente,,,,Não,Google Maps exibe Adicionar website; verificado em 13/08/2026.,restaurante
Restaurante Ammi Shaddai,Restaurante,47996199440,Joinville,https://www.google.com/maps/place/Restaurante+Ammi+Shaddai/data=!4m7!3m6!1s0x94deb738bd5237df:0x3084ec521bacf701!8m2!3d-26.360857!4d-48.8280754!16s%2Fg%2F11jrv8f52r!19sChIJ3zdSvTi33pQRAfesG1LshDA,Não,,,Pendente,,,,Não,Google Maps exibe Adicionar website; verificado em 13/08/2026.,restaurante
Terrazza 1920,Restaurante,47999786525,Joinville,https://www.google.com/maps/place/Terrazza+1920/data=!4m7!3m6!1s0x94deb100110417a5:0xa3a374de19cbbee0!8m2!3d-26.3114213!4d-48.8438803!16s%2Fg%2F11z1jlkf8q!19sChIJpRcEEQCx3pQR4L7LGd50o6M,Não,,,Pendente,,,,Não,Google Maps exibe Adicionar website; verificado em 13/08/2026.,restaurante
Carijó Cozinha de Casa,Restaurante,4730347169,Joinville,https://www.google.com/maps/place/Carij%C3%B3+Cozinha+de+Casa/data=!4m7!3m6!1s0x94deb6d19ce67d27:0x379db7d0e08fe44f!8m2!3d-26.359409!4d-48.8320066!16s%2Fg%2F11bv3xrd39!19sChIJJ33mnNG23pQRT-SP4NC3nTc,Não,,,Pendente,,,,Não,Google Maps exibe Adicionar website; verificado em 13/08/2026.,restaurante
Melo's Restaurante,Restaurante,47988294966,Joinville,https://www.google.com/maps/place/Melo%27s+Restaurante/data=!4m7!3m6!1s0x94deb7fdcf72ccc5:0xcd364d30062a9959!8m2!3d-26.363294!4d-48.8292081!16s%2Fg%2F11vplbdb12!19sChIJxcxyz_233pQRWZkqBjBNNs0,Não,,,Pendente,,,,Não,Google Maps exibe Adicionar website; verificado em 13/08/2026.,restaurante
Restaurante Casa de Moura,Restaurante,47992319841,Joinville,https://www.google.com/maps/place/Restaurante+Casa+de+Moura/data=!4m7!3m6!1s0x94deb13160d517ad:0x43804eb81820c76a!8m2!3d-26.3113901!4d-48.8535385!16s%2Fg%2F11kvy8hy4d!19sChIJrRfVYDGx3pQRascgGLhOgEM,Não,,,Pendente,,,,Não,Google Maps exibe Adicionar website; verificado em 13/08/2026.,restaurante
Casa Olga Joinville,Restaurante,4734070264,Joinville,https://www.google.com/maps/place/Casa+Olga+Joinville/data=!4m7!3m6!1s0x94deb1b153c8cf45:0xafdc78301ed72271!8m2!3d-26.2873323!4d-48.8414897!16s%2Fg%2F11tdn1nmvq!19sChIJRc_IU7Gx3pQRcSLXHjB43K8,Não,,,Pendente,,,,Não,Google Maps exibe Adicionar website; verificado em 13/08/2026.,restaurante
Rosti Haus,Restaurante,4730257740,Joinville,https://www.google.com/maps/place/Rosti+Haus/data=!4m7!3m6!1s0x94deb045109fb283:0x8f1c51f011712a03!8m2!3d-26.3105009!4d-48.8513765!16s%2Fg%2F1td0hnlj!19sChIJg7KfEEWw3pQRAypxEfBRHI8,Não,,,Pendente,,,,Não,Google Maps exibe Adicionar website; verificado em 13/08/2026.,restaurante
"Marmitex, Comida Caseira e Tempero Nordestino",Restaurante,47999982425,Joinville,"https://www.google.com/maps/place/Marmitex,+Comida+Caseira+e+Tempero+Nordestino/data=!4m7!3m6!1s0x94deb6cfdfe74275:0xeb4a8df234f0be62!8m2!3d-26.3614809!4d-48.8297029!16s%2Fg%2F11tk1y0wv6!19sChIJdULn38-23pQRYr7wNPKNSus",Não,,,Pendente,,,,Não,Google Maps exibe Adicionar website; verificado em 13/08/2026.,restaurante
Marmitaria Mari Cozinha Caseira,Restaurante,47997622633,Joinville,https://www.google.com/maps/place/Marmitaria+Mari+Cozinha+Caseira/data=!4m7!3m6!1s0x94deb0686dc3c8c5:0x4dc12ab02ee7c831!8m2!3d-26.3187188!4d-48.8658213!16s%2Fg%2F11pdnncw5n!19sChIJxcjDbWiw3pQRMcjnLrAqwU0,Não,,,Pendente,,,,Não,Google Maps exibe Adicionar website; verificado em 13/08/2026.,restaurante
Gullas Restaurante,Restaurante,4734632774,Joinville,https://www.google.com/maps/place/Gullas+Restaurante/data=!4m7!3m6!1s0x94deb6cfd8a3d89f:0x50a048b5d5427ec2!8m2!3d-26.3611665!4d-48.8296836!16s%2Fg%2F11bv6q0z5q!19sChIJn9ij2M-23pQRwn5C1bVIoFA,Não,,,Pendente,,,,Não,Google Maps exibe Adicionar website; verificado em 13/08/2026.,restaurante
"Restaurante Comida Caseira da Tia I Joinville, Bom Retiro",Restaurante,47991041030,Joinville,"https://www.google.com/maps/place/Restaurante+Comida+Caseira+da+Tia+I+Joinville,+Bom+Retiro/data=!4m7!3m6!1s0x94deb1ef404909cd:0x47620fe25317c3b!8m2!3d-26.2537871!4d-48.8510489!16s%2Fg%2F1vzg3cxl!19sChIJzQlJQO-x3pQRO3wxJf4gdgQ",Não,,,Pendente,,,,Não,Google Maps exibe Adicionar website; verificado em 13/08/2026.,restaurante
Gostinho de Casa Restaurante e Marmitex,Restaurante,47997689195,Joinville,https://www.google.com/maps/place/Gostinho+de+Casa+Restaurante+e+Marmitex/data=!4m7!3m6!1s0x94deb10067bfc217:0x6ff22146306f08a6!8m2!3d-26.3191356!4d-48.8390397!16s%2Fg%2F11zd99s3q7!19sChIJF8K_ZwCx3pQRpghvMEYh8m8,Não,,,Pendente,,,,Não,Google Maps exibe Adicionar website; verificado em 13/08/2026.,restaurante
Marmitas Econômicas,Restaurante,47992799181,Joinville,https://www.google.com/maps/place/Marmitas+Econ%C3%B4micas/data=!4m7!3m6!1s0x94deb7e49a8807e3:0x7621a63bba6fa627!8m2!3d-26.3809547!4d-48.823586!16s%2Fg%2F11wvt6hsjz!19sChIJ4weImuS33pQRJ6ZvujumIXY,Não,,,Pendente,,,,Não,Google Maps exibe Adicionar website; verificado em 13/08/2026.,restaurante
Restaurante Encanto Paulista buffet livre,Restaurante,4734657038,Joinville,https://www.google.com/maps/place/Restaurante+Encanto+Paulista+buffet+livre/data=!4m7!3m6!1s0x94deb103baabd5e5:0xfb9d74beaa9444c2!8m2!3d-26.3363066!4d-48.8142693!16s%2Fg%2F11rs2vtlfh!19sChIJ5dWrugOx3pQRwkSUqr50nfs,Não,,,Pendente,,,,Não,Google Maps exibe Adicionar website; verificado em 13/08/2026.,restaurante
Samba Buffet e Sucos Naturais,Restaurante,4730294086,Joinville,https://www.google.com/maps/place/Samba+Buffet+e+Sucos+Naturais/data=!4m7!3m6!1s0x94deb0487d99f9fd:0x8709dd54cedf5adb!8m2!3d-26.303916!4d-48.849367!16s%2Fg%2F11bv38kf17!19sChIJ_fmZfUiw3pQR21rfzlTdCYc,Não,,,Pendente,,,,Não,Google Maps exibe Adicionar website; verificado em 13/08/2026.,restaurante
Chimarrão Churrascaria,Restaurante,4730277632,Joinville,https://www.google.com/maps/place/Chimarr%C3%A3o+Churrascaria/data=!4m7!3m6!1s0x94deb047c99f3c3f:0xe57fdbf3ae81895a!8m2!3d-26.3039091!4d-48.850465!16s%2Fg%2F1tg5_sr2!19sChIJPzyfyUew3pQRWomBrvPbf-U,Não,,,Pendente,,,,Não,Google Maps exibe Adicionar website; verificado em 13/08/2026.,restaurante
Alles Picanha,Restaurante,4730252195,Joinville,https://www.google.com/maps/place/Alles+Picanha/data=!4m7!3m6!1s0x94deb022c603e4db:0xfc885c8dd14c8d99!8m2!3d-26.2951508!4d-48.8465385!16s%2Fg%2F1tdphbwr!19sChIJ2-QDxiKw3pQRmY1M0Y1ciPw,Não,,,Pendente,,,,Não,Google Maps exibe Adicionar website; verificado em 13/08/2026.,restaurante
Restaurante Chinês,Restaurante,47991497134,Joinville,https://www.google.com/maps/place/Restaurante+Chin%C3%AAs/data=!4m7!3m6!1s0x94deb0377446988b:0x43fba81757767732!8m2!3d-26.2990583!4d-48.8487476!16s%2Fg%2F11b88mpjkg!19sChIJi5hGdDew3pQRMnd2Vxeo-0M,Não,,,Pendente,,,,Não,Google Maps exibe Adicionar website; verificado em 13/08/2026.,restaurante
Megga Lanches,Restaurante,47996958060,Joinville,https://www.google.com/maps/place/Megga+Lanches/data=!4m7!3m6!1s0x94deb7fd83e556cf:0x175e0129ef2363c1!8m2!3d-26.36527!4d-48.829729!16s%2Fg%2F11vb9wt_9s!19sChIJz1blg_233pQRwWMj7ykBXhc,Não,,,Pendente,,,,Não,Google Maps exibe Adicionar website; verificado em 13/08/2026.,restaurante
Jaque Lanches e almoço,Restaurante,47999697241,Joinville,https://www.google.com/maps/place/Jaque+Lanches+e+almo%C3%A7o/data=!4m7!3m6!1s0x94deb755ae8841b7:0xee3a3c90a1c82c71!8m2!3d-26.376514!4d-48.8281027!16s%2Fg%2F11ffkqbg0c!19sChIJt0GIrlW33pQRcSzIoZA8Ou4,Não,,,Pendente,,,,Não,Google Maps exibe Adicionar website; verificado em 13/08/2026.,restaurante
Divino Fogão - Mueller Joinville,Restaurante,47997607554,Joinville,https://www.google.com/maps/place/Divino+Fog%C3%A3o+-+Mueller+Joinville/data=!4m7!3m6!1s0x94deb1f0109fc32b:0xe89291e2834cf92c!8m2!3d-26.3036717!4d-48.8491056!16s%2Fg%2F11w46kstj2!19sChIJK8OfEPCx3pQRLPlMg-KRkug,Não,,,Pendente,,,,Não,Google Maps exibe Adicionar website; verificado em 13/08/2026.,restaurante
Senhor Escondidinho Joinville,Restaurante,4732782524,Joinville,https://www.google.com/maps/place/Senhor+Escondidinho+Joinville/data=!4m7!3m6!1s0x94deb0370befffff:0x254d708a90ea85af!8m2!3d-26.29909!4d-48.8489515!16s%2Fg%2F11s75ly7p1!19sChIJ___vCzew3pQRr4XqkIpwTSU,Não,,,Pendente,,,,Não,Google Maps exibe Adicionar website; verificado em 13/08/2026.,restaurante
Ki Rose,Restaurante,4734327268,Joinville,https://www.google.com/maps/place/Ki+Rose/data=!4m7!3m6!1s0x94deb04bd12e3fc1:0x736aacded4377cac!8m2!3d-26.302683!4d-48.844432!16s%2Fg%2F11b823km5q!19sChIJwT8u0Uuw3pQRrHw31N6sanM,Não,,,Pendente,,,,Não,Google Maps exibe Adicionar website; verificado em 13/08/2026.,restaurante
Armazém da Natureza Bistrô,Restaurante,47999091770,Joinville,https://www.google.com/maps/place/Armaz%C3%A9m+da+Natureza+Bistr%C3%B4/data=!4m7!3m6!1s0x94deb12c1fead173:0x6aa246959676f0ab!8m2!3d-26.2898373!4d-48.8504728!16s%2Fg%2F11k61g80xt!19sChIJc9HqHyyx3pQRq_B2lpVGomo,Não,,,Pendente,,,,Não,Google Maps exibe Adicionar website; verificado em 13/08/2026.,restaurante
Pappo's Restaurante,Restaurante,47991542375,Joinville,https://www.google.com/maps/place/Pappo%27s+Restaurante/data=!4m7!3m6!1s0x94deb1e3be5ee593:0xa1e37de62bc417df!8m2!3d-26.2885867!4d-48.8469247!16s%2Fg%2F11gzmxbsjf!19sChIJk-VevuOx3pQR3xfEK-Z946E,Não,,,Pendente,,,,Não,Google Maps exibe Adicionar website; verificado em 13/08/2026.,restaurante
Bravo's Grill,Restaurante,4730275675,Joinville,https://www.google.com/maps/place/Bravo%27s+Grill/data=!4m7!3m6!1s0x94deafd75d1fe3ef:0xedc2ecab9f3d7a9c!8m2!3d-26.2779124!4d-48.8494495!16s%2Fg%2F11bv2lnhgm!19sChIJ7-MfXdev3pQRnHo9n6vswu0,Não,,,Pendente,,,,Não,Google Maps exibe Adicionar website; verificado em 13/08/2026.,restaurante
Restaurante Pisetta,Restaurante,4734387358,Joinville,https://www.google.com/maps/place/Restaurante+Pisetta/data=!4m7!3m6!1s0x94deb06881594aa3:0x748106b856fa4f6a!8m2!3d-26.315642!4d-48.8626809!16s%2Fg%2F11b826jn39!19sChIJo0pZgWiw3pQRak_6VrgGgXQ,Não,,,Pendente,,,,Não,Google Maps exibe Adicionar website; verificado em 13/08/2026.,restaurante
Fiorello Café e Bistrô,Restaurante,4732026910,Joinville,https://www.google.com/maps/place/Fiorello+Caf%C3%A9+e+Bistr%C3%B4/data=!4m7!3m6!1s0x94deb102e8d30f4d:0xfd2b4b79093fad3d!8m2!3d-26.3027775!4d-48.8537779!16s%2Fg%2F11h1fztf7m!19sChIJTQ_T6AKx3pQRPa0_CXlLK_0,Não,,,Pendente,,,,Não,Google Maps exibe Adicionar website; verificado em 13/08/2026.,restaurante
Palacio sushi experience,Restaurante,47933816404,Joinville,https://www.google.com/maps/place/Palacio+sushi+experience/data=!4m7!3m6!1s0x94deb1c93601214d:0x386f128632e569eb!8m2!3d-26.3092097!4d-48.8547744!16s%2Fg%2F11z655z6yx!19sChIJTSEBNsmx3pQR62nlMoYSbzg,Não,,,Pendente,,,,Não,Google Maps exibe Adicionar website; verificado em 13/08/2026.,restaurante
O Rango Restaurante,Restaurante,47991742904,Joinville,https://www.google.com/maps/place/O+Rango+Restaurante/data=!4m7!3m6!1s0x94deb169cd7b6cfd:0x32b5c0d386c758b!8m2!3d-26.3074662!4d-48.8453378!16s%2Fg%2F11x8rbvfyx!19sChIJ_Wx7zWmx3pQRi3VsOA1cKwM,Não,,,Pendente,,,,Não,Google Maps exibe Adicionar website; verificado em 13/08/2026.,restaurante
M4 Restaurante e Eventos,Restaurante,4734224521,Joinville,https://www.google.com/maps/place/M4+Restaurante+e+Eventos/data=!4m7!3m6!1s0x94deb0515dfa062b:0x8e4c6749a64ddc35!8m2!3d-26.3133765!4d-48.8448753!16s%2Fg%2F11bv1nc3zf!19sChIJKwb6XVGw3pQRNdxNpklnTI4,Não,,,Pendente,,,,Não,Google Maps exibe Adicionar website; verificado em 13/08/2026.,restaurante
Restaurante Don Francesco,Restaurante,4734222752,Joinville,https://www.google.com/maps/place/Restaurante+Don+Francesco/data=!4m7!3m6!1s0x94deb0370befffff:0x663723632f5b7356!8m2!3d-26.2984648!4d-48.8482689!16s%2Fg%2F11bv3mmcbr!19sChIJ___vCzew3pQRVnNbL2MjN2Y,Não,,,Pendente,,,,Não,Google Maps exibe Adicionar website; verificado em 13/08/2026.,restaurante
Restaurante Roveda,Restaurante,47996043864,Joinville,https://www.google.com/maps/place/Restaurante+Roveda/data=!4m7!3m6!1s0x94deb0609a175ef1:0x39b97fc4dfa2d5cb!8m2!3d-26.3215185!4d-48.8604237!16s%2Fg%2F11b86r_6q2!19sChIJ8V4XmmCw3pQRy9Wi38R_uTk,Não,,,Pendente,,,,Não,Google Maps exibe Adicionar website; verificado em 13/08/2026.,restaurante
Restaurante Zanella,Restaurante,47991875307,Joinville,https://www.google.com/maps/place/Restaurante+Zanella/data=!4m7!3m6!1s0x94deb06019be68cb:0xafc2f1eaf8747ee2!8m2!3d-26.3241386!4d-48.8600196!16s%2Fg%2F1td6hmtg!19sChIJy2i-GWCw3pQR4n50-Orxwq8,Não,,,Pendente,,,,Não,Google Maps exibe Adicionar website; verificado em 13/08/2026.,restaurante
Kalari Bistrô,Restaurante,47996662293,Joinville,https://www.google.com/maps/place/Kalari+Bistr%C3%B4/data=!4m7!3m6!1s0x94deb19e86017b23:0x2c431e08dafa4d27!8m2!3d-26.3110432!4d-48.8464516!16s%2Fg%2F11xmh9xm1y!19sChIJI3sBhp6x3pQRJ0362ggeQyw,Não,,,Pendente,,,,Não,Google Maps exibe Adicionar website; verificado em 13/08/2026.,restaurante
Natural Bistrô Joinville,Restaurante,47992675737,Joinville,https://www.google.com/maps/place/Natural+Bistr%C3%B4+Joinville/data=!4m7!3m6!1s0x94deb11d177787a7:0x9b7f951d53b9386b!8m2!3d-26.3133112!4d-48.8485002!16s%2Fg%2F11wqcfs2d8!19sChIJp4d3Fx2x3pQRazi5Ux2Vf5s,Não,,,Pendente,,,,Não,Google Maps exibe Adicionar website; verificado em 13/08/2026.,restaurante
BIG LANCHES DA PRAINHA,Restaurante,4734495030,Joinville,https://www.google.com/maps/place/BIG+LANCHES+DA+PRAINHA/data=!4m7!3m6!1s0x94deb18795cd35e7:0xf7f80194a1eb9acb!8m2!3d-26.321433!4d-48.8530567!16s%2Fg%2F11swzg372h!19sChIJ5zXNlYex3pQRy5rroZQB-Pc,Não,,,Pendente,,,,Não,Google Maps exibe Adicionar website; verificado em 13/08/2026.,restaurante
Super Cachorrão,Restaurante,47992611515,Joinville,https://www.google.com/maps/place/Super+Cachorr%C3%A3o/data=!4m7!3m6!1s0x94deb1944c664865:0xc8bc27facfb507ce!8m2!3d-26.3180512!4d-48.8492235!16s%2Fg%2F11fghcpmdr!19sChIJZUhmTJSx3pQRzge1z_onvMg,Não,,,Pendente,,,,Não,Google Maps exibe Adicionar website; verificado em 13/08/2026.,restaurante
Tipti Restaurante e Pizzaria,Restaurante,47992080324,Joinville,https://www.google.com/maps/place/Tipti+Restaurante+e+Pizzaria/data=!4m7!3m6!1s0x94deb160f8136c63:0xf79fc459124ce912!8m2!3d-26.3176494!4d-48.849218!16s%2Fg%2F11hdjcgvv1!19sChIJY2wT-GCx3pQREulMElnEn_c,Não,,,Pendente,,,,Não,Google Maps exibe Adicionar website; verificado em 13/08/2026.,restaurante
Casa Miti,Restaurante,47933820452,Joinville,https://www.google.com/maps/place/Casa+Miti/data=!4m7!3m6!1s0x94deb1df1e4b73cd:0xfbd9b3b18e8e8dfe!8m2!3d-26.3113567!4d-48.8535616!16s%2Fg%2F11w8tswpx4!19sChIJzXNLHt-x3pQR_o2OjrGz2fs,Não,,,Pendente,,,,Não,Google Maps exibe Adicionar website; verificado em 13/08/2026.,restaurante
Figari Parrilla Uruguaya,Restaurante,47989042442,Joinville,https://www.google.com/maps/place/Figari+Parrilla+Uruguaya/data=!4m7!3m6!1s0x94deb169c56ebbff:0x9f9b2342d4a1a750!8m2!3d-26.2818684!4d-48.8420776!16s%2Fg%2F11stj2p8gs!19sChIJ_7tuxWmx3pQRUKeh1EIjm58,Não,,,Pendente,,,,Não,Google Maps exibe Adicionar website; verificado em 13/08/2026.,restaurante
LUD!D Frango no Balde Opa Prainha,Restaurante,4738049996,Joinville,https://www.google.com/maps/place/LUD!D+Frango+no+Balde+Opa+Prainha/data=!4m7!3m6!1s0x94deb12e992d65cb:0x4d6d03458705e1fb!8m2!3d-26.2946626!4d-48.8409519!16s%2Fg%2F11vw_v2n3l!19sChIJy2UtmS6x3pQR--EFh0UDbU0,Não,,,Pendente,,,,Não,Google Maps exibe Adicionar website; verificado em 13/08/2026.,restaurante
Santé por Teresa,Restaurante,4738045013,Joinville,https://www.google.com/maps/place/Sant%C3%A9+por+Teresa/data=!4m7!3m6!1s0x94deb04b503ceb21:0x2d9458a1ae4eecf8!8m2!3d-26.30192!4d-48.8405939!16s%2Fg%2F1tnl2k42!19sChIJIes8UEuw3pQR-OxOrqFYlC0,Não,,,Pendente,,,,Não,Google Maps exibe Adicionar website; verificado em 13/08/2026.,restaurante
Paulo Marmitas,Restaurante,4734335605,Joinville,https://www.google.com/maps/place/Paulo+Marmitas/data=!4m7!3m6!1s0x94deb130158168bb:0xc0d99da1b3e328ea!8m2!3d-26.2851034!4d-48.8400056!16s%2Fg%2F11gtfx7nq3!19sChIJu2iBFTCx3pQR6ijjs6Gd2cA,Não,,,Pendente,,,,Não,Google Maps exibe Adicionar website; verificado em 13/08/2026.,restaurante
Paladares,Restaurante,4730281604,Joinville,https://www.google.com/maps/place/Paladares/data=!4m7!3m6!1s0x94deb02bbb20f957:0x513454e87f3678ea!8m2!3d-26.2830883!4d-48.842992!16s%2Fg%2F11b86rkwhf!19sChIJV_kguyuw3pQR6ng2f-hUNFE,Não,,,Pendente,,,,Não,Google Maps exibe Adicionar website; verificado em 13/08/2026.,restaurante
Restaurante Cantinho de Minas,Restaurante,47992631654,Joinville,https://www.google.com/maps/place/Restaurante+Cantinho+de+Minas/data=!4m7!3m6!1s0x94deaf3d0a72f8bd:0x9a5f9ca6da37ff9e!8m2!3d-26.2760803!4d-48.8345825!16s%2Fg%2F11ty719890!19sChIJvfhyCj2v3pQRnv832qacX5o,Não,,,Pendente,,,,Não,Google Maps exibe Adicionar website; verificado em 13/08/2026.,restaurante
Ital'in House - Joinville - Santo Antônio,Restaurante,47988366981,Joinville,https://www.google.com/maps/place/Ital%27in+House+-+Joinville+-+Santo+Ant%C3%B4nio/data=!4m7!3m6!1s0x94deafb90ac7279b:0xed47370947b95c0c!8m2!3d-26.2739961!4d-48.8508981!16s%2Fg%2F11wc37_y_v!19sChIJmyfHCrmv3pQRDFy5Rwk3R-0,Não,,,Pendente,,,,Não,Google Maps exibe Adicionar website; verificado em 13/08/2026.,restaurante
Bem Brasiliano Refeições coletivas,Restaurante,47992779420,Joinville,https://www.google.com/maps/place/Bem+Brasiliano+Refei%C3%A7%C3%B5es+coletivas/data=!4m7!3m6!1s0x94deb035c320e117:0x7483b7372919f6ac!8m2!3d-26.2982382!4d-48.8440467!16s%2Fg%2F11bv2gy_cz!19sChIJF-EgwzWw3pQRrPYZKTe3g3Q,Não,,,Pendente,,,,Não,Google Maps exibe Adicionar website; verificado em 13/08/2026.,restaurante
Primus,Restaurante,4730266517,Joinville,https://www.google.com/maps/place/Primus/data=!4m7!3m6!1s0x94deaff135e34c41:0x38ac521d63ca637a!8m2!3d-26.2779887!4d-48.8746817!16s%2Fg%2F11c3mrftzt!19sChIJQUzjNfGv3pQRemPKYx1SrDg,Não,,,Pendente,,,,Não,Google Maps exibe Adicionar website; verificado em 13/08/2026.,restaurante
Massalândia,Restaurante,4730287053,Joinville,https://www.google.com/maps/place/Massal%C3%A2ndia/data=!4m7!3m6!1s0x94deafd4211822e5:0xa60df25b3f1391c4!8m2!3d-26.263868!4d-48.8649149!16s%2Fg%2F11f733nsfm!19sChIJ5SIYIdSv3pQRxJETP1vyDaY,Não,,,Pendente,,,,Não,Google Maps exibe Adicionar website; verificado em 13/08/2026.,restaurante
Restaurante Borba,Restaurante,4730289424,Joinville,https://www.google.com/maps/place/Restaurante+Borba/data=!4m7!3m6!1s0x94deaf8f17915167:0xa9dc6217f2ef9b68!8m2!3d-26.2744016!4d-48.867339!16s%2Fg%2F11g0lfc5yc!19sChIJZ1GRF4-v3pQRaJvv8hdi3Kk,Não,,,Pendente,,,,Não,Google Maps exibe Adicionar website; verificado em 13/08/2026.,restaurante
Restaurante D'Casa,Restaurante,47996963733,Joinville,https://www.google.com/maps/place/Restaurante+D%27Casa/data=!4m7!3m6!1s0x94deaf6aa31716bf:0x81599ace2914ce2f!8m2!3d-26.2687899!4d-48.881172!16s%2Fg%2F11hzvxglpl!19sChIJvxYXo2qv3pQRL84UKc6aWYE,Não,,,Pendente,,,,Não,Google Maps exibe Adicionar website; verificado em 13/08/2026.,restaurante
Churrascaria Silva,Restaurante,47996461036,Joinville,https://www.google.com/maps/place/Churrascaria+Silva/data=!4m7!3m6!1s0x94deb16dc36e0299:0x602cd56d419aa52e!8m2!3d-26.3202526!4d-48.8153025!16s%2Fg%2F11y7sq7t6q!19sChIJmQJuw22x3pQRLqWaQW3VLGA,Não,,,Pendente,,,,Não,Google Maps exibe Adicionar website; verificado em 13/08/2026.,restaurante
Restaurante Santo Lau,Restaurante,4730287899,Joinville,https://www.google.com/maps/place/Restaurante+Santo+Lau/data=!4m7!3m6!1s0x94deaf94c177d98f:0x8d0bb0bfb3411b6e!8m2!3d-26.2662757!4d-48.8625951!16s%2Fg%2F11c6s3pwn9!19sChIJj9l3wZSv3pQRbhtBs7-wC40,Não,,,Pendente,,,,Não,Google Maps exibe Adicionar website; verificado em 13/08/2026.,restaurante
Sorveteria Lolla Costa e Silva,Restaurante,47999676453,Joinville,https://www.google.com/maps/place/Sorveteria+Lolla+Costa+e+Silva/data=!4m7!3m6!1s0x94deaf005955ac69:0xdadfb9cbe1ade88!8m2!3d-26.2739988!4d-48.8732042!16s%2Fg%2F11w3tqhr1k!19sChIJaaxVWQCv3pQRiN4avpz7rQ0,Não,,,Pendente,,,,Não,Google Maps exibe Adicionar website; verificado em 13/08/2026.,restaurante
Nass Costela,Restaurante,47989163989,Joinville,https://www.google.com/maps/place/Nass+Costela/data=!4m7!3m6!1s0x94deafbc11855941:0x6ca37e240d3c2617!8m2!3d-26.2717762!4d-48.8719955!16s%2Fg%2F11y_qqzgz4!19sChIJQVmFEbyv3pQRFyY8DSR-o2w,Não,,,Pendente,,,,Não,Google Maps exibe Adicionar website; verificado em 13/08/2026.,restaurante
Gordo Lanches costa e silva,Restaurante,47996307589,Joinville,https://www.google.com/maps/place/Gordo+Lanches+costa+e+silva/data=!4m7!3m6!1s0x94deafc8722cd2d3:0x970c86837eafe8fd!8m2!3d-26.2739761!4d-48.8697581!16s%2Fg%2F11h5ddjf43!19sChIJ09Iscsiv3pQR_eivfoOGDJc,Não,,,Pendente,,,,Não,Google Maps exibe Adicionar website; verificado em 13/08/2026.,restaurante
Restaurante Bom Almoço,Restaurante,47984084987,Joinville,https://www.google.com/maps/place/Restaurante+Bom+Almo%C3%A7o/data=!4m7!3m6!1s0x94dea54086ed6c7d:0xc6d09c31b8ea09ba!8m2!3d-26.273822!4d-48.8867283!16s%2Fg%2F11kqd75vf6!19sChIJfWzthkCl3pQRugnquDGc0MY,Não,,,Pendente,,,,Não,Google Maps exibe Adicionar website; verificado em 13/08/2026.,restaurante
Sua Cozinha de Mãe,Restaurante,47992404118,Joinville,https://www.google.com/maps/place/Sua+Cozinha+de+M%C3%A3e/data=!4m7!3m6!1s0x94deaff55f4d036d:0xa478c4de5038bdc7!8m2!3d-26.2693574!4d-48.8698712!16s%2Fg%2F11srvfm9gb!19sChIJbQNNX_Wv3pQRx704UN7EeKQ,Não,,,Pendente,,,,Não,Google Maps exibe Adicionar website; verificado em 13/08/2026.,restaurante
RS Restaurante e Pizzaria,Restaurante,4730265686,Joinville,https://www.google.com/maps/place/RS+Restaurante+e+Pizzaria/data=!4m7!3m6!1s0x94dea5632bb0af27:0xb197805161f6d5c5!8m2!3d-26.2646837!4d-48.8827093!16s%2Fg%2F11b8t7mk1k!19sChIJJ6-wK2Ol3pQRxdX2YVGAl7E,Não,,,Pendente,,,,Não,Google Maps exibe Adicionar website; verificado em 13/08/2026.,restaurante
Cantinho Italiano,Restaurante,4732273309,Joinville,https://www.google.com/maps/place/Cantinho+Italiano/data=!4m7!3m6!1s0x94deaff9aa8a542d:0x49cc7cf08964b62f!8m2!3d-26.2845104!4d-48.8773772!16s%2Fg%2F11g6yz31lt!19sChIJLVSKqvmv3pQRL7ZkifB8zEk,Não,,,Pendente,,,,Não,Google Maps exibe Adicionar website; verificado em 13/08/2026.,restaurante
Permata Gastronomia & Eventos,Restaurante,47999654170,Joinville,https://www.google.com/maps/place/Permata+Gastronomia+%26+Eventos/data=!4m7!3m6!1s0x94deb11802d9055f:0x2aff19a22f3e2a3e!8m2!3d-26.2807277!4d-48.8754413!16s%2Fg%2F11nl6hhdww!19sChIJXwXZAhix3pQRPio-L6IZ_yo,Não,,,Pendente,,,,Não,Google Maps exibe Adicionar website; verificado em 13/08/2026.,restaurante
Guardiões da Selva | Rodízio Temático,Restaurante,4733057474,Joinville,https://www.google.com/maps/place/Guardi%C3%B5es+da+Selva+%7C+Rod%C3%ADzio+Tem%C3%A1tico/data=!4m7!3m6!1s0x94dea50c9823a473:0xa96def175423c784!8m2!3d-26.289911!4d-48.9006567!16s%2Fg%2F11yrzr0vk5!19sChIJc6QjmAyl3pQRhMcjVBfvbak,Não,,,Pendente,,,,Não,Google Maps exibe Adicionar website; verificado em 13/08/2026.,restaurante
Restaurante e Quiosque Sabor da Alegria,Restaurante,47996789867,Joinville,https://www.google.com/maps/place/Restaurante+e+Quiosque+Sabor+da+Alegria/data=!4m7!3m6!1s0x94dea52f99493889:0x5e035d7428745978!8m2!3d-26.2884939!4d-48.9203198!16s%2Fg%2F11z8tqmlfn!19sChIJiThJmS-l3pQReFl0KHRdA14,Não,,,Pendente,,,,Não,Google Maps exibe Adicionar website; verificado em 13/08/2026.,restaurante
Espetaria Filé Miau,Restaurante,47996955184,Joinville,https://www.google.com/maps/place/Espetaria+Fil%C3%A9+Miau/data=!4m7!3m6!1s0x94dea503ae3d1e39:0x5315e44e93e4a166!8m2!3d-26.2868792!4d-48.9043761!16s%2Fg%2F11rvwxwbj1!19sChIJOR49rgOl3pQRZqHkk07kFVM,Não,,,Pendente,,,,Não,Google Maps exibe Adicionar website; verificado em 13/08/2026.,restaurante
Comida Caseira da Fábi,Restaurante,47988962525,Joinville,https://www.google.com/maps/place/Comida+Caseira+da+F%C3%A1bi/data=!4m7!3m6!1s0x94dea536e25e9707:0x226368dcd33c3e51!8m2!3d-26.2886193!4d-48.9077102!16s%2Fg%2F11tnvx758w!19sChIJB5de4jal3pQRUT4809xoYyI,Não,,,Pendente,,,,Não,Google Maps exibe Adicionar website; verificado em 13/08/2026.,restaurante
Lado's Pampas Churrascaria Joinville,Restaurante,47984958316,Joinville,https://www.google.com/maps/place/Lado%27s+Pampas+Churrascaria+Joinville/data=!4m7!3m6!1s0x94dea5b9f4a146f7:0x3ead7c218a496a3d!8m2!3d-26.2489451!4d-48.9090036!16s%2Fg%2F11vbv3j_4s!19sChIJ90ah9Lml3pQRPWpJiiF8rT4,Não,,,Pendente,,,,Não,Google Maps exibe Adicionar website; verificado em 13/08/2026.,restaurante
Rustic House Restaurante e Pizzaria,Restaurante,47996890933,Joinville,https://www.google.com/maps/place/Rustic+House+Restaurante+e+Pizzaria/data=!4m7!3m6!1s0x94dea564592f5ff9:0xb98b630c10d450e6!8m2!3d-26.2612361!4d-48.9248275!16s%2Fg%2F11p130k8jm!19sChIJ-V8vWWSl3pQR5lDUEAxji7k,Não,,,Pendente,,,,Não,Google Maps exibe Adicionar website; verificado em 13/08/2026.,restaurante
Kátia Marmitas,Restaurante,47984696316,Joinville,https://www.google.com/maps/place/K%C3%A1tia+Marmitas/data=!4m7!3m6!1s0x94dea5b2009748f9:0x852cb33a583b0b93!8m2!3d-26.2874771!4d-48.9187928!16s%2Fg%2F11k56bw9kz!19sChIJ-UiXALKl3pQRkws7WDqzLIU,Não,,,Pendente,,,,Não,Google Maps exibe Adicionar website; verificado em 13/08/2026.,restaurante
Café Rural Família Roos,Restaurante,47996569753,Joinville,https://www.google.com/maps/place/Caf%C3%A9+Rural+Fam%C3%ADlia+Roos/data=!4m7!3m6!1s0x94dea4ea80b0599b:0xad7cc5cfe273fcfd!8m2!3d-26.2922153!4d-48.9381103!16s%2Fg%2F11c1txwz8v!19sChIJm1mwgOqk3pQR_fxz4s_FfK0,Não,,,Pendente,,,,Não,Google Maps exibe Adicionar website; verificado em 13/08/2026.,restaurante
Forest Burger,Restaurante,47991345493,Joinville,https://www.google.com/maps/place/Forest+Burger/data=!4m7!3m6!1s0x94deb0e7a9939595:0x7bdada5a0e59df08!8m2!3d-26.33667!4d-48.8477593!16s%2Fg%2F11dxddnxcj!19sChIJlZWTqeew3pQRCN9ZDlra2ns,Não,,,Pendente,,,,Não,Google Maps exibe Adicionar website; verificado em 13/08/2026.,restaurante
"Sul Bar - Bar e Lanchonete no Floresta, Joinville",Restaurante,47996868111,Joinville,"https://www.google.com/maps/place/Sul+Bar+-+Bar+e+Lanchonete+no+Floresta,+Joinville/data=!4m7!3m6!1s0x94deb1b11298799b:0x2631a3cce316b927!8m2!3d-26.3307409!4d-48.846907!16s%2Fg%2F11rc87hhf9!19sChIJm3mYErGx3pQRJ7kW48yjMSY",Não,,,Pendente,,,,Não,Google Maps exibe Adicionar website; verificado em 13/08/2026.,restaurante
Restaurante Korea Yoon,Restaurante,4734229085,Joinville,https://www.google.com/maps/place/Restaurante+Korea+Yoon/data=!4m7!3m6!1s0x94deb1daa53e630f:0x12ebe8c06fae177d!8m2!3d-26.33608!4d-48.8476965!16s%2Fg%2F11qbx86qy7!19sChIJD2M-pdqx3pQRfReub8Do6xI,Não,,,Pendente,,,,Não,Google Maps exibe Adicionar website; verificado em 13/08/2026.,restaurante
Bar do Nelson,Restaurante,47991090199,Joinville,https://www.google.com/maps/place/Bar+do+Nelson/data=!4m7!3m6!1s0x94deb18618f00425:0xaca6ce182382e39f!8m2!3d-26.3285857!4d-48.8424724!16s%2Fg%2F11hv5g71pd!19sChIJJQTwGIax3pQRn-OCIxjOpqw,Não,,,Pendente,,,,Não,Google Maps exibe Adicionar website; verificado em 13/08/2026.,restaurante
Estação da Rosa,Restaurante,4738014902,Joinville,https://www.google.com/maps/place/Esta%C3%A7%C3%A3o+da+Rosa/data=!4m7!3m6!1s0x94deb141b80098d9:0xed95c7f6996dc11!8m2!3d-26.3234893!4d-48.8450891!16s%2Fg%2F11fhvxd0m2!19sChIJ2ZgAuEGx3pQREdyWaX9c2Q4,Não,,,Pendente,,,,Não,Google Maps exibe Adicionar website; verificado em 13/08/2026.,restaurante
Restaurante Lanchonete e Pizzaria do Vizinho,Restaurante,4734360630,Joinville,https://www.google.com/maps/place/Restaurante+Lanchonete+e+Pizzaria+do+Vizinho/data=!4m7!3m6!1s0x94deb12ccdc83783:0x471d58b131631e10!8m2!3d-26.3448814!4d-48.8473452!16s%2Fg%2F11rcx8dw75!19sChIJgzfIzSyx3pQREB5jMbFYHUc,Não,,,Pendente,,,,Não,Google Maps exibe Adicionar website; verificado em 13/08/2026.,restaurante
Luft Restaurante,Restaurante,4734297485,Joinville,https://www.google.com/maps/place/Luft+Restaurante/data=!4m7!3m6!1s0x94deb0c1d3a172a9:0xc002c8b90aed259f!8m2!3d-26.3435406!4d-48.8571385!16s%2Fg%2F11b8c4wpf8!19sChIJqXKh08Gw3pQRnyXtCrnIAsA,Não,,,Pendente,,,,Não,Google Maps exibe Adicionar website; verificado em 13/08/2026.,restaurante
Bar do Zé Floresta,Restaurante,47999998214,Joinville,https://www.google.com/maps/place/Bar+do+Z%C3%A9+Floresta/data=!4m7!3m6!1s0x94deb0e9e672a4c3:0x6b9fe97ca8d3fc9d!8m2!3d-26.3414677!4d-48.8538527!16s%2Fg%2F11bv5vp0ql!19sChIJw6Ry5umw3pQRnfzTqHzpn2s,Não,,,Pendente,,,,Não,Google Maps exibe Adicionar website; verificado em 13/08/2026.,restaurante
Baalbek Foods,Restaurante,47997712804,Joinville,https://www.google.com/maps/place/Baalbek+Foods/data=!4m7!3m6!1s0x94deb12e1fb88477:0xbd03e4ff9b3fd6d5!8m2!3d-26.3239363!4d-48.8433203!16s%2Fg%2F11rsqwnvs6!19sChIJd4S4Hy6x3pQR1dY_m__kA70,Não,,,Pendente,,,,Não,Google Maps exibe Adicionar website; verificado em 13/08/2026.,restaurante
Schnapps Bar,Restaurante,47996625410,Joinville,https://www.google.com/maps/place/Schnapps+Bar/data=!4m7!3m6!1s0x94deb19b21a9df5d:0x31f0ab3af7ccba47!8m2!3d-26.3361614!4d-48.8578398!16s%2Fg%2F11qvgpxsjb!19sChIJXd-pIZux3pQRR7rM9zqr8DE,Não,,,Pendente,,,,Não,Google Maps exibe Adicionar website; verificado em 13/08/2026.,restaurante
Marmita Vó Nita,Restaurante,47992011643,Joinville,https://www.google.com/maps/place/Marmita+V%C3%B3+Nita/data=!4m7!3m6!1s0x94deb1f256663097:0x46f9a88a40df2a3d!8m2!3d-26.3443839!4d-48.8473922!16s%2Fg%2F11ylxt6t0k!19sChIJlzBmVvKx3pQRPSrfQIqo-UY,Não,,,Pendente,,,,Não,Google Maps exibe Adicionar website; verificado em 13/08/2026.,restaurante
Ki Marmita Comida Brasileira,Restaurante,4730295171,Joinville,https://www.google.com/maps/place/Ki+Marmita+Comida+Brasileira/data=!4m7!3m6!1s0x94deb1b6b3776cc9:0x9c0a2977767e1577!8m2!3d-26.339499!4d-48.8500096!16s%2Fg%2F11h00cz7b5!19sChIJyWx3s7ax3pQRdxV-dncpCpw,Não,,,Pendente,,,,Não,Google Maps exibe Adicionar website; verificado em 13/08/2026.,restaurante
Restaurante e churrascaria buzzi,Restaurante,47999571622,Joinville,https://www.google.com/maps/place/Restaurante+e+churrascaria+buzzi/data=!4m7!3m6!1s0x94deb14e084e6e75:0x7fb486fdbd03d689!8m2!3d-26.3388212!4d-48.8472271!16s%2Fg%2F11ygx5d4r2!19sChIJdW5OCE6x3pQRidYDvf2GtH8,Não,,,Pendente,,,,Não,Google Maps exibe Adicionar website; verificado em 13/08/2026.,restaurante
Dona Renira Tempero Caseiro,Restaurante,47996443802,Joinville,https://www.google.com/maps/place/Dona+Renira+Tempero+Caseiro/data=!4m7!3m6!1s0x94deb1294885f023:0x677a03e1186458e!8m2!3d-26.3418217!4d-48.852495!16s%2Fg%2F11r6lc5c2w!19sChIJI_CFSCmx3pQRjkWGET6gdwY,Não,,,Pendente,,,,Não,Google Maps exibe Adicionar website; verificado em 13/08/2026.,restaurante
Dona Bi Marmitas,Restaurante,47999885466,Joinville,https://www.google.com/maps/place/Dona+Bi+Marmitas/data=!4m7!3m6!1s0x94deb1da1c13bfd7:0xb14d3ad4c424dd62!8m2!3d-26.3244659!4d-48.829214!16s%2Fg%2F11vhgcnp6j!19sChIJ178THNqx3pQRYt0kxNQ6TbE,Não,,,Pendente,,,,Não,Google Maps exibe Adicionar website; verificado em 13/08/2026.,restaurante
Assados Hille,Restaurante,47996110427,Joinville,https://www.google.com/maps/place/Assados+Hille/data=!4m7!3m6!1s0x94deb14fe48fc9d5:0x924c981666e22df7!8m2!3d-26.330732!4d-48.8420393!16s%2Fg%2F11mhmfgc6m!19sChIJ1cmP5E-x3pQR9y3iZhaYTJI,Não,,,Pendente,,,,Não,Google Maps exibe Adicionar website; verificado em 13/08/2026.,restaurante
Koda Café Bistrô Joinville,Cafeteria,47999670705,Joinville,https://www.google.com/maps/place/Koda+Caf%C3%A9+Bistr%C3%B4+Joinville/data=!4m7!3m6!1s0x94dea782d4facff9:0x20b265dcbd98fe1f!8m2!3d-26.3034688!4d-48.8619201!16s%2Fg%2F11rcv4z4jz!19sChIJ-c_61IKn3pQRH_6YvdxlsiA,Não,,,Pendente,,,,Não,Google Maps exibe Adicionar website; verificado em 13/08/2026.,cafeteria
Yona Café - Cafeteria temática,Cafeteria,47991652594,Joinville,https://www.google.com/maps/place/Yona+Caf%C3%A9+-+Cafeteria+tem%C3%A1tica/data=!4m7!3m6!1s0x94deaf8e2fcaf62d:0xd48a9b3962f978bb!8m2!3d-26.2698233!4d-48.8629431!16s%2Fg%2F11l5kmv6wr!19sChIJLfbKL46v3pQRu3j5YjmbitQ,Não,,,Pendente,,,,Não,Google Maps exibe Adicionar website; verificado em 13/08/2026.,cafeteria
Velvet Café,Cafeteria,47933843873,Joinville,https://www.google.com/maps/place/Velvet+Caf%C3%A9/data=!4m7!3m6!1s0x94deb100015af65f:0xd8f71f43b016757f!8m2!3d-26.320039!4d-48.8528564!16s%2Fg%2F11x5s18217!19sChIJX_ZaAQCx3pQRf3UWsEMf99g,Não,,,Pendente,,,,Não,Google Maps exibe Adicionar website; verificado em 13/08/2026.,cafeteria
Fabripães Cafeteria,Cafeteria,47991032420,Joinville,https://www.google.com/maps/place/Fabrip%C3%A3es+Cafeteria/data=!4m7!3m6!1s0x94deb6b1237ebc7d:0x1db7fa7224226e73!8m2!3d-26.354161!4d-48.8136195!16s%2Fg%2F11bzwmtlmk!19sChIJfbx-I7G23pQRc24iJHL6tx0,Não,,,Pendente,,,,Não,Google Maps exibe Adicionar website; verificado em 13/08/2026.,cafeteria
Café Monet,Cafeteria,47991017557,Joinville,https://www.google.com/maps/place/Caf%C3%A9+Monet/data=!4m7!3m6!1s0x94deb1a85389208f:0x49c64cf85783b745!8m2!3d-26.2968369!4d-48.8519971!16s%2Fg%2F11s32w3ymv!19sChIJjyCJU6ix3pQRRbeDV_hMxkk,Não,,,Pendente,,,,Não,Google Maps exibe Adicionar website; verificado em 13/08/2026.,cafeteria
Belluno Café,Cafeteria,4730273373,Joinville,https://www.google.com/maps/place/Belluno+Caf%C3%A9/data=!4m7!3m6!1s0x94deb03773a3d23f:0x2c58ed9b24d0e560!8m2!3d-26.298935!4d-48.848487!16s%2Fg%2F11bv3mrr12!19sChIJP9Kjczew3pQRYOXQJJvtWCw,Não,,,Pendente,,,,Não,Google Maps exibe Adicionar website; verificado em 13/08/2026.,cafeteria
Amor e Canela,Cafeteria,4734735650,Joinville,https://www.google.com/maps/place/Amor+e+Canela/data=!4m7!3m6!1s0x94deb0287aa0adc7:0xe43811ecbc68e294!8m2!3d-26.283613!4d-48.8495627!16s%2Fg%2F1pxqc_c5n!19sChIJx62geiiw3pQRlOJovOwROOQ,Não,,,Pendente,,,,Não,Google Maps exibe Adicionar website; verificado em 13/08/2026.,cafeteria
Café do Juarez,Cafeteria,4734488248,Joinville,https://www.google.com/maps/place/Caf%C3%A9+do+Juarez/data=!4m7!3m6!1s0x94deb1b475aa83a3:0x87cc20384404d696!8m2!3d-26.2926426!4d-48.8442992!16s%2Fg%2F11gtyndkhs!19sChIJo4OqdbSx3pQRltYERDggzIc,Não,,,Pendente,,,,Não,Google Maps exibe Adicionar website; verificado em 13/08/2026.,cafeteria
Quinta de Olivares Casa Portuguesa,Cafeteria,4730289109,Joinville,https://www.google.com/maps/place/Quinta+de+Olivares+Casa+Portuguesa/data=!4m7!3m6!1s0x94deb031708c8f6b:0x3d8a27d582608924!8m2!3d-26.2933012!4d-48.8452064!16s%2Fg%2F11bv30k1v2!19sChIJa4-McDGw3pQRJIlggtUnij0,Não,,,Pendente,,,,Não,Google Maps exibe Adicionar website; verificado em 13/08/2026.,cafeteria
The Garden Dual,Cafeteria,4732782257,Joinville,https://www.google.com/maps/place/The+Garden+Dual/data=!4m7!3m6!1s0x94deb1685b991877:0x95e7739619b43a97!8m2!3d-26.3002824!4d-48.8533209!16s%2Fg%2F11lhk5zbx0!19sChIJdxiZW2ix3pQRlzq0GZZz55U,Não,,,Pendente,,,,Não,Google Maps exibe Adicionar website; verificado em 13/08/2026.,cafeteria
Rock Garden Café,Cafeteria,47988461895,Joinville,https://www.google.com/maps/place/Rock+Garden+Caf%C3%A9/data=!4m7!3m6!1s0x94deb1b3e8621767:0xfe39faab9a5ea54b!8m2!3d-26.3025063!4d-48.8548655!16s%2Fg%2F11kqx5by97!19sChIJZxdi6LOx3pQRS6Vemqv6Of4,Não,,,Pendente,,,,Não,Google Maps exibe Adicionar website; verificado em 13/08/2026.,cafeteria
Vinci's Café,Cafeteria,4730137274,Joinville,https://www.google.com/maps/place/Vinci%27s+Caf%C3%A9/data=!4m7!3m6!1s0x94deb03213a14cd9:0xdece62aee47646ed!8m2!3d-26.3206155!4d-48.8455084!16s%2Fg%2F11b88mwnfz!19sChIJ2UyhEzKw3pQR7UZ25K5izt4,Não,,,Pendente,,,,Não,Google Maps exibe Adicionar website; verificado em 13/08/2026.,cafeteria
"Casa Ministro, Café & Lounge",Cafeteria,47988282056,Joinville,"https://www.google.com/maps/place/Casa+Ministro,+Caf%C3%A9+%26+Lounge/data=!4m7!3m6!1s0x94deb10dce0ed013:0x8753f37012d62a56!8m2!3d-26.30601!4d-48.8510768!16s%2Fg%2F11vkld3kvb!19sChIJE9AOzg2x3pQRVirWEnDzU4c",Não,,,Pendente,,,,Não,Google Maps exibe Adicionar website; verificado em 13/08/2026.,cafeteria
Cafeteria Jardim das Delícias,Cafeteria,4720500879,Joinville,https://www.google.com/maps/place/Cafeteria+Jardim+das+Del%C3%ADcias/data=!4m7!3m6!1s0x94deb1d55ea33045:0xc7752187178c660e!8m2!3d-26.2854894!4d-48.8426661!16s%2Fg%2F11sfkt_v3f!19sChIJRTCjXtWx3pQRDmaMF4chdcc,Não,,,Pendente,,,,Não,Google Maps exibe Adicionar website; verificado em 13/08/2026.,cafeteria
Casa Calantti,Cafeteria,47997119108,Joinville,https://www.google.com/maps/place/Casa+Calantti/data=!4m7!3m6!1s0x94deb1e1201544a5:0x35bebcb3cf84c366!8m2!3d-26.2931113!4d-48.846595!16s%2Fg%2F11x7874gsl!19sChIJpUQVIOGx3pQRZsOEz7O8vjU,Não,,,Pendente,,,,Não,Google Maps exibe Adicionar website; verificado em 13/08/2026.,cafeteria
candy moon,Cafeteria,47988148026,Joinville,https://www.google.com/maps/place/candy+moon/data=!4m7!3m6!1s0x94deb1003e7f4d1f:0xe34b8d743e30f0b0!8m2!3d-26.2879042!4d-48.8415298!16s%2Fg%2F11lcfs5llv!19sChIJH01_PgCx3pQRsPAwPnSNS-M,Não,,,Pendente,,,,Não,Google Maps exibe Adicionar website; verificado em 13/08/2026.,cafeteria
Kaffe Hauss Jarivá,Cafeteria,47996680692,Joinville,https://www.google.com/maps/place/Kaffe+Hauss+Jariv%C3%A1/data=!4m7!3m6!1s0x94deafcb00ed9fe3:0xa663f86ac98abd22!8m2!3d-26.2750856!4d-48.8531088!16s%2Fg%2F11yspw13yl!19sChIJ45_tAMuv3pQRIr2KyWr4Y6Y,Não,,,Pendente,,,,Não,Google Maps exibe Adicionar website; verificado em 13/08/2026.,cafeteria
Itália Panificadora e Confeitaria,Cafeteria,4732072610,Joinville,https://www.google.com/maps/place/It%C3%A1lia+Panificadora+e+Confeitaria/data=!4m7!3m6!1s0x94deaf89fc287487:0xbe9b7d6e3900be36!8m2!3d-26.2679861!4d-48.8797116!16s%2Fg%2F11bvt0rb8_!19sChIJh3Qo_Imv3pQRNr4AOW59m74,Não,,,Pendente,,,,Não,Google Maps exibe Adicionar website; verificado em 13/08/2026.,cafeteria
Flavius Café,Cafeteria,47988655822,Joinville,https://www.google.com/maps/place/Flavius+Caf%C3%A9/data=!4m7!3m6!1s0x94deaf1797993849:0x7e18aed1cc63d0f3!8m2!3d-26.274166!4d-48.8724842!16s%2Fg%2F11z5_nrx6z!19sChIJSTiZlxev3pQR89BjzNGuGH4,Não,,,Pendente,,,,Não,Google Maps exibe Adicionar website; verificado em 13/08/2026.,cafeteria
Panificadora e Cafeteria Vovó Salete,Cafeteria,47988201676,Joinville,https://www.google.com/maps/place/Panificadora+e+Cafeteria+Vov%C3%B3+Salete/data=!4m7!3m6!1s0x94deaf5718333bfd:0x2738c416ed7520f6!8m2!3d-26.272354!4d-48.8797148!16s%2Fg%2F11z2_d109m!19sChIJ_TszGFev3pQR9iB17RbEOCc,Não,,,Pendente,,,,Não,Google Maps exibe Adicionar website; verificado em 13/08/2026.,cafeteria
Panificadora Paps,Cafeteria,47996624691,Joinville,https://www.google.com/maps/place/Panificadora+Paps/data=!4m7!3m6!1s0x94deafdc71286fb9:0x64419fe11efef9b5!8m2!3d-26.2763986!4d-48.8746298!16s%2Fg%2F11fj8mp2xg!19sChIJuW8ocdyv3pQRtfn-HuGfQWQ,Não,,,Pendente,,,,Não,Google Maps exibe Adicionar website; verificado em 13/08/2026.,cafeteria
Bar dos Amigos Joinville,Cafeteria,47999355691,Joinville,https://www.google.com/maps/place/Bar+dos+Amigos+Joinville/data=!4m7!3m6!1s0x94deaf27fe436b09:0x96392ef729c56ff2!8m2!3d-26.2672708!4d-48.877015!16s%2Fg%2F11t5xmnfm2!19sChIJCWtD_iev3pQR8m_FKfcuOZY,Não,,,Pendente,,,,Não,Google Maps exibe Adicionar website; verificado em 13/08/2026.,cafeteria
Hot Dog Pão da Vida,Cafeteria,47992596813,Joinville,https://www.google.com/maps/place/Hot+Dog+P%C3%A3o+da+Vida/data=!4m7!3m6!1s0x94deafb42d935367:0x8e581432916bea3c!8m2!3d-26.2778218!4d-48.8749568!16s%2Fg%2F11t9rmm7vc!19sChIJZ1OTLbSv3pQRPOprkTIUWI4,Não,,,Pendente,,,,Não,Google Maps exibe Adicionar website; verificado em 13/08/2026.,cafeteria
Empório do Russo,Cafeteria,47999614299,Joinville,https://www.google.com/maps/place/Emp%C3%B3rio+do+Russo/data=!4m7!3m6!1s0x94deaf237c1e6379:0x8c190b8e31e2491!8m2!3d-26.2706142!4d-48.8755557!16s%2Fg%2F11rbkxgnfl!19sChIJeWMefCOv3pQRkSQe47iQwQg,Não,,,Pendente,,,,Não,Google Maps exibe Adicionar website; verificado em 13/08/2026.,cafeteria
Panificadora e Confeitaria Monte Carlo,Cafeteria,4734351080,Joinville,https://www.google.com/maps/place/Panificadora+e+Confeitaria+Monte+Carlo/data=!4m7!3m6!1s0x94deaf926ca9692b:0x6b77192000da4359!8m2!3d-26.272343!4d-48.8719967!16s%2Fg%2F1w6r9fg1!19sChIJK2mpbJKv3pQRWUPaACAZd2s,Não,,,Pendente,,,,Não,Google Maps exibe Adicionar website; verificado em 13/08/2026.,cafeteria
7 Grãos Pães e Doces,Cafeteria,4732073603,Joinville,https://www.google.com/maps/place/7+Gr%C3%A3os+P%C3%A3es+e+Doces/data=!4m7!3m6!1s0x94dea58912828ffd:0x5495e74f2fd5f0da!8m2!3d-26.2873579!4d-48.9206308!16s%2Fg%2F11fpd9y15w!19sChIJ_Y-CEoml3pQR2vDVL0_nlVQ,Não,,,Pendente,,,,Não,Google Maps exibe Adicionar website; verificado em 13/08/2026.,cafeteria
Gotas de Baunilha Confeitaria Artesanal | Joinville,Cafeteria,47988356578,Joinville,https://www.google.com/maps/place/Gotas+de+Baunilha+Confeitaria+Artesanal+%7C+Joinville/data=!4m7!3m6!1s0x94dea55a8a1f1e5b:0x2133afa63d406ca1!8m2!3d-26.2775873!4d-48.9118358!16s%2Fg%2F11y94_qq9f!19sChIJWx4filql3pQRoWxAPaavMyE,Não,,,Pendente,,,,Não,Google Maps exibe Adicionar website; verificado em 13/08/2026.,cafeteria
Sorveteria La Dolce,Cafeteria,4734341955,Joinville,https://www.google.com/maps/place/Sorveteria+La+Dolce/data=!4m7!3m6!1s0x94dea5348030d281:0x82a7355c802a77e5!8m2!3d-26.2991106!4d-48.9051139!16s%2Fg%2F11bvt4ss1s!19sChIJgdIwgDSl3pQR5XcqgFw1p4I,Não,,,Pendente,,,,Não,Google Maps exibe Adicionar website; verificado em 13/08/2026.,cafeteria
Panificadora Klimber,Cafeteria,4734324160,Joinville,https://www.google.com/maps/place/Panificadora+Klimber/data=!4m7!3m6!1s0x94dea5d676dc116b:0xe045022fecf8fd86!8m2!3d-26.288781!4d-48.9022717!16s%2Fg%2F11jzzyzryc!19sChIJaxHcdtal3pQRhv347C8CReA,Não,,,Pendente,,,,Não,Google Maps exibe Adicionar website; verificado em 13/08/2026.,cafeteria
Quiosque Caldo de Cana e Pastel,Cafeteria,47991517347,Joinville,https://www.google.com/maps/place/Quiosque+Caldo+de+Cana+e+Pastel/data=!4m7!3m6!1s0x94dea538fef60931:0x8edd8fc7495fa062!8m2!3d-26.28782!4d-48.9015!16s%2Fg%2F11ln4zjhhp!19sChIJMQn2_jil3pQRYqBfSceP3Y4,Não,,,Pendente,,,,Não,Google Maps exibe Adicionar website; verificado em 13/08/2026.,cafeteria
Helena Panificadora e Confeitaria,Cafeteria,4730851537,Joinville,https://www.google.com/maps/place/Helena+Panificadora+e+Confeitaria/data=!4m7!3m6!1s0x94deb14e4e3b4b73:0xe5a27617bd7230ee!8m2!3d-26.3398044!4d-48.8113171!16s%2Fg%2F11b8t778m3!19sChIJc0s7Tk6x3pQR7jByvRd2ouU,Não,,,Pendente,,,,Não,Google Maps exibe Adicionar website; verificado em 13/08/2026.,cafeteria
VIEIRA'S,Cafeteria,47988983394,Joinville,https://www.google.com/maps/place/VIEIRA%27S/data=!4m7!3m6!1s0x94deb1c596f0dc85:0xf70d8c05f97328f6!8m2!3d-26.339279!4d-48.8246869!16s%2Fg%2F11z0z56f22!19sChIJhdzwlsWx3pQR9ihz-QWMDfc,Não,,,Pendente,,,,Não,Google Maps exibe Adicionar website; verificado em 13/08/2026.,cafeteria
Panificadora e Confeitaria Aquários,Cafeteria,47999929759,Joinville,https://www.google.com/maps/place/Panificadora+e+Confeitaria+Aqu%C3%A1rios/data=!4m7!3m6!1s0x94deb138671e2deb:0xe2f132e03b790cfd!8m2!3d-26.3381613!4d-48.8207248!16s%2Fg%2F11bv3tywzc!19sChIJ6y0eZzix3pQR_Qx5O-Ay8eI,Não,,,Pendente,,,,Não,Google Maps exibe Adicionar website; verificado em 13/08/2026.,cafeteria
Rebeca cat coffe,Cafeteria,47997333671,Joinville,https://www.google.com/maps/place/Rebeca+cat+coffe/data=!4m7!3m6!1s0x94deb106f0a71b5d:0x549cdd05b48ce994!8m2!3d-26.3348298!4d-48.8385006!16s%2Fg%2F11lc_qpf78!19sChIJXRun8Aax3pQRlOmMtAXdnFQ,Não,,,Pendente,,,,Não,Google Maps exibe Adicionar website; verificado em 13/08/2026.,cafeteria
Panificadora & Confeitaria Barbi,Cafeteria,4734363545,Joinville,https://www.google.com/maps/place/Panificadora+%26+Confeitaria+Barbi/data=!4m7!3m6!1s0x94deb11c78bc0963:0x46c833e44f519983!8m2!3d-26.328119!4d-48.8343565!16s%2Fg%2F1tkr0f3d!19sChIJYwm8eByx3pQRg5lRT-QzyEY,Não,,,Pendente,,,,Não,Google Maps exibe Adicionar website; verificado em 13/08/2026.,cafeteria
Diprosa Botequim,Cafeteria,47996181895,Joinville,https://www.google.com/maps/place/Diprosa+Botequim/data=!4m7!3m6!1s0x94deb17ed573dfdf:0xe365fb8e716b8963!8m2!3d-26.3325039!4d-48.8385533!16s%2Fg%2F11fm4j5ggx!19sChIJ399z1X6x3pQRY4lrcY77ZeM,Não,,,Pendente,,,,Não,Google Maps exibe Adicionar website; verificado em 13/08/2026.,cafeteria
Lanchonete Guésser,Cafeteria,47934639907,Joinville,https://www.google.com/maps/place/Lanchonete+Gu%C3%A9sser/data=!4m7!3m6!1s0x94deb147cd2c3dd5:0x38a2368899c53915!8m2!3d-26.3381479!4d-48.817224!16s%2Fg%2F11cmz5xgpl!19sChIJ1T0szUex3pQRFTnFmYg2ojg,Não,,,Pendente,,,,Não,Google Maps exibe Adicionar website; verificado em 13/08/2026.,cafeteria
Euri's Pastéis,Cafeteria,47992861792,Joinville,https://www.google.com/maps/place/Euri%27s+Past%C3%A9is/data=!4m7!3m6!1s0x94deb10063fda127:0x651b997fe2f8c65e!8m2!3d-26.3618814!4d-48.8376003!16s%2Fg%2F11xtxdqchh!19sChIJJ6H9YwCx3pQRXsb44n-ZG2U,Não,,,Pendente,,,,Não,Google Maps exibe Adicionar website; verificado em 13/08/2026.,cafeteria
Lanchonete Jailson,Cafeteria,47999276988,Joinville,https://www.google.com/maps/place/Lanchonete+Jailson/data=!4m7!3m6!1s0x94deb6b8efad8295:0xcfe35ee032cd1726!8m2!3d-26.3607664!4d-48.8299722!16s%2Fg%2F11bv6pnkr7!19sChIJlYKt77i23pQRJhfNMuBe488,Não,,,Pendente,,,,Não,Google Maps exibe Adicionar website; verificado em 13/08/2026.,cafeteria
Acesso Lan House,Cafeteria,47988538197,Joinville,https://www.google.com/maps/place/Acesso+Lan+House/data=!4m7!3m6!1s0x94deb6c775f6cd89:0x893eecbb4bc1da9!8m2!3d-26.3620521!4d-48.8206171!16s%2Fg%2F11d_7h7x0_!19sChIJic32dce23pQRqR28tMvukwg,Não,,,Pendente,,,,Não,Google Maps exibe Adicionar website; verificado em 13/08/2026.,cafeteria
Panificadora e Confeitaria Primas,Cafeteria,4734650325,Joinville,https://www.google.com/maps/place/Panificadora+e+Confeitaria+Primas/data=!4m7!3m6!1s0x94deb6d1159780b3:0xc84110bcca3fc417!8m2!3d-26.3606995!4d-48.8314708!16s%2Fg%2F1tkb67vl!19sChIJs4CXFdG23pQRF8Q_yrwQQcg,Não,,,Pendente,,,,Não,Google Maps exibe Adicionar website; verificado em 13/08/2026.,cafeteria
Sorveteira Kauane,Cafeteria,47997178038,Joinville,https://www.google.com/maps/place/Sorveteira+Kauane/data=!4m7!3m6!1s0x94deb6a304896c8b:0xa5bfbf945f9e6642!8m2!3d-26.361992!4d-48.8075416!16s%2Fg%2F11ggvr82gk!19sChIJi2yJBKO23pQRQmaeX5S_v6U,Não,,,Pendente,,,,Não,Google Maps exibe Adicionar website; verificado em 13/08/2026.,cafeteria
Super Frango,Cafeteria,47997911354,Joinville,https://www.google.com/maps/place/Super+Frango/data=!4m7!3m6!1s0x94deb79b8150ae29:0x9206270febace099!8m2!3d-26.3680892!4d-48.8217768!16s%2Fg%2F11wbsq079y!19sChIJKa5QgZu33pQRmeCs6w8nBpI,Não,,,Pendente,,,,Não,Google Maps exibe Adicionar website; verificado em 13/08/2026.,cafeteria
Budega do Ceará,Cafeteria,47988474196,Joinville,https://www.google.com/maps/place/Budega+do+Cear%C3%A1/data=!4m7!3m6!1s0x94deb7c83e8841cb:0x984f0579d46dd945!8m2!3d-26.3614548!4d-48.8297002!16s%2Fg%2F11r8yf4gq1!19sChIJy0GIPsi33pQRRdlt1HkFT5g,Não,,,Pendente,,,,Não,Google Maps exibe Adicionar website; verificado em 13/08/2026.,cafeteria
Rosado Café,Cafeteria,47999828397,Joinville,https://www.google.com/maps/place/Rosado+Caf%C3%A9/data=!4m7!3m6!1s0x94deb7b2acd6f071:0xdcabc178e1a9d53!8m2!3d-26.3638972!4d-48.811189!16s%2Fg%2F11n51l52q2!19sChIJcfDWrLK33pQRU50ajhe8yg0,Não,,,Pendente,,,,Não,Google Maps exibe Adicionar website; verificado em 13/08/2026.,cafeteria
Panificadora e Confeitaria Mega Pão,Cafeteria,4734639763,Joinville,https://www.google.com/maps/place/Panificadora+e+Confeitaria+Mega+P%C3%A3o/data=!4m7!3m6!1s0x94deb12abf6ccb15:0xf06fa8d5a214c43e!8m2!3d-26.3550632!4d-48.8385022!16s%2Fg%2F11bv6pryy7!19sChIJFctsvyqx3pQRPsQUotWob_A,Não,,,Pendente,,,,Não,Google Maps exibe Adicionar website; verificado em 13/08/2026.,cafeteria
Panificadora Manih,Cafeteria,47996227849,Joinville,https://www.google.com/maps/place/Panificadora+Manih/data=!4m7!3m6!1s0x94deb6c04c37fc05:0x20b02ce77a26be0e!8m2!3d-26.3681319!4d-48.8217634!16s%2Fg%2F11b8t7pbcb!19sChIJBfw3TMC23pQRDr4meucssCA,Não,,,Pendente,,,,Não,Google Maps exibe Adicionar website; verificado em 13/08/2026.,cafeteria
Panificadora Tuiuti,Cafeteria,4734376329,Joinville,https://www.google.com/maps/place/Panificadora+Tuiuti/data=!4m7!3m6!1s0x94deae42a6fb1de9:0x8af68be4acb71b66!8m2!3d-26.2434589!4d-48.819809!16s%2Fg%2F11b88r7_v6!19sChIJ6R37pkKu3pQRZhu3rOSL9oo,Não,,,Pendente,,,,Não,Google Maps exibe Adicionar website; verificado em 13/08/2026.,cafeteria
Pandeca Panificadora e Confeitaria,Cafeteria,4734252876,Joinville,https://www.google.com/maps/place/Pandeca+Panificadora+e+Confeitaria/data=!4m7!3m6!1s0x94deae7350d70929:0xfc0485d81528b65f!8m2!3d-26.2461988!4d-48.804237!16s%2Fg%2F1tdqcqt4!19sChIJKQnXUHOu3pQRX7YoFdiFBPw,Não,,,Pendente,,,,Não,Google Maps exibe Adicionar website; verificado em 13/08/2026.,cafeteria
Cafeteria Líder,Cafeteria,47984036883,Joinville,https://www.google.com/maps/place/Cafeteria+L%C3%ADder/data=!4m7!3m6!1s0x94deae80549c5c19:0xa14a662fca01cb60!8m2!3d-26.2243206!4d-48.8016833!16s%2Fg%2F11csqjmr9z!19sChIJGVycVICu3pQRYMsByi9mSqE,Não,,,Pendente,,,,Não,Google Maps exibe Adicionar website; verificado em 13/08/2026.,cafeteria
Pão da Vida Aventureiro,Cafeteria,47997691605,Joinville,https://www.google.com/maps/place/P%C3%A3o+da+Vida+Aventureiro/data=!4m7!3m6!1s0x94deaf705800192d:0xa7c50f1f0a8afa92!8m2!3d-26.2493507!4d-48.8083448!16s%2Fg%2F11j2_yyct7!19sChIJLRkAWHCv3pQRkvqKCh8Pxac,Não,,,Pendente,,,,Não,Google Maps exibe Adicionar website; verificado em 13/08/2026.,cafeteria
Bellaville Cestas de Café da Manhã e Presentes,Cafeteria,47988268168,Joinville,https://www.google.com/maps/place/Bellaville+Cestas+de+Caf%C3%A9+da+Manh%C3%A3+e+Presentes/data=!4m7!3m6!1s0x94deaf723b748573:0x49121f2fa5ce637f!8m2!3d-26.2589851!4d-48.8210002!16s%2Fg%2F11yqs4xd22!19sChIJc4V0O3Kv3pQRf2POpS8fEkk,Não,,,Pendente,,,,Não,Google Maps exibe Adicionar website; verificado em 13/08/2026.,cafeteria
É Do Pará Lanches,Cafeteria,47997895537,Joinville,https://www.google.com/maps/place/%C3%89+Do+Par%C3%A1+Lanches/data=!4m7!3m6!1s0x94deaf87838f64d7:0xea31e47ea0fe9f39!8m2!3d-26.2504852!4d-48.8070613!16s%2Fg%2F11lm__18q9!19sChIJ12SPg4ev3pQROZ_-oH7kMeo,Não,,,Pendente,,,,Não,Google Maps exibe Adicionar website; verificado em 13/08/2026.,cafeteria
Meu trabalho,Cafeteria,47992019285,Joinville,https://www.google.com/maps/place/Meu+trabalho/data=!4m7!3m6!1s0x94deaf000b6996d7:0xe30f451252bbc0ae!8m2!3d-26.24735!4d-48.810325!16s%2Fg%2F11z5r1zw6_!19sChIJ15ZpCwCv3pQRrsC7UhJFD-M,Não,,,Pendente,,,,Não,Google Maps exibe Adicionar website; verificado em 13/08/2026.,cafeteria
Hambúrgueria Dom Romanelle,Cafeteria,47999863891,Joinville,https://www.google.com/maps/place/Hamb%C3%BArgueria+Dom+Romanelle/data=!4m7!3m6!1s0x94deafd2545cb725:0xcc9e9bc446daf033!8m2!3d-26.2459499!4d-48.8105491!16s%2Fg%2F11vkgdy_5y!19sChIJJbdcVNKv3pQRM_DaRsSbnsw,Não,,,Pendente,,,,Não,Google Maps exibe Adicionar website; verificado em 13/08/2026.,cafeteria
Prestígio's Gold,Cafeteria,47996627311,Joinville,https://www.google.com/maps/place/Prest%C3%ADgio%27s+Gold/data=!4m7!3m6!1s0x94deaf002154c2c3:0xfdc668a0e49864ff!8m2!3d-26.249288!4d-48.8213408!16s%2Fg%2F11y7c5c346!19sChIJw8JUIQCv3pQR_2SY5KBoxv0,Não,,,Pendente,,,,Não,Google Maps exibe Adicionar website; verificado em 13/08/2026.,cafeteria
Vô Luiz Pães e Doces,Cafeteria,4734180190,Joinville,https://www.google.com/maps/place/V%C3%B4+Luiz+P%C3%A3es+e+Doces/data=!4m7!3m6!1s0x94deae20ec7c581b:0xb2a221b716a722f!8m2!3d-26.2717884!4d-48.8233102!16s%2Fg%2F11b88w1psg!19sChIJG1h87CCu3pQRL3JqcRsiKgs,Não,,,Pendente,,,,Não,Google Maps exibe Adicionar website; verificado em 13/08/2026.,cafeteria
Da Hora,Cafeteria,47996327751,Joinville,https://www.google.com/maps/place/Da+Hora/data=!4m7!3m6!1s0x94deaf11e644af1d:0x601885f26a051a90!8m2!3d-26.2642473!4d-48.8152781!16s%2Fg%2F11kjf72_8q!19sChIJHa9E5hGv3pQRkBoFavKFGGA,Não,,,Pendente,,,,Não,Google Maps exibe Adicionar website; verificado em 13/08/2026.,cafeteria
Titys Coffe,Cafeteria,47989213930,Joinville,https://www.google.com/maps/place/Titys+Coffe/data=!4m7!3m6!1s0x94deafb70c4b5e91:0x2988fd8b5038dfc0!8m2!3d-26.272961!4d-48.830008!16s%2Fg%2F11y01s0ntw!19sChIJkV5LDLev3pQRwN84UIv9iCk,Não,,,Pendente,,,,Não,Google Maps exibe Adicionar website; verificado em 13/08/2026.,cafeteria
Armazém do Pão,Cafeteria,4734320056,Joinville,https://www.google.com/maps/place/Armaz%C3%A9m+do+P%C3%A3o/data=!4m7!3m6!1s0x94deb196232f533d:0x8e6547352c384c61!8m2!3d-26.2970665!4d-48.8187653!16s%2Fg%2F1thcth8s!19sChIJPVMvI5ax3pQRYUw4LDVHZY4,Não,,,Pendente,,,,Não,Google Maps exibe Adicionar website; verificado em 13/08/2026.,cafeteria
Nosso Café,Cafeteria,47984825757,Joinville,https://www.google.com/maps/place/Nosso+Caf%C3%A9/data=!4m7!3m6!1s0x94deb16cdbe6df3b:0x83f99455c297000a!8m2!3d-26.2700584!4d-48.8108406!16s%2Fg%2F11h5vlwj59!19sChIJO9_m22yx3pQRCgCXwlWU-YM,Não,,,Pendente,,,,Não,Google Maps exibe Adicionar website; verificado em 13/08/2026.,cafeteria
Panificadora e Confeitaria Cantinho Doce,Cafeteria,4734320751,Joinville,https://www.google.com/maps/place/Panificadora+e+Confeitaria+Cantinho+Doce/data=!4m7!3m6!1s0x94deb190c0b7a3bb:0x7b07f01457a75bec!8m2!3d-26.2975644!4d-48.8136168!16s%2Fg%2F11b88n05x0!19sChIJu6O3wJCx3pQR7FunVxTwB3s,Não,,,Pendente,,,,Não,Google Maps exibe Adicionar website; verificado em 13/08/2026.,cafeteria
Empada Capital - Cooper Atacarejo,Cafeteria,47996600285,Joinville,https://www.google.com/maps/place/Empada+Capital+-+Cooper+Atacarejo/data=!4m7!3m6!1s0x94deb100548dee09:0x8902d17493b0bb1e!8m2!3d-26.2906511!4d-48.8141518!16s%2Fg%2F11w9t6pnbg!19sChIJCe6NVACx3pQRHruwk3TRAok,Não,,,Pendente,,,,Não,Google Maps exibe Adicionar website; verificado em 13/08/2026.,cafeteria
Restaurante La Bodeguita,Cafeteria,4730859639,Joinville,https://www.google.com/maps/place/Restaurante+La+Bodeguita/data=!4m7!3m6!1s0x94deb1a334a713d9:0xbea444d17aaab40c!8m2!3d-26.3022168!4d-48.8231091!16s%2Fg%2F11bv3vdcjf!19sChIJ2ROnNKOx3pQRDLSqetFEpL4,Não,,,Pendente,,,,Não,Google Maps exibe Adicionar website; verificado em 13/08/2026.,cafeteria
Cafeteria O Padeiro,Cafeteria,47988004372,Joinville,https://www.google.com/maps/place/Cafeteria+O+Padeiro/data=!4m7!3m6!1s0x94deb1c93c609237:0xe7ceea6342f3d9e3!8m2!3d-26.2729957!4d-48.8019179!16s%2Fg%2F11gjxtvy4k!19sChIJN5JgPMmx3pQR49nzQmPqzuc,Não,,,Pendente,,,,Não,Google Maps exibe Adicionar website; verificado em 13/08/2026.,cafeteria
Rancho Alegre,Cafeteria,47984402776,Joinville,https://www.google.com/maps/place/Rancho+Alegre/data=!4m7!3m6!1s0x94deb1a46428dd89:0x354a95151ce71783!8m2!3d-26.3058608!4d-48.8255795!16s%2Fg%2F11bv30l_0c!19sChIJid0oZKSx3pQRgxfnHBWVSjU,Não,,,Pendente,,,,Não,Google Maps exibe Adicionar website; verificado em 13/08/2026.,cafeteria
Cantinho do Café - Joinville,Cafeteria,47996867644,Joinville,https://www.google.com/maps/place/Cantinho+do+Caf%C3%A9+-+Joinville/data=!4m7!3m6!1s0x94deb1006142810f:0x5fa2ca9fa4f1d94f!8m2!3d-26.2839512!4d-48.804527!16s%2Fg%2F11vz1l5mjj!19sChIJD4FCYQCx3pQRT9nxpJ_Kol8,Não,,,Pendente,,,,Não,Google Maps exibe Adicionar website; verificado em 13/08/2026.,cafeteria
Doce Anjo,Cafeteria,47997101493,Joinville,https://www.google.com/maps/place/Doce+Anjo/data=!4m7!3m6!1s0x94deb17b2fbac3f1:0x657ee07487edaaf7!8m2!3d-26.280262!4d-48.8079659!16s%2Fg%2F11xgpj9vtc!19sChIJ8cO6L3ux3pQR96rth3TgfmU,Não,,,Pendente,,,,Não,Google Maps exibe Adicionar website; verificado em 13/08/2026.,cafeteria
Sorveteria Esquibom,Cafeteria,4734376122,Joinville,https://www.google.com/maps/place/Sorveteria+Esquibom/data=!4m7!3m6!1s0x94deb1e8d903e9cd:0xb3880c7628b1a24c!8m2!3d-26.2764544!4d-48.8110117!16s%2Fg%2F11vlwgfrpt!19sChIJzekD2eix3pQRTKKxKHYMiLM,Não,,,Pendente,,,,Não,Google Maps exibe Adicionar website; verificado em 13/08/2026.,cafeteria
Mari Mello Confeitaria Afetiva,Cafeteria,47996080118,Joinville,https://www.google.com/maps/place/Mari+Mello+Confeitaria+Afetiva/data=!4m7!3m6!1s0x94deb163aae20d07:0x6d49fa2c99430477!8m2!3d-26.2744992!4d-48.8033437!16s%2Fg%2F11y_hkxvnq!19sChIJBw3iqmOx3pQRdwRDmSz6SW0,Não,,,Pendente,,,,Não,Google Maps exibe Adicionar website; verificado em 13/08/2026.,cafeteria
Paraná Lanches 209,Cafeteria,47991455418,Joinville,https://www.google.com/maps/place/Paran%C3%A1+Lanches+209/data=!4m7!3m6!1s0x94deb16b044cd0a7:0x4afdce32447fdc52!8m2!3d-26.2841648!4d-48.8078463!16s%2Fg%2F11p61170d8!19sChIJp9BMBGux3pQRUtx_RDLO_Uo,Não,,,Pendente,,,,Não,Google Maps exibe Adicionar website; verificado em 13/08/2026.,cafeteria
Açaideira,Cafeteria,47999850864,Joinville,https://www.google.com/maps/place/A%C3%A7aideira/data=!4m7!3m6!1s0x94deb13fefddbc05:0x1d8e04db6011fa36!8m2!3d-26.3316648!4d-48.8166794!16s%2Fg%2F11c711dnm0!19sChIJBbzd7z-x3pQRNvoRYNsEjh0,Não,,,Pendente,,,,Não,Google Maps exibe Adicionar website; verificado em 13/08/2026.,cafeteria
PAYOL COZINHA & CHOPERIA,Cafeteria,47999181756,Joinville,https://www.google.com/maps/place/PAYOL+COZINHA+%26+CHOPERIA/data=!4m7!3m6!1s0x94deb102f48efd31:0x648c8ee6d9922f05!8m2!3d-26.3201924!4d-48.8168531!16s%2Fg%2F11rk0bn1p2!19sChIJMf2O9AKx3pQRBS-S2eaOjGQ,Não,,,Pendente,,,,Não,Google Maps exibe Adicionar website; verificado em 13/08/2026.,cafeteria
Panificadora Larissa,Cafeteria,4730436205,Joinville,https://www.google.com/maps/place/Panificadora+Larissa/data=!4m7!3m6!1s0x94deb140481d811f:0x4a772f159bef1549!8m2!3d-26.3308916!4d-48.8177178!16s%2Fg%2F11bv30hqlv!19sChIJH4EdSECx3pQRSRXvmxUvd0o,Não,,,Pendente,,,,Não,Google Maps exibe Adicionar website; verificado em 13/08/2026.,cafeteria
Ki-Cuca,Cafeteria,4730851490,Joinville,https://www.google.com/maps/place/Ki-Cuca/data=!4m7!3m6!1s0x94deb168e0bdbe5d:0x7a730122f63358cc!8m2!3d-26.3237625!4d-48.8117842!16s%2Fg%2F11b8jdclfq!19sChIJXb694Gix3pQRzFgz9iIBc3o,Não,,,Pendente,,,,Não,Google Maps exibe Adicionar website; verificado em 13/08/2026.,cafeteria
Panificadora Pap's,Cafeteria,4734296349,Joinville,https://www.google.com/maps/place/Panificadora+Pap%27s/data=!4m7!3m6!1s0x94deb110dcf800c5:0xcd6516c4944e5cf1!8m2!3d-26.3230983!4d-48.8152688!16s%2Fg%2F11hr3xwb2f!19sChIJxQD43BCx3pQR8VxOlMQWZc0,Não,,,Pendente,,,,Não,Google Maps exibe Adicionar website; verificado em 13/08/2026.,cafeteria
X Montanha,Cafeteria,47988841884,Joinville,https://www.google.com/maps/place/X+Montanha/data=!4m7!3m6!1s0x94deb10e4ff89443:0xc5f6a58f85f64ccc!8m2!3d-26.3237726!4d-48.8171825!16s%2Fg%2F11ns1gv2s0!19sChIJQ5T4Tw6x3pQRzEz2hY-l9sU,Não,,,Pendente,,,,Não,Google Maps exibe Adicionar website; verificado em 13/08/2026.,cafeteria
Panificadora Divino Pão,Padaria,4730253768,Joinville,https://www.google.com/maps/place/Panificadora+Divino+P%C3%A3o/data=!4m7!3m6!1s0x94deb6d3dea374c3:0x51212598fb4082a0!8m2!3d-26.3587608!4d-48.8332972!16s%2Fg%2F11b70_b6v0!19sChIJw3Sj3tO23pQRoIJA-5glIVE,Não,,,Pendente,,,,Não,Google Maps exibe Adicionar website; verificado em 13/08/2026.,padaria
Panificadora & Confeitaria Kelly,Padaria,4734652846,Joinville,https://www.google.com/maps/place/Panificadora+%26+Confeitaria+Kelly/data=!4m7!3m6!1s0x94deb0d340855b9f:0xb564d5f4af700d6f!8m2!3d-26.3571182!4d-48.8462634!16s%2Fg%2F1thfglhx!19sChIJn1uFQNOw3pQRbw1wr_TVZLU,Não,,,Pendente,,,,Não,Google Maps exibe Adicionar website; verificado em 13/08/2026.,padaria
Panificadora & Confeitaria Fortunato,Padaria,4730172389,Joinville,https://www.google.com/maps/place/Panificadora+%26+Confeitaria+Fortunato/data=!4m7!3m6!1s0x94deb6b54f70b51b:0x29b4295b0e32b106!8m2!3d-26.3498229!4d-48.8188169!16s%2Fg%2F11c3mrbzwr!19sChIJG7VwT7W23pQRBrEyDlsptCk,Não,,,Pendente,,,,Não,Google Maps exibe Adicionar website; verificado em 13/08/2026.,padaria
Moinho Mariano Panificadora e Confeitaria,Padaria,47989127290,Joinville,https://www.google.com/maps/place/Moinho+Mariano+Panificadora+e+Confeitaria/data=!4m7!3m6!1s0x94deb12e5a6507f9:0x96ecb712a1c11aa2!8m2!3d-26.3471231!4d-48.8317556!16s%2Fg%2F11b88_5lqg!19sChIJ-QdlWi6x3pQRohrBoRK37JY,Não,,,Pendente,,,,Não,Google Maps exibe Adicionar website; verificado em 13/08/2026.,padaria
Panificadora Paixão 2,Padaria,4730853316,Joinville,https://www.google.com/maps/place/Panificadora+Paix%C3%A3o+2/data=!4m7!3m6!1s0x94deb6bc89afffff:0xaed71086da179faa!8m2!3d-26.3620991!4d-48.8119336!16s%2Fg%2F11gg723g4z!19sChIJ__-viby23pQRqp8X2oYQ164,Não,,,Pendente,,,,Não,Google Maps exibe Adicionar website; verificado em 13/08/2026.,padaria
Panificadora e Confeitaria Três Meninas,Padaria,47999145559,Joinville,https://www.google.com/maps/place/Panificadora+e+Confeitaria+Tr%C3%AAs+Meninas/data=!4m7!3m6!1s0x94deb7c6b02be76f:0x87306c1ff190e30d!8m2!3d-26.3615813!4d-48.8143994!16s%2Fg%2F11n24kpmh7!19sChIJb-crsMa33pQRDeOQ8R9sMIc,Não,,,Pendente,,,,Não,Google Maps exibe Adicionar website; verificado em 13/08/2026.,padaria
Divina Gula,Padaria,4734223940,Joinville,https://www.google.com/maps/place/Divina+Gula/data=!4m7!3m6!1s0x94deb0334730179b:0x86782eba481ce23!8m2!3d-26.2927051!4d-48.8404476!16s%2Fg%2F1tj2pm8n!19sChIJmxcwRzOw3pQRI86BpOuCZwg,Não,,,Pendente,,,,Não,Google Maps exibe Adicionar website; verificado em 13/08/2026.,padaria
Mundo Fit Confeitaria,Padaria,47989070677,Joinville,https://www.google.com/maps/place/Mundo+Fit+Confeitaria/data=!4m7!3m6!1s0x94deb11ccde59153:0xd2e149abe7439f76!8m2!3d-26.2965589!4d-48.851371!16s%2Fg%2F11h5yxm62b!19sChIJU5HlzRyx3pQRdp9D56tJ4dI,Não,,,Pendente,,,,Não,Google Maps exibe Adicionar website; verificado em 13/08/2026.,padaria
Panificadora Princesa,Padaria,4730257005,Joinville,https://www.google.com/maps/place/Panificadora+Princesa/data=!4m7!3m6!1s0x94deae19561e299d:0xa7a69f46624f3d2b!8m2!3d-26.2646558!4d-48.8147272!16s%2Fg%2F1ptxkln98!19sChIJnSkeVhmu3pQRKz1PYkafpqc,Não,,,Pendente,,,,Não,Google Maps exibe Adicionar website; verificado em 13/08/2026.,padaria
Panificadora & Confeitaria Beckhauser,Padaria,4732780545,Joinville,https://www.google.com/maps/place/Panificadora+%26+Confeitaria+Beckhauser/data=!4m7!3m6!1s0x94deb1ae3599a56d:0xf0264f75fb2eec58!8m2!3d-26.3231142!4d-48.8379155!16s%2Fg%2F11pz_n6gst!19sChIJbaWZNa6x3pQRWOwu-3VPJvA,Não,,,Pendente,,,,Não,Google Maps exibe Adicionar website; verificado em 13/08/2026.,padaria
Panificadora do Lino,Padaria,4730284045,Joinville,https://www.google.com/maps/place/Panificadora+do+Lino/data=!4m7!3m6!1s0x94deaf932d755c89:0x7e9b9b949d0376fa!8m2!3d-26.2685709!4d-48.8668677!16s%2Fg%2F11c3l80z3c!19sChIJiVx1LZOv3pQR-nYDnZSbm34,Não,,,Pendente,,,,Não,Google Maps exibe Adicionar website; verificado em 13/08/2026.,padaria
Panificadora Blumenauense,Padaria,4730263635,Joinville,https://www.google.com/maps/place/Panificadora+Blumenauense/data=!4m7!3m6!1s0x94deb01c934e1261:0xd9064332d0c1b94a!8m2!3d-26.2923792!4d-48.8683119!16s%2Fg%2F1tczg1kw!19sChIJYRJOkxyw3pQRSrnB0DJDBtk,Não,,,Pendente,,,,Não,Google Maps exibe Adicionar website; verificado em 13/08/2026.,padaria
Sabor & Arte Panificadora e Confeitaria,Padaria,4734327781,Joinville,https://www.google.com/maps/place/Sabor+%26+Arte+Panificadora+e+Confeitaria/data=!4m7!3m6!1s0x94dea514a1f68da3:0x82708fc1861f2d1!8m2!3d-26.276084!4d-48.9013405!16s%2Fg%2F11dymnr7bv!19sChIJo432oRSl3pQR0fJhGPwIJwg,Não,,,Pendente,,,,Não,Google Maps exibe Adicionar website; verificado em 13/08/2026.,padaria
PANIFICADORA ROCILI,Padaria,47999294138,Joinville,https://www.google.com/maps/place/PANIFICADORA+ROCILI/data=!4m7!3m6!1s0x94deb7144f3d7b13:0x3d92c46675595a5e!8m2!3d-26.2993602!4d-48.9018211!16s%2Fg%2F11t0v_rphz!19sChIJE3s9TxS33pQRXlpZdWbEkj0,Não,,,Pendente,,,,Não,Google Maps exibe Adicionar website; verificado em 13/08/2026.,padaria
Padaria Sonho Meu,Padaria,47996259423,Joinville,https://www.google.com/maps/place/Padaria+Sonho+Meu/data=!4m7!3m6!1s0x94dea524b2a35267:0xe252b68068c5d981!8m2!3d-26.2892595!4d-48.9101329!16s%2Fg%2F11bvt3qvcz!19sChIJZ1KjsiSl3pQRgdnFaIC2UuI,Não,,,Pendente,,,,Não,Google Maps exibe Adicionar website; verificado em 13/08/2026.,padaria
Panificadora e Confeitaria Aline,Padaria,4730173669,Joinville,https://www.google.com/maps/place/Panificadora+e+Confeitaria+Aline/data=!4m7!3m6!1s0x94dea5af16face21:0x90ccc242584e77d3!8m2!3d-26.2797544!4d-48.8990385!16s%2Fg%2F11g4d58rbs!19sChIJIc76Fq-l3pQR03dOWELCzJA,Não,,,Pendente,,,,Não,Google Maps exibe Adicionar website; verificado em 13/08/2026.,padaria
Panificadora vitória,Padaria,47988969788,Joinville,https://www.google.com/maps/place/Panificadora+vit%C3%B3ria/data=!4m7!3m6!1s0x94dea5000ca8aa7f:0x1cd91cc2f4bd60a3!8m2!3d-26.2954205!4d-48.9076594!16s%2Fg%2F11yqhj25z_!19sChIJf6qoDACl3pQRo2C99MIc2Rw,Não,,,Pendente,,,,Não,Google Maps exibe Adicionar website; verificado em 13/08/2026.,padaria
Panificadora e Confeitaria Porto Rico,Padaria,4734262806,Joinville,https://www.google.com/maps/place/Panificadora+e+Confeitaria+Porto+Rico/data=!4m7!3m6!1s0x94deb0e4cd207aed:0xaa505022d85c6faa!8m2!3d-26.33005!4d-48.8468469!16s%2Fg%2F1wcxf7cz!19sChIJ7XogzeSw3pQRqm9c2CJQUKo,Não,,,Pendente,,,,Não,Google Maps exibe Adicionar website; verificado em 13/08/2026.,padaria
PANIFICADORA FLOR DE LIS,Padaria,47996559357,Joinville,https://www.google.com/maps/place/PANIFICADORA+FLOR+DE+LIS/data=!4m7!3m6!1s0x94deb1ab82ac3af7:0x8b1f91204a48a4a5!8m2!3d-26.3285969!4d-48.8502145!16s%2Fg%2F11vhc0lmyg!19sChIJ9zqsgqux3pQRpaRISiCRH4s,Não,,,Pendente,,,,Não,Google Maps exibe Adicionar website; verificado em 13/08/2026.,padaria
Panificadora Cidade das Flores,Padaria,4730280753,Joinville,https://www.google.com/maps/place/Panificadora+Cidade+das+Flores/data=!4m7!3m6!1s0x94deb0e236e7bdd3:0xa086dcae0cbe71a3!8m2!3d-26.3318873!4d-48.8416742!16s%2Fg%2F119x3hkvr!19sChIJ073nNuKw3pQRo3G-DK7chqA,Não,,,Pendente,,,,Não,Google Maps exibe Adicionar website; verificado em 13/08/2026.,padaria
Lima Panificadora & Conveniência,Padaria,47992095094,Joinville,https://www.google.com/maps/place/Lima+Panificadora+%26+Conveni%C3%AAncia/data=!4m7!3m6!1s0x94deb1200f74b2e5:0x625d02405112ef33!8m2!3d-26.3408413!4d-48.8227327!16s%2Fg%2F11pxkj3qst!19sChIJ5bJ0DyCx3pQRM-8SUUACXWI,Não,,,Pendente,,,,Não,Google Maps exibe Adicionar website; verificado em 13/08/2026.,padaria
Panificadora e Confeitaria Joipan,Padaria,4730859210,Joinville,https://www.google.com/maps/place/Panificadora+e+Confeitaria+Joipan/data=!4m7!3m6!1s0x94deb11a313e8a1b:0xe212d419cf951c21!8m2!3d-26.3463934!4d-48.791775!16s%2Fg%2F11b6hp9zfp!19sChIJG4o-MRqx3pQRIRyVzxnUEuI,Não,,,Pendente,,,,Não,Google Maps exibe Adicionar website; verificado em 13/08/2026.,padaria
Casa del Pane,Padaria,47992213790,Joinville,https://www.google.com/maps/place/Casa+del+Pane/data=!4m7!3m6!1s0x94deb15b6be7967b:0x5939a9f3f3759150!8m2!3d-26.3322601!4d-48.8406797!16s%2Fg%2F11t6njrvf2!19sChIJe5bna1ux3pQRUJF18_OpOVk,Não,,,Pendente,,,,Não,Google Maps exibe Adicionar website; verificado em 13/08/2026.,padaria
Pão Doce Panificadora e Confeitaria,Padaria,47988841776,Joinville,https://www.google.com/maps/place/P%C3%A3o+Doce+Panificadora+e+Confeitaria/data=!4m7!3m6!1s0x94deb15141c15f21:0x902e453a162c62!8m2!3d-26.3388441!4d-48.8058334!16s%2Fg%2F11b8jcrz2d!19sChIJIV_BQVGx3pQRYiwWOkUukAA,Não,,,Pendente,,,,Não,Google Maps exibe Adicionar website; verificado em 13/08/2026.,padaria
Tradição Mercado e Panificadora,Padaria,47989039261,Joinville,https://www.google.com/maps/place/Tradi%C3%A7%C3%A3o+Mercado+e+Panificadora/data=!4m7!3m6!1s0x94deb12ca9d295bb:0xdac94b9a49945eb1!8m2!3d-26.3546695!4d-48.8326487!16s%2Fg%2F11bv3y9h8f!19sChIJu5XSqSyx3pQRsV6USZpLydo,Não,,,Pendente,,,,Não,Google Maps exibe Adicionar website; verificado em 13/08/2026.,padaria
Caparelli,Padaria,4734355606,Joinville,https://www.google.com/maps/place/Caparelli/data=!4m7!3m6!1s0x94deae17d2371645:0x72e14411339959cc!8m2!3d-26.2406443!4d-48.8089939!16s%2Fg%2F11bzwmtlm9!19sChIJRRY30heu3pQRzFmZMxFE4XI,Não,,,Pendente,,,,Não,Google Maps exibe Adicionar website; verificado em 13/08/2026.,padaria
Padaria Pão Nosso,Padaria,47992327874,Joinville,https://www.google.com/maps/place/Padaria+P%C3%A3o+Nosso/data=!4m7!3m6!1s0x94deaf53eb0f5915:0x55b703cc39ace9c9!8m2!3d-26.2391528!4d-48.8121968!16s%2Fg%2F11v6cdp0ch!19sChIJFVkP61Ov3pQRyemsOcwDt1U,Não,,,Pendente,,,,Não,Google Maps exibe Adicionar website; verificado em 13/08/2026.,padaria
Panificadora Plaza,Padaria,4734676014,Joinville,https://www.google.com/maps/place/Panificadora+Plaza/data=!4m7!3m6!1s0x94deae3fd332a20d:0x59b491c0af504c3d!8m2!3d-26.2547798!4d-48.8201583!16s%2Fg%2F1tg7t4v5!19sChIJDaIy0z-u3pQRPUxQr8CRtFk,Não,,,Pendente,,,,Não,Google Maps exibe Adicionar website; verificado em 13/08/2026.,padaria
Colonial Panificadora e Confeitaria,Padaria,4732072523,Joinville,https://www.google.com/maps/place/Colonial+Panificadora+e+Confeitaria/data=!4m7!3m6!1s0x94deaf534922b3e9:0xd2e81168c7ffdd6e!8m2!3d-26.2498079!4d-48.8211287!16s%2Fg%2F11thggy71t!19sChIJ6bMiSVOv3pQRbt3_x2gR6NI,Não,,,Pendente,,,,Não,Google Maps exibe Adicionar website; verificado em 13/08/2026.,padaria
Panificadora Panisul,Padaria,4734676837,Joinville,https://www.google.com/maps/place/Panificadora+Panisul/data=!4m7!3m6!1s0x94deae0d145348db:0x9ebda6f46c7821fa!8m2!3d-26.2497404!4d-48.8079015!16s%2Fg%2F11cmyy4s1b!19sChIJ20hTFA2u3pQR-iF4bPSmvZ4,Não,,,Pendente,,,,Não,Google Maps exibe Adicionar website; verificado em 13/08/2026.,padaria
Panificadora e Confeitaria Viana,Padaria,4734342366,Joinville,https://www.google.com/maps/place/Panificadora+e+Confeitaria+Viana/data=!4m7!3m6!1s0x94deb1eece5e4939:0xdf519744b16e41df!8m2!3d-26.2823164!4d-48.8140057!16s%2Fg%2F1tj4cmtx!19sChIJOUlezu6x3pQR30FusUSXUd8,Não,,,Pendente,,,,Não,Google Maps exibe Adicionar website; verificado em 13/08/2026.,padaria
Clara pães e doces,Padaria,4732789549,Joinville,https://www.google.com/maps/place/Clara+p%C3%A3es+e+doces/data=!4m7!3m6!1s0x94deb1e5f5069895:0x9f4989119a216ce2!8m2!3d-26.2789739!4d-48.8138969!16s%2Fg%2F1tfg8v09!19sChIJlZgG9eWx3pQR4mwhmhGJSZ8,Não,,,Pendente,,,,Não,Google Maps exibe Adicionar website; verificado em 13/08/2026.,padaria
Cantinho do Pão,Padaria,47997406867,Joinville,https://www.google.com/maps/place/Cantinho+do+P%C3%A3o/data=!4m7!3m6!1s0x94deb3865a0c583d:0xf3efdaf9cfcb5977!8m2!3d-26.261749!4d-48.8008787!16s%2Fg%2F11r_fjzzpf!19sChIJPVgMWoaz3pQRd1nLz_na7_M,Não,,,Pendente,,,,Não,Google Maps exibe Adicionar website; verificado em 13/08/2026.,padaria
Panificadora e Confeitaria Alice,Padaria,47996808862,Joinville,https://www.google.com/maps/place/Panificadora+e+Confeitaria+Alice/data=!4m7!3m6!1s0x94deafdfcdcfb393:0xcc234169343a1d!8m2!3d-26.2569166!4d-48.810519!16s%2Fg%2F11nmcs1_qz!19sChIJk7PPzd-v3pQRHTo0aUEjzAA,Não,,,Pendente,,,,Não,Google Maps exibe Adicionar website; verificado em 13/08/2026.,padaria
Pães e Doces Faust,Padaria,47996613208,Joinville,https://www.google.com/maps/place/P%C3%A3es+e+Doces+Faust/data=!4m7!3m6!1s0x94deb1ff8f8545b1:0x8eac038f3e77ab8!8m2!3d-26.2667704!4d-48.8002307!16s%2Fg%2F11fps76snn!19sChIJsUWFj_-x3pQRuHrn8zjA6gg,Não,,,Pendente,,,,Não,Google Maps exibe Adicionar website; verificado em 13/08/2026.,padaria
Confeitaria Delícias Alemãs,Padaria,47988044781,Joinville,https://www.google.com/maps/place/Confeitaria+Del%C3%ADcias+Alem%C3%A3s/data=!4m7!3m6!1s0x94deafd696de48bd:0x441f64316aba0286!8m2!3d-26.2666238!4d-48.8210633!16s%2Fg%2F11lcxy4r_s!19sChIJvUjeltav3pQRhgK6ajFkH0Q,Não,,,Pendente,,,,Não,Google Maps exibe Adicionar website; verificado em 13/08/2026.,padaria
Kalfels Panificadora e Mercado,Padaria,4734320435,Joinville,https://www.google.com/maps/place/Kalfels+Panificadora+e+Mercado/data=!4m7!3m6!1s0x94deb197436dd613:0xe66aa811bc87dd74!8m2!3d-26.2989035!4d-48.8155616!16s%2Fg%2F11b88zbs2b!19sChIJE9ZtQ5ex3pQRdN2HvBGoauY,Não,,,Pendente,,,,Não,Google Maps exibe Adicionar website; verificado em 13/08/2026.,padaria
Aroma Padaria e Confeitaria,Padaria,47988349778,Joinville,https://www.google.com/maps/place/Aroma+Padaria+e+Confeitaria/data=!4m7!3m6!1s0x94deb1a6bb524885:0x455ddd9874c9b5bb!8m2!3d-26.3116021!4d-48.8357614!16s%2Fg%2F11y6pz6phh!19sChIJhUhSu6ax3pQRu7XJdJjdXUU,Não,,,Pendente,,,,Não,Google Maps exibe Adicionar website; verificado em 13/08/2026.,padaria
Panificadora Pires,Padaria,4730314494,Joinville,https://www.google.com/maps/place/Panificadora+Pires/data=!4m7!3m6!1s0x94deb1f3a08b87d7:0xeb614ed444cd6d45!8m2!3d-26.2849866!4d-48.7932729!16s%2Fg%2F11c5g__c0x!19sChIJ14eLoPOx3pQRRW3NRNROYes,Não,,,Pendente,,,,Não,Google Maps exibe Adicionar website; verificado em 13/08/2026.,padaria
Mercado Mondini II,Padaria,4732072268,Joinville,https://www.google.com/maps/place/Mercado+Mondini+II/data=!4m7!3m6!1s0x94deb21fb8e804c1:0xf8d5c6a6f6441873!8m2!3d-26.2822824!4d-48.7981607!16s%2Fg%2F11bv5v589q!19sChIJwQTouB-y3pQRcxhE9qbG1fg,Não,,,Pendente,,,,Não,Google Maps exibe Adicionar website; verificado em 13/08/2026.,padaria
Padaria e Confeitaria Valentins,Padaria,47984241391,Joinville,https://www.google.com/maps/place/Padaria+e+Confeitaria+Valentins/data=!4m7!3m6!1s0x94deb1d6dceae895:0x35b6079a77c3b5b6!8m2!3d-26.2838439!4d-48.8060109!16s%2Fg%2F11vygr4v8f!19sChIJlejq3Nax3pQRtrXDd5oHtjU,Não,,,Pendente,,,,Não,Google Maps exibe Adicionar website; verificado em 13/08/2026.,padaria
Padaria Nossa Sra. Aparecida,Padaria,4732272343,Joinville,https://www.google.com/maps/place/Padaria+Nossa+Sra.+Aparecida/data=!4m7!3m6!1s0x94deb1100a435559:0x8e541db3d10209db!8m2!3d-26.3249377!4d-48.8295729!16s%2Fg%2F11b825vxdd!19sChIJWVVDChCx3pQR2wkC0bMdVI4,Não,,,Pendente,,,,Não,Google Maps exibe Adicionar website; verificado em 13/08/2026.,padaria
Padaria Queiroz,Padaria,47996518229,Joinville,https://www.google.com/maps/place/Padaria+Queiroz/data=!4m7!3m6!1s0x94deaf311cca639f:0xbd55303495c177fa!8m2!3d-26.2664346!4d-48.80821!16s%2Fg%2F11mz4qnbm5!19sChIJn2PKHDGv3pQR-nfBlTQwVb0,Não,,,Pendente,,,,Não,Google Maps exibe Adicionar website; verificado em 13/08/2026.,padaria
Besser - Confeitaria & Panificação,Padaria,4734382357,Joinville,https://www.google.com/maps/place/Besser+-+Confeitaria+%26+Panifica%C3%A7%C3%A3o/data=!4m7!3m6!1s0x94deb1044942f3c3:0xbf4d1ad9dde22906!8m2!3d-26.3214052!4d-48.8325748!16s%2Fg%2F11b8258rcs!19sChIJw_NCSQSx3pQRBini3dkaTb8,Não,,,Pendente,,,,Não,Google Maps exibe Adicionar website; verificado em 13/08/2026.,padaria
Panificadora Melani,Padaria,47999030537,Joinville,https://www.google.com/maps/place/Panificadora+Melani/data=!4m7!3m6!1s0x94deb4704eca6815:0x17c16367cc77d4fe!8m2!3d-26.3411225!4d-48.7713618!16s%2Fg%2F11gdqpbv1c!19sChIJFWjKTnC03pQR_tR3zGdjwRc,Não,,,Pendente,,,,Não,Google Maps exibe Adicionar website; verificado em 13/08/2026.,padaria
Panificadora e confeitaria dos Anjos Bakery,Padaria,47996019698,Joinville,https://www.google.com/maps/place/Panificadora+e+confeitaria+dos+Anjos+Bakery/data=!4m7!3m6!1s0x94deb40342473db7:0x8e830dd8ce3f1127!8m2!3d-26.3495939!4d-48.7951804!16s%2Fg%2F11b87w8mwv!19sChIJtz1HQgO03pQRJxE_ztgNg44,Não,,,Pendente,,,,Não,Google Maps exibe Adicionar website; verificado em 13/08/2026.,padaria
Panificadora Copan,Padaria,47996955891,Joinville,https://www.google.com/maps/place/Panificadora+Copan/data=!4m7!3m6!1s0x94deb52a5eddb1b7:0xcf7b29b1e4d13418!8m2!3d-26.3526935!4d-48.7798347!16s%2Fg%2F11gybkp0pr!19sChIJt7HdXiq13pQRGDTR5LEpe88,Não,,,Pendente,,,,Não,Google Maps exibe Adicionar website; verificado em 13/08/2026.,padaria
Panificadora Village,Padaria,4730854435,Joinville,https://www.google.com/maps/place/Panificadora+Village/data=!4m7!3m6!1s0x94deb472a9eb74df:0xff672b7e2d8c58d0!8m2!3d-26.3449402!4d-48.7789931!16s%2Fg%2F11fhyt9fc3!19sChIJ33TrqXK03pQR0FiMLX4rZ_8,Não,,,Pendente,,,,Não,Google Maps exibe Adicionar website; verificado em 13/08/2026.,padaria
Panificadora Doce Pães,Padaria,47996633171,Joinville,https://www.google.com/maps/place/Panificadora+Doce+P%C3%A3es/data=!4m7!3m6!1s0x94deb46836426fa3:0xc61c216736ef78e0!8m2!3d-26.351042!4d-48.7715024!16s%2Fg%2F11c5284_m8!19sChIJo29CNmi03pQR4HjvNmchHMY,Não,,,Pendente,,,,Não,Google Maps exibe Adicionar website; verificado em 13/08/2026.,padaria
Panificadora Delicatta,Padaria,47999776402,Joinville,https://www.google.com/maps/place/Panificadora+Delicatta/data=!4m7!3m6!1s0x94deb6a477947d31:0xb9ca88e44b38892d!8m2!3d-26.359415!4d-48.8063624!16s%2Fg%2F11bv6px58t!19sChIJMX2Ud6S23pQRLYk4S-SIyrk,Não,,,Pendente,,,,Não,Google Maps exibe Adicionar website; verificado em 13/08/2026.,padaria
Panificadora e Mercearia Angelina,Padaria,4734637949,Joinville,https://www.google.com/maps/place/Panificadora+e+Mercearia+Angelina/data=!4m7!3m6!1s0x94deb414905d752f:0x5e833a4ecf86c37d!8m2!3d-26.351095!4d-48.7812201!16s%2Fg%2F11c58tjmz1!19sChIJL3VdkBS03pQRfcOGz046g14,Não,,,Pendente,,,,Não,Google Maps exibe Adicionar website; verificado em 13/08/2026.,padaria
Panificadora Family,Padaria,47997558498,Joinville,https://www.google.com/maps/place/Panificadora+Family/data=!4m7!3m6!1s0x94deb53cfc39f6b7:0xc334c68cbfb70cad!8m2!3d-26.3490099!4d-48.7812153!16s%2Fg%2F11syrn61d1!19sChIJt_Y5_Dy13pQRrQy3v4zGNMM,Não,,,Pendente,,,,Não,Google Maps exibe Adicionar website; verificado em 13/08/2026.,padaria
Padaria Doce Sabor,Padaria,47999351477,Joinville,https://www.google.com/maps/place/Padaria+Doce+Sabor/data=!4m7!3m6!1s0x94dea668e8f257f9:0x6a4fde001b0a9344!8m2!3d-26.2086037!4d-48.9084129!16s%2Fg%2F11bzq35dml!19sChIJ-Vfy6Gim3pQRRJMKGwDeT2o,Não,,,Pendente,,,,Não,Google Maps exibe Adicionar website; verificado em 13/08/2026.,padaria
Panificadora Lemke,Padaria,4734240258,Joinville,https://www.google.com/maps/place/Panificadora+Lemke/data=!4m7!3m6!1s0x94dea6685cda7637:0x2de771850d0877da!8m2!3d-26.206862!4d-48.90874!16s%2Fg%2F1td7vbd0!19sChIJN3baXGim3pQR2ncIDYVx5y0,Não,,,Pendente,,,,Não,Google Maps exibe Adicionar website; verificado em 13/08/2026.,padaria
Padaria e Mercado Casarão,Padaria,47997637672,Joinville,https://www.google.com/maps/place/Padaria+e+Mercado+Casar%C3%A3o/data=!4m7!3m6!1s0x94dea71dc062310f:0x2f46777977973ccb!8m2!3d-26.1882712!4d-48.9105848!16s%2Fg%2F11tcs4m0ql!19sChIJDzFiwB2n3pQRyzyXd3l3Ri8,Não,,,Pendente,,,,Não,Google Maps exibe Adicionar website; verificado em 13/08/2026.,padaria
Mercado e Mini Padaria Rio D'una,Padaria,47991280646,Joinville,https://www.google.com/maps/place/Mercado+e+Mini+Padaria+Rio+D%27una/data=!4m7!3m6!1s0x94deb10043033fe9:0x40dcb86b764e9daa!8m2!3d-26.3182999!4d-48.8089732!16s%2Fg%2F11yz_27hy6!19sChIJ6T8DQwCx3pQRqp1Odmu43EA,Não,,,Pendente,,,,Não,Google Maps exibe Adicionar website; verificado em 13/08/2026.,padaria
Édy Mais Panificadora,Padaria,4730855858,Joinville,https://www.google.com/maps/place/%C3%89dy+Mais+Panificadora/data=!4m7!3m6!1s0x94deb341098d60cf:0x9a9d28ae81aea88c!8m2!3d-26.3254845!4d-48.7951996!16s%2Fg%2F11flk152qt!19sChIJz2CNCUGz3pQRjKiuga4onZo,Não,,,Pendente,,,,Não,Google Maps exibe Adicionar website; verificado em 13/08/2026.,padaria
Gi Bolos e Doces Confeitaria e Padaria,Padaria,47996210858,Joinville,https://www.google.com/maps/place/Gi+Bolos+e+Doces+Confeitaria+e+Padaria/data=!4m7!3m6!1s0x94deb1eb37b5884d:0x941a9dd14cbbaa2f!8m2!3d-26.3283539!4d-48.8098611!16s%2Fg%2F11vz75gxhf!19sChIJTYi1N-ux3pQRL6q7TNGdGpQ,Não,,,Pendente,,,,Não,Google Maps exibe Adicionar website; verificado em 13/08/2026.,padaria
Panificadora Paris,Padaria,4734365743,Joinville,https://www.google.com/maps/place/Panificadora+Paris/data=!4m7!3m6!1s0x94deb142ce87d505:0x440ea18dab584d55!8m2!3d-26.3283842!4d-48.8099195!16s%2Fg%2F11ggb4yc5q!19sChIJBdWHzkKx3pQRVU1Yq42hDkQ,Não,,,Pendente,,,,Não,Google Maps exibe Adicionar website; verificado em 13/08/2026.,padaria
Ki-Cuca,Padaria,4730174119,Joinville,https://www.google.com/maps/place/Ki-Cuca/data=!4m7!3m6!1s0x94deb128b1cb54e9:0x7dcedceb13c3011a!8m2!3d-26.3303874!4d-48.8011803!16s%2Fg%2F11j4dv168n!19sChIJ6VTLsSix3pQRGgHDE-vczn0,Não,,,Pendente,,,,Não,Google Maps exibe Adicionar website; verificado em 13/08/2026.,padaria
Confeitos da Jéh,Padaria,47999840584,Joinville,https://www.google.com/maps/place/Confeitos+da+J%C3%A9h/data=!4m7!3m6!1s0x94deb33b9ee6e06d:0x52e39beb6951aeff!8m2!3d-26.3151816!4d-48.7973298!16s%2Fg%2F11jtzdd4c_!19sChIJbeDmnjuz3pQR_65Raeub41I,Não,,,Pendente,,,,Não,Google Maps exibe Adicionar website; verificado em 13/08/2026.,padaria
Panificadora e Confeitaria Bertotti,Padaria,4734172612,Joinville,https://www.google.com/maps/place/Panificadora+e+Confeitaria+Bertotti/data=!4m7!3m6!1s0x94deb6ab747f4e73:0x7ee36e106f9c8a0b!8m2!3d-26.3463191!4d-48.803694!16s%2Fg%2F11bv6pnybh!19sChIJc05_dKu23pQRC4qcbxBu434,Não,,,Pendente,,,,Não,Google Maps exibe Adicionar website; verificado em 13/08/2026.,padaria
Panificadora & Confeitaria Carol,Padaria,4734293573,Joinville,https://www.google.com/maps/place/Panificadora+%26+Confeitaria+Carol/data=!4m7!3m6!1s0x94debaee4fca78c3:0x89a150857bf2bf9c!8m2!3d-26.3295988!4d-48.9072541!16s%2Fg%2F11b8d3sqmz!19sChIJw3jKT-663pQRnL_ye4VQoYk,Não,,,Pendente,,,,Não,Google Maps exibe Adicionar website; verificado em 13/08/2026.,padaria
Doce Tentação Padaria e Confeitaria,Padaria,47999554909,Joinville,https://www.google.com/maps/place/Doce+Tenta%C3%A7%C3%A3o+Padaria+e+Confeitaria/data=!4m7!3m6!1s0x94debaf1bc370e87:0xdc3205a2096072f4!8m2!3d-26.3327185!4d-48.9066211!16s%2Fg%2F11hbgrwrky!19sChIJhw43vPG63pQR9HJgCaIFMtw,Não,,,Pendente,,,,Não,Google Maps exibe Adicionar website; verificado em 13/08/2026.,padaria
Panificadora e confeitaria Marlu Cakes,Padaria,47996891469,Joinville,https://www.google.com/maps/place/Panificadora+e+confeitaria+Marlu+Cakes/data=!4m7!3m6!1s0x94debb1bc3e0d601:0x8ce710198e8d7ac!8m2!3d-26.326747!4d-48.912704!16s%2Fg%2F11t9y3c9k9!19sChIJAdbgwxu73pQRrNfomAFxzgg,Não,,,Pendente,,,,Não,Google Maps exibe Adicionar website; verificado em 13/08/2026.,padaria
Panificadora e confeitaria Bosse,Padaria,47997102489,Joinville,https://www.google.com/maps/place/Panificadora+e+confeitaria+Bosse/data=!4m7!3m6!1s0x94deb1f0ddd33c19:0xbea136487521127c!8m2!3d-26.329738!4d-48.8663522!16s%2Fg%2F11yq210kh0!19sChIJGTzT3fCx3pQRfBIhdUg2ob4,Não,,,Pendente,,,,Não,Google Maps exibe Adicionar website; verificado em 13/08/2026.,padaria
Padaria e Confeitaria DODA,Padaria,47996121468,Joinville,https://www.google.com/maps/place/Padaria+e+Confeitaria+DODA/data=!4m7!3m6!1s0x94deb1ee5f04d08d:0x71c9867df470336!8m2!3d-26.3348706!4d-48.8642591!16s%2Fg%2F11fn0dzgh9!19sChIJjdAEX-6x3pQRNgNH32eYHAc,Não,,,Pendente,,,,Não,Google Maps exibe Adicionar website; verificado em 13/08/2026.,padaria
Sonho de Doces,Confeitaria,47991359452,Joinville,https://www.google.com/maps/place/Sonho+de+Doces/data=!4m7!3m6!1s0x94deb6ea0846e5b1:0x98f1ef26a650859b!8m2!3d-26.37056!4d-48.823918!16s%2Fg%2F11cfhgqwd!19sChIJseVGCOq23pQRm4VQpibv8Zg,Não,,,Pendente,,,,Não,Google Maps exibe Adicionar website; verificado em 13/08/2026.,confeitaria
Carla Thiesen Bolos Gourmet,Confeitaria,47996028919,Joinville,https://www.google.com/maps/place/Carla+Thiesen+Bolos+Gourmet/data=!4m7!3m6!1s0x94deb771c023154d:0xf357927aeaf89016!8m2!3d-26.3710896!4d-48.8188601!16s%2Fg%2F11njvdn2r_!19sChIJTRUjwHG33pQRFpD46nqSV_M,Não,,,Pendente,,,,Não,Google Maps exibe Adicionar website; verificado em 13/08/2026.,confeitaria
Santo Doce Alta Confeitaria,Confeitaria,4734677295,Joinville,https://www.google.com/maps/place/Santo+Doce+Alta+Confeitaria/data=!4m7!3m6!1s0x94deafd3be533663:0x991de2c2ded7d63b!8m2!3d-26.2843722!4d-48.8467401!16s%2Fg%2F11df0603rj!19sChIJYzZTvtOv3pQRO9bX3sLiHZk,Não,,,Pendente,,,,Não,Google Maps exibe Adicionar website; verificado em 13/08/2026.,confeitaria
Delivery Priess Cakes - doces inclusivos,Confeitaria,47989196125,Joinville,https://www.google.com/maps/place/Delivery+Priess+Cakes+-+doces+inclusivos/data=!4m7!3m6!1s0xa62a1f2586d2b827:0x3769289a796ee76c!8m2!3d-26.3080073!4d-48.8470897!16s%2Fg%2F11nnvgt8bg!19sChIJJ7jShiUfKqYRbOdueZooaTc,Não,,,Pendente,,,,Não,Google Maps exibe Adicionar website; verificado em 13/08/2026.,confeitaria
Jubicão Confeitaria Pet,Confeitaria,47991291214,Joinville,https://www.google.com/maps/place/Jubic%C3%A3o+Confeitaria+Pet/data=!4m7!3m6!1s0x94deb1d6a8542845:0xe0db700747f15e37!8m2!3d-26.3147019!4d-48.8538404!16s%2Fg%2F11hzgpm9b8!19sChIJRShUqNax3pQRN17xRwdw2-A,Não,,,Pendente,,,,Não,Google Maps exibe Adicionar website; verificado em 13/08/2026.,confeitaria
Dolce Fino - Viviane Vale,Confeitaria,47991118020,Joinville,https://www.google.com/maps/place/Dolce+Fino+-+Viviane+Vale/data=!4m7!3m6!1s0x94deb1093ca16431:0xa0e497eae8236249!8m2!3d-26.3233444!4d-48.855816!16s%2Fg%2F11j6sd8t6g!19sChIJMWShPAmx3pQRSWIj6OqX5KA,Não,,,Pendente,,,,Não,Google Maps exibe Adicionar website; verificado em 13/08/2026.,confeitaria
Doce Encanto Bistro,Confeitaria,47988903716,Joinville,https://www.google.com/maps/place/Doce+Encanto+Bistro/data=!4m7!3m6!1s0x94deb12e67165423:0xb74f188f4e9efe67!8m2!3d-26.3162556!4d-48.859974!16s%2Fg%2F11yvy132bb!19sChIJI1QWZy6x3pQRZ_6eTo8YT7c,Não,,,Pendente,,,,Não,Google Maps exibe Adicionar website; verificado em 13/08/2026.,confeitaria
Quitutes Caseiros Naru,Confeitaria,4734386699,Joinville,https://www.google.com/maps/place/Quitutes+Caseiros+Naru/data=!4m7!3m6!1s0x94deb18481732bc1:0xccb4749e788de03e!8m2!3d-26.3213751!4d-48.8676599!16s%2Fg%2F11h75skpt8!19sChIJwStzgYSx3pQRPuCNeJ50tMw,Não,,,Pendente,,,,Não,Google Maps exibe Adicionar website; verificado em 13/08/2026.,confeitaria
Babi Bakery,Confeitaria,47984639278,Joinville,https://www.google.com/maps/place/Babi+Bakery/data=!4m7!3m6!1s0x94deb1dcfd5ffdc1:0x5db2e99200ec2391!8m2!3d-26.3145503!4d-48.8520723!16s%2Fg%2F11q255jcgm!19sChIJwf1f_dyx3pQRkSPsAJLpsl0,Não,,,Pendente,,,,Não,Google Maps exibe Adicionar website; verificado em 13/08/2026.,confeitaria
Jô Doces - Confeitaria Afetiva,Confeitaria,47992544510,Joinville,https://www.google.com/maps/place/J%C3%B4+Doces+-+Confeitaria+Afetiva/data=!4m7!3m6!1s0x94deb1c1f6d6c975:0x1cba9d3b2e30dd37!8m2!3d-26.2911745!4d-48.8407808!16s%2Fg%2F11z7t724s2!19sChIJdcnW9sGx3pQRN90wLjuduhw,Não,,,Pendente,,,,Não,Google Maps exibe Adicionar website; verificado em 13/08/2026.,confeitaria
Sany Doces e Salgados,Confeitaria,47997561303,Joinville,https://www.google.com/maps/place/Sany+Doces+e+Salgados/data=!4m7!3m6!1s0x94deafd0e15ee39f:0xfdddda3cad422744!8m2!3d-26.2748861!4d-48.8476467!16s%2Fg%2F1tctstv0!19sChIJn-Ne4dCv3pQRRCdCrTza3f0,Não,,,Pendente,,,,Não,Google Maps exibe Adicionar website; verificado em 13/08/2026.,confeitaria
Queiroga Padaria,Confeitaria,47997297762,Joinville,https://www.google.com/maps/place/Queiroga+Padaria/data=!4m7!3m6!1s0x94dea52fc5997fb9:0x3b4434bb5e9c8d04!8m2!3d-26.2766682!4d-48.8843057!16s%2Fg%2F11rbytkg91!19sChIJuX-ZxS-l3pQRBI2cXrs0RDs,Não,,,Pendente,,,,Não,Google Maps exibe Adicionar website; verificado em 13/08/2026.,confeitaria
Feito Alegria Doces Artesanais,Confeitaria,47999866165,Joinville,https://www.google.com/maps/place/Feito+Alegria+Doces+Artesanais/data=!4m7!3m6!1s0x1239fdad5142fc1:0xd53ad9456fbb9238!8m2!3d-26.2688064!4d-48.8709643!16s%2Fg%2F11v3jdy26l!19sChIJwS8U1dqfIwEROJK7b0XZOtU,Não,,,Pendente,,,,Não,Google Maps exibe Adicionar website; verificado em 13/08/2026.,confeitaria
The Cake's,Confeitaria,4734361104,Joinville,https://www.google.com/maps/place/The+Cake%27s/data=!4m7!3m6!1s0x94deaf5624d023b7:0x7a89e8e1819b6467!8m2!3d-26.2831536!4d-48.8758466!16s%2Fg%2F11p59d1wsc!19sChIJtyPQJFav3pQRZ2SbgeHoiXo,Não,,,Pendente,,,,Não,Google Maps exibe Adicionar website; verificado em 13/08/2026.,confeitaria
Lázaro doces,Confeitaria,47992220179,Joinville,https://www.google.com/maps/place/L%C3%A1zaro+doces/data=!4m7!3m6!1s0x94dea5799d0f2059:0xc91a7b0ddf858c34!8m2!3d-26.268006!4d-48.8833362!16s%2Fg%2F11pyj9k1gf!19sChIJWSAPnXml3pQRNIyF3w17Gsk,Não,,,Pendente,,,,Não,Google Maps exibe Adicionar website; verificado em 13/08/2026.,confeitaria
Doces Marotos da Danni,Confeitaria,4738045393,Joinville,https://www.google.com/maps/place/Doces+Marotos+da+Danni/data=!4m7!3m6!1s0x94dea564a52ed53f:0x52d288ccba941629!8m2!3d-26.2662222!4d-48.8856324!16s%2Fg%2F11c51w6d8c!19sChIJP9UupWSl3pQRKRaUusyI0lI,Não,,,Pendente,,,,Não,Google Maps exibe Adicionar website; verificado em 13/08/2026.,confeitaria
KAIBARA Doces Orientais,Confeitaria,47997765929,Joinville,https://www.google.com/maps/place/KAIBARA+Doces+Orientais/data=!4m7!3m6!1s0x94deaf920afc20ab:0xc36f2757b611eecc!8m2!3d-26.2727043!4d-48.8870318!16s%2Fg%2F11xgpbvr2g!19sChIJqyD8CpKv3pQRzO4Rtlcnb8M,Não,,,Pendente,,,,Não,Google Maps exibe Adicionar website; verificado em 13/08/2026.,confeitaria
Banoffee Cake,Confeitaria,47988924778,Joinville,https://www.google.com/maps/place/Banoffee+Cake/data=!4m7!3m6!1s0x94deb12d06705801:0x90a4e45cad1ad1b!8m2!3d-26.2849807!4d-48.8691853!16s%2Fg%2F11sx0t146k!19sChIJAVhwBi2x3pQRG63RykVOCgk,Não,,,Pendente,,,,Não,Google Maps exibe Adicionar website; verificado em 13/08/2026.,confeitaria
Divino confeitaria,Confeitaria,47991284903,Joinville,https://www.google.com/maps/place/Divino+confeitaria/data=!4m7!3m6!1s0x94dea50055e31035:0xf56ac8ac751168f5!8m2!3d-26.2923025!4d-48.9078192!16s%2Fg%2F11mkzxtd5q!19sChIJNRDjVQCl3pQR9WgRdazIavU,Não,,,Pendente,,,,Não,Google Maps exibe Adicionar website; verificado em 13/08/2026.,confeitaria
"Sim, quero doce",Confeitaria,47997091167,Joinville,"https://www.google.com/maps/place/Sim,+quero+doce/data=!4m7!3m6!1s0x94dea5378a8fbb43:0xf02976b26dd10194!8m2!3d-26.2917682!4d-48.9134735!16s%2Fg%2F11zb1mc8_z!19sChIJQ7uPijel3pQRlAHRbbJ2KfA",Não,,,Pendente,,,,Não,Google Maps exibe Adicionar website; verificado em 13/08/2026.,confeitaria
Mary Doces e artesanatos,Confeitaria,47996471186,Joinville,https://www.google.com/maps/place/Mary+Doces+e+artesanatos/data=!4m7!3m6!1s0x94dea5c32eae9219:0x601821535b097aad!8m2!3d-26.2949861!4d-48.9000419!16s%2Fg%2F11njspz62z!19sChIJGZKuLsOl3pQRrXoJW1MhGGA,Não,,,Pendente,,,,Não,Google Maps exibe Adicionar website; verificado em 13/08/2026.,confeitaria
Arte de Açúcar,Confeitaria,47999174541,Joinville,https://www.google.com/maps/place/Arte+de+A%C3%A7%C3%BAcar/data=!4m7!3m6!1s0x94dea53412f08449:0x1f6e7eff378c5b7e!8m2!3d-26.2758728!4d-48.9033776!16s%2Fg%2F11p5hrjgw1!19sChIJSYTwEjSl3pQRfluMN_9-bh8,Não,,,Pendente,,,,Não,Google Maps exibe Adicionar website; verificado em 13/08/2026.,confeitaria
Pink Doces Finos,Confeitaria,47992889505,Joinville,https://www.google.com/maps/place/Pink+Doces+Finos/data=!4m7!3m6!1s0x94deb1e456089bf3:0x9ac641f16618f29a!8m2!3d-26.3470368!4d-48.8536747!16s%2Fg%2F11wfg2z557!19sChIJ85sIVuSx3pQRmvIYZvFBxpo,Não,,,Pendente,,,,Não,Google Maps exibe Adicionar website; verificado em 13/08/2026.,confeitaria
CANTINHO DA TIA,Confeitaria,47988161386,Joinville,https://www.google.com/maps/place/CANTINHO+DA+TIA/data=!4m7!3m6!1s0x94deb180b1c49ad9:0x765b87eb3c284c2a!8m2!3d-26.3371208!4d-48.8442479!16s%2Fg%2F11z4_cyhfn!19sChIJ2ZrEsYCx3pQRKkwoPOuHW3Y,Não,,,Pendente,,,,Não,Google Maps exibe Adicionar website; verificado em 13/08/2026.,confeitaria
Nany confeitaria,Confeitaria,47984216085,Joinville,https://www.google.com/maps/place/Nany+confeitaria/data=!4m7!3m6!1s0x94deb179055a1b75:0xa8f58d8ac3cb2a31!8m2!3d-26.3404056!4d-48.8542434!16s%2Fg%2F11vhw70l97!19sChIJdRtaBXmx3pQRMSrLw4qN9ag,Não,,,Pendente,,,,Não,Google Maps exibe Adicionar website; verificado em 13/08/2026.,confeitaria
Brigaderia 47,Confeitaria,47996503017,Joinville,https://www.google.com/maps/place/Brigaderia+47/data=!4m7!3m6!1s0x94deb11b3061a3bb:0x610beee1b6f2ca00!8m2!3d-26.335187!4d-48.8549708!16s%2Fg%2F11sbh8d59t!19sChIJu6NhMBux3pQRAMrytuHuC2E,Não,,,Pendente,,,,Não,Google Maps exibe Adicionar website; verificado em 13/08/2026.,confeitaria
Kristal Doces,Confeitaria,47920001904,Joinville,https://www.google.com/maps/place/Kristal+Doces/data=!4m7!3m6!1s0x94deb1e3ab193e41:0xa05298e2d3a8cd9!8m2!3d-26.3351759!4d-48.8549623!16s%2Fg%2F11yhkc14yq!19sChIJQT4Zq-Ox3pQR2Yw6LY4pBQo,Não,,,Pendente,,,,Não,Google Maps exibe Adicionar website; verificado em 13/08/2026.,confeitaria
Wilma Doces e Salgados,Confeitaria,4734267653,Joinville,https://www.google.com/maps/place/Wilma+Doces+e+Salgados/data=!4m7!3m6!1s0x94deb0e6c9629f05:0xfdffcf5f43e10f80!8m2!3d-26.3351562!4d-48.8444238!16s%2Fg%2F11h1jd62_!19sChIJBZ9iyeaw3pQRgA_hQ1_P__0,Não,,,Pendente,,,,Não,Google Maps exibe Adicionar website; verificado em 13/08/2026.,confeitaria
Doces e Salgados Cláudia,Confeitaria,4734360161,Joinville,https://www.google.com/maps/place/Doces+e+Salgados+Cl%C3%A1udia/data=!4m7!3m6!1s0x94deb0954ede45a7:0x57af845963f2e3f!8m2!3d-26.3427338!4d-48.8602815!16s%2Fg%2F1v75t1j5!19sChIJp0XeTpWw3pQRPy4_lkX4egU,Não,,,Pendente,,,,Não,Google Maps exibe Adicionar website; verificado em 13/08/2026.,confeitaria
jv doces artesanais,Confeitaria,47992426314,Joinville,https://www.google.com/maps/place/jv+doces+artesanais/data=!4m7!3m6!1s0x94deb71fb55f339f:0xa01da9d7870a32ea!8m2!3d-26.3744529!4d-48.8280559!16s%2Fg%2F11vx6w3sxl!19sChIJnzNftR-33pQR6jIKh9epHaA,Não,,,Pendente,,,,Não,Google Maps exibe Adicionar website; verificado em 13/08/2026.,confeitaria
Bia Rocha confeitaria,Confeitaria,47999090886,Joinville,https://www.google.com/maps/place/Bia+Rocha+confeitaria/data=!4m7!3m6!1s0x94deb1de0754c42b:0xdb5a310f37069595!8m2!3d-26.3361026!4d-48.8295066!16s%2Fg%2F11hz6t66f8!19sChIJK8RUB96x3pQRlZUGNw8xWts,Não,,,Pendente,,,,Não,Google Maps exibe Adicionar website; verificado em 13/08/2026.,confeitaria
SL Hair Beauty,Salão,47991707995,Joinville,https://www.google.com/maps/place/SL+Hair+Beauty/data=!4m7!3m6!1s0x94deb77baa5d2d8b:0xc3d22381272708c2!8m2!3d-26.3636081!4d-48.8292269!16s%2Fg%2F11nxpqk2lw!19sChIJiy1dqnu33pQRwggnJ4Ej0sM,Não,,,Pendente,,,,Não,Google Maps exibe Adicionar website; verificado em 13/08/2026.,salao
Mademoiselle Studio de Beleza,Salão,47991999171,Joinville,https://www.google.com/maps/place/Mademoiselle+Studio+de+Beleza/data=!4m7!3m6!1s0x94deb71068836b75:0xa7363cbcf90d440c!8m2!3d-26.3688695!4d-48.828005!16s%2Fg%2F11t0r_r3n0!19sChIJdWuDaBC33pQRDEQN-bw8Nqc,Não,,,Pendente,,,,Não,Google Maps exibe Adicionar website; verificado em 13/08/2026.,salao
Studio de Beleza,Salão,47999541316,Joinville,https://www.google.com/maps/place/Studio+de+Beleza/data=!4m7!3m6!1s0x94deb6cfbac4b1ff:0x4a109b2aa80151d3!8m2!3d-26.360412!4d-48.8278865!16s%2Fg%2F11rhdsfr61!19sChIJ_7HEus-23pQR01EBqCqbEEo,Não,,,Pendente,,,,Não,Google Maps exibe Adicionar website; verificado em 13/08/2026.,salao
Espaço da Beleza Daiane Lofy,Salão,47999966668,Joinville,https://www.google.com/maps/place/Espa%C3%A7o+da+Beleza+Daiane+Lofy/data=!4m7!3m6!1s0x94deb1d62cf22f65:0xe53aefbd30dca92e!8m2!3d-26.3464451!4d-48.8316653!16s%2Fg%2F11f9wqc12f!19sChIJZS_yLNax3pQRLqncML3vOuU,Não,,,Pendente,,,,Não,Google Maps exibe Adicionar website; verificado em 13/08/2026.,salao
Kalahari Cαbeleireiros Especializados em Noivas,Salão,47997760381,Joinville,https://www.google.com/maps/place/Kalahari+C%CE%B1beleireiros+Especializados+em+Noivas/data=!4m7!3m6!1s0x94deb6c77ea4ed0f:0x7587ff82515e8130!8m2!3d-26.3510166!4d-48.8188806!16s%2Fg%2F1tdp65px!19sChIJD-2kfse23pQRMIFeUYL_h3U,Não,,,Pendente,,,,Não,Google Maps exibe Adicionar website; verificado em 13/08/2026.,salao
Espaço da Beleza Paola Murtinho,Salão,47996421484,Joinville,https://www.google.com/maps/place/Espa%C3%A7o+da+Beleza+Paola+Murtinho/data=!4m7!3m6!1s0x94deb79a07b8eb2f:0xd26bacf62317e4cb!8m2!3d-26.3543065!4d-48.8292284!16s%2Fg%2F11nmls6b6g!19sChIJL-u4B5q33pQRy-QXI_asa9I,Não,,,Pendente,,,,Não,Google Maps exibe Adicionar website; verificado em 13/08/2026.,salao
Studio Fran Kersten,Salão,47996610196,Joinville,https://www.google.com/maps/place/Studio+Fran+Kersten/data=!4m7!3m6!1s0x94deb788f99e0fd7:0xabfac9deb4e9e2be!8m2!3d-26.3685421!4d-48.8229975!16s%2Fg%2F11nqc63ygf!19sChIJ1w-e-Yi33pQRvuLptN7J-qs,Não,,,Pendente,,,,Não,Google Maps exibe Adicionar website; verificado em 13/08/2026.,salao
Pura Beleza,Salão,4734363483,Joinville,https://www.google.com/maps/place/Pura+Beleza/data=!4m7!3m6!1s0x94deb12daf222201:0x896ba978c594e9b8!8m2!3d-26.3509387!4d-48.8317023!16s%2Fg%2F11b88z2vmw!19sChIJASIiry2x3pQRuOmUxXipa4k,Não,,,Pendente,,,,Não,Google Maps exibe Adicionar website; verificado em 13/08/2026.,salao
Espaço Ana Smak | Salão de Beleza | Joinville,Salão,47992228993,Joinville,https://www.google.com/maps/place/Espa%C3%A7o+Ana+Smak+%7C+Sal%C3%A3o+de+Beleza+%7C+Joinville/data=!4m7!3m6!1s0x94deb1428b2e68bb:0x2da86085dd0d05d!8m2!3d-26.3367426!4d-48.8442908!16s%2Fg%2F11lmnhrp6d!19sChIJu2gui0Kx3pQRXdDQXQiG2gI,Não,,,Pendente,,,,Não,Google Maps exibe Adicionar website; verificado em 13/08/2026.,salao
"Conceito Joice Santana | Salão de Beleza, Cabeleireira e Estética Feminina",Salão,47991106781,Joinville,"https://www.google.com/maps/place/Conceito+Joice+Santana+%7C+Sal%C3%A3o+de+Beleza,+Cabeleireira+e+Est%C3%A9tica+Feminina/data=!4m7!3m6!1s0x94deb19b06f3f1fd:0xf26bd6d30ae0cec!8m2!3d-26.3518822!4d-48.8317403!16s%2Fg%2F11l5t_crrb!19sChIJ_fHzBpux3pQR7AyuMG29Jg8",Não,,,Pendente,,,,Não,Google Maps exibe Adicionar website; verificado em 13/08/2026.,salao
Salão de Beleza Entre Elas,Salão,47997605731,Joinville,https://www.google.com/maps/place/Sal%C3%A3o+de+Beleza+Entre+Elas/data=!4m7!3m6!1s0x94deb18342c8944b:0xf7c5d15b4e8ab3fd!8m2!3d-26.3320284!4d-48.8468837!16s%2Fg%2F11fmlg6krq!19sChIJS5TIQoOx3pQR_bOKTlvRxfc,Não,,,Pendente,,,,Não,Google Maps exibe Adicionar website; verificado em 13/08/2026.,salao
Celi Cabeleireira,Salão,4732273295,Joinville,https://www.google.com/maps/place/Celi+Cabeleireira/data=!4m7!3m6!1s0x94deb6c492ef513b:0xcead73a9519ff55e!8m2!3d-26.3658861!4d-48.8279162!16s%2Fg%2F11bvctv1dy!19sChIJO1HvksS23pQRXvWfUalzrc4,Não,,,Pendente,,,,Não,Google Maps exibe Adicionar website; verificado em 13/08/2026.,salao
Rosete Cabeleireira,Salão,47991143878,Joinville,https://www.google.com/maps/place/Rosete+Cabeleireira/data=!4m7!3m6!1s0x94deb6d1b4f60a5b:0xd561e62137f1dd7!8m2!3d-26.3606955!4d-48.8311544!16s%2Fg%2F11bv6psldl!19sChIJWwr2tNG23pQR1x1_E2IeVg0,Não,,,Pendente,,,,Não,Google Maps exibe Adicionar website; verificado em 13/08/2026.,salao
Noeli Cabeleireira,Salão,47999474924,Joinville,https://www.google.com/maps/place/Noeli+Cabeleireira/data=!4m7!3m6!1s0x94deb70b05c2686d:0xd8692fd544ef51ee!8m2!3d-26.3660479!4d-48.8278884!16s%2Fg%2F11q4c579f4!19sChIJbWjCBQu33pQR7lHvRNUvadg,Não,,,Pendente,,,,Não,Google Maps exibe Adicionar website; verificado em 13/08/2026.,salao
Nileine (Lene) Cabeleireira,Salão,47991322291,Joinville,https://www.google.com/maps/place/Nileine+%28Lene%29+Cabeleireira/data=!4m7!3m6!1s0x94deb73d51884a87:0x973bdc590e39951c!8m2!3d-26.3615773!4d-48.8249076!16s%2Fg%2F11sff5h0s3!19sChIJh0qIUT233pQRHJU5DlncO5c,Não,,,Pendente,,,,Não,Google Maps exibe Adicionar website; verificado em 13/08/2026.,salao
Luís Cabeleireiro,Salão,47996386676,Joinville,https://www.google.com/maps/place/Lu%C3%ADs+Cabeleireiro/data=!4m7!3m6!1s0x94deb6cf5d15c61d:0x50437f9e277a6404!8m2!3d-26.3608961!4d-48.8257992!16s%2Fg%2F11cnbrtcbr!19sChIJHcYVXc-23pQRBGR6J55_Q1A,Não,,,Pendente,,,,Não,Google Maps exibe Adicionar website; verificado em 13/08/2026.,salao
Niko Cabeleireiro,Salão,47933869516,Joinville,https://www.google.com/maps/place/Niko+Cabeleireiro/data=!4m7!3m6!1s0x94deb1f18fe786b7:0x8938698ef8363520!8m2!3d-26.3605537!4d-48.8286213!16s%2Fg%2F11bv3vxpzz!19sChIJt4bnj_Gx3pQRIDU2-I5pOIk,Não,,,Pendente,,,,Não,Google Maps exibe Adicionar website; verificado em 13/08/2026.,salao
Odair Cabeleireiros,Salão,4734638687,Joinville,https://www.google.com/maps/place/Odair+Cabeleireiros/data=!4m7!3m6!1s0x94deb6d24e35af33:0x5981f9aba35c2aab!8m2!3d-26.3569211!4d-48.8317011!16s%2Fg%2F11b8b40k_v!19sChIJM681TtK23pQRqypco6v5gVk,Não,,,Pendente,,,,Não,Google Maps exibe Adicionar website; verificado em 13/08/2026.,salao
Ju Cabeleireira,Salão,4734382797,Joinville,https://www.google.com/maps/place/Ju+Cabeleireira/data=!4m7!3m6!1s0x94deb6c67b0fbbd1:0x5e0c88f31a524d45!8m2!3d-26.3628493!4d-48.8241465!16s%2Fg%2F11bv6pgydg!19sChIJ0bsPe8a23pQRRU1SGvOIDF4,Não,,,Pendente,,,,Não,Google Maps exibe Adicionar website; verificado em 13/08/2026.,salao
Ele e Ela Espaço da beleza,Salão,47996615292,Joinville,https://www.google.com/maps/place/Ele+e+Ela+Espa%C3%A7o+da+beleza/data=!4m7!3m6!1s0x94deb049ec292ce9:0xa670fbe1fd5bbac0!8m2!3d-26.3009653!4d-48.8464121!16s%2Fg%2F11b81s3834!19sChIJ6Swp7Emw3pQRwLpb_eH7cKY,Não,,,Pendente,,,,Não,Google Maps exibe Adicionar website; verificado em 13/08/2026.,salao
Salão de Beleza Mh,Salão,4730264840,Joinville,https://www.google.com/maps/place/Sal%C3%A3o+de+Beleza+Mh/data=!4m7!3m6!1s0x94deb049caf594e7:0x4f5cb10d9aa605a8!8m2!3d-26.3016912!4d-48.8464287!16s%2Fg%2F11bv1n2hy9!19sChIJ55T1ykmw3pQRqAWmmg2xXE8,Não,,,Pendente,,,,Não,Google Maps exibe Adicionar website; verificado em 13/08/2026.,salao
Elis Camargo Studio de Beleza Joinville,Salão,47996429212,Joinville,https://www.google.com/maps/place/Elis+Camargo+Studio+de+Beleza+Joinville/data=!4m7!3m6!1s0x94deb13482f805f3:0x3b88f9b39681ed48!8m2!3d-26.3021567!4d-48.84594!16s%2Fg%2F11pzgp4llq!19sChIJ8wX4gjSx3pQRSO2BlrP5iDs,Não,,,Pendente,,,,Não,Google Maps exibe Adicionar website; verificado em 13/08/2026.,salao
Espaço Beauty Princesa,Salão,47997307033,Joinville,https://www.google.com/maps/place/Espa%C3%A7o+Beauty+Princesa/data=!4m7!3m6!1s0x94dea5ad70b5985f:0x652b3a93e209a565!8m2!3d-26.300108!4d-48.846701!16s%2Fg%2F11n78pm5tv!19sChIJX5i1cK2l3pQRZaUJ4pM6K2U,Não,,,Pendente,,,,Não,Google Maps exibe Adicionar website; verificado em 13/08/2026.,salao
Central da Beleza Cabeleireiros,Salão,4734338726,Joinville,https://www.google.com/maps/place/Central+da+Beleza+Cabeleireiros/data=!4m7!3m6!1s0x94deb04e82d5bfe3:0x271e2edaae0776a!8m2!3d-26.3069618!4d-48.8447406!16s%2Fg%2F1vxvj_qp!19sChIJ47_Vgk6w3pQRanfgqu3icQI,Não,,,Pendente,,,,Não,Google Maps exibe Adicionar website; verificado em 13/08/2026.,salao
Hermes Cabeleireiros,Salão,47999509153,Joinville,https://www.google.com/maps/place/Hermes+Cabeleireiros/data=!4m7!3m6!1s0x94deb030617f0569:0x68f6a54e3aefc44a!8m2!3d-26.2981224!4d-48.8457361!16s%2Fg%2F11b81t_tbb!19sChIJaQV_YTCw3pQRSsTvOk6l9mg,Não,,,Pendente,,,,Não,Google Maps exibe Adicionar website; verificado em 13/08/2026.,salao
Laci Hair,Salão,47997619502,Joinville,https://www.google.com/maps/place/Laci+Hair/data=!4m7!3m6!1s0x94deb13c8c4e83d1:0xad58d0d9952c7157!8m2!3d-26.3071736!4d-48.8413964!16s%2Fg%2F11zh8pgmdd!19sChIJ0YNOjDyx3pQRV3EsldnQWK0,Não,,,Pendente,,,,Não,Google Maps exibe Adicionar website; verificado em 13/08/2026.,salao
EJ Salão de Beleza - Joinville,Salão,47999183356,Joinville,https://www.google.com/maps/place/EJ+Sal%C3%A3o+de+Beleza+-+Joinville/data=!4m7!3m6!1s0x94deaf5ac2762fb3:0x469414f793baf04!8m2!3d-26.2784638!4d-48.853389!16s%2Fg%2F11l5tngsq2!19sChIJsy92wlqv3pQRBK87eU9BaQQ,Não,,,Pendente,,,,Não,Google Maps exibe Adicionar website; verificado em 13/08/2026.,salao
Alê Leão & Lucas Ferreira,Salão,47999205282,Joinville,https://www.google.com/maps/place/Al%C3%AA+Le%C3%A3o+%26+Lucas+Ferreira/data=!4m7!3m6!1s0x94deb154f78e7d47:0x895e27851d609537!8m2!3d-26.2954939!4d-48.8517496!16s%2Fg%2F11b81rpqxd!19sChIJR32O91Sx3pQRN5VgHYUnXok,Não,,,Pendente,,,,Não,Google Maps exibe Adicionar website; verificado em 13/08/2026.,salao
Hannie Muniz Studio de Cabelos,Salão,47989013236,Joinville,https://www.google.com/maps/place/Hannie+Muniz+Studio+de+Cabelos/data=!4m7!3m6!1s0x94deb11f32cd78c7:0xffd4a857f3b9b895!8m2!3d-26.2867378!4d-48.8453785!16s%2Fg%2F11l1yk02zh!19sChIJx3jNMh-x3pQRlbi581eo1P8,Não,,,Pendente,,,,Não,Google Maps exibe Adicionar website; verificado em 13/08/2026.,salao
Allegra Studio,Salão,4732272088,Joinville,https://www.google.com/maps/place/Allegra+Studio/data=!4m7!3m6!1s0x94deb03b076ced69:0xfe930e2b57ff675a!8m2!3d-26.2952658!4d-48.8525159!16s%2Fg%2F11g8pb63fc!19sChIJae1sBzuw3pQRWmf_VysOk_4,Não,,,Pendente,,,,Não,Google Maps exibe Adicionar website; verificado em 13/08/2026.,salao
Dom Cabeleireiros,Salão,4730295888,Joinville,https://www.google.com/maps/place/Dom+Cabeleireiros/data=!4m7!3m6!1s0x94deafd75fcbb47d:0x4b866c0fb81532d2!8m2!3d-26.2782324!4d-48.8493898!16s%2Fg%2F1tf7ywkw!19sChIJfbTLX9ev3pQR0jIVuA9shks,Não,,,Pendente,,,,Não,Google Maps exibe Adicionar website; verificado em 13/08/2026.,salao
Speed Hair Espaço de Beleza,Salão,47997911078,Joinville,https://www.google.com/maps/place/Speed+Hair+Espa%C3%A7o+de+Beleza/data=!4m7!3m6!1s0x94deb149c707acb3:0x9d10bd119152806a!8m2!3d-26.2838603!4d-48.8488549!16s%2Fg%2F11ng5mlpf0!19sChIJs6wHx0mx3pQRaoBSkRG9EJ0,Não,,,Pendente,,,,Não,Google Maps exibe Adicionar website; verificado em 13/08/2026.,salao
Cheia de Charme Salão de Beleza,Salão,4738041344,Joinville,https://www.google.com/maps/place/Cheia+de+Charme+Sal%C3%A3o+de+Beleza/data=!4m7!3m6!1s0x94deb0321a0d81d3:0xd9880cc40b6f368d!8m2!3d-26.2908638!4d-48.8441806!16s%2Fg%2F11bv2lppn0!19sChIJ04ENGjKw3pQRjTZvC8QMiNk,Não,,,Pendente,,,,Não,Google Maps exibe Adicionar website; verificado em 13/08/2026.,salao
ESTÚDIO PERFIL HAIR ESTÉTICA E BELEZA,Salão,47997140336,Joinville,https://www.google.com/maps/place/EST%C3%9ADIO+PERFIL+HAIR+EST%C3%89TICA+E+BELEZA/data=!4m7!3m6!1s0x94deb03a173f4c47:0xdf6ae9a76f44bbd6!8m2!3d-26.2973024!4d-48.8517919!16s%2Fg%2F11b81v72wc!19sChIJR0w_Fzqw3pQR1rtEb6fpat8,Não,,,Pendente,,,,Não,Google Maps exibe Adicionar website; verificado em 13/08/2026.,salao
Xuxa Cabeleireiros,Salão,47999858650,Joinville,https://www.google.com/maps/place/Xuxa+Cabeleireiros/data=!4m7!3m6!1s0x94deb049a2027377:0x619809fc4d17c0aa!8m2!3d-26.3023752!4d-48.857441!16s%2Fg%2F1tfpqvdp!19sChIJd3MCokmw3pQRqsAXTfwJmGE,Não,,,Pendente,,,,Não,Google Maps exibe Adicionar website; verificado em 13/08/2026.,salao
Alika Coelho Hair | Visagista,Salão,47989125939,Joinville,https://www.google.com/maps/place/Alika+Coelho+Hair+%7C+Visagista/data=!4m7!3m6!1s0x94deb1998b7311a1:0x5554bfcd02c8d429!8m2!3d-26.3074015!4d-48.8590331!16s%2Fg%2F11yp6010d_!19sChIJoRFzi5mx3pQRKdTIAs2_VFU,Não,,,Pendente,,,,Não,Google Maps exibe Adicionar website; verificado em 13/08/2026.,salao
Pur'Art Centro de Beleza,Salão,4730253013,Joinville,https://www.google.com/maps/place/Pur%27Art+Centro+de+Beleza/data=!4m7!3m6!1s0x94deb12f0e0a4a63:0x6c55b58d504b194c!8m2!3d-26.3024307!4d-48.8512551!16s%2Fg%2F11f7bqt67p!19sChIJY0oKDi-x3pQRTBlLUI21VWw,Não,,,Pendente,,,,Não,Google Maps exibe Adicionar website; verificado em 13/08/2026.,salao
Aura Concept - Salão de Beleza em Joinville,Salão,47991839488,Joinville,https://www.google.com/maps/place/Aura+Concept+-+Sal%C3%A3o+de+Beleza+em+Joinville/data=!4m7!3m6!1s0x94deb11eb0730029:0x2ecd6e63307d6092!8m2!3d-26.3029116!4d-48.8538687!16s%2Fg%2F11zgqzz0d1!19sChIJKQBzsB6x3pQRkmB9MGNuzS4,Não,,,Pendente,,,,Não,Google Maps exibe Adicionar website; verificado em 13/08/2026.,salao
NORTHON SALON,Salão,47999960022,Joinville,https://www.google.com/maps/place/NORTHON+SALON/data=!4m7!3m6!1s0x94deb1eff0c5fee7:0xa76c4cfcef0c6dbd!8m2!3d-26.3069713!4d-48.8552657!16s%2Fg%2F11bv6pptx7!19sChIJ5_7F8O-x3pQRvW0M7_xMbKc,Não,,,Pendente,,,,Não,Google Maps exibe Adicionar website; verificado em 13/08/2026.,salao
Barbearia Navajo,Salão,47999837128,Joinville,https://www.google.com/maps/place/Barbearia+Navajo/data=!4m7!3m6!1s0x94deb0680d67331d:0x52107c733f4ca6f!8m2!3d-26.3150025!4d-48.8621466!16s%2Fg%2F11c0t96sbg!19sChIJHTNnDWiw3pQRb8r0M8cHIQU,Não,,,Pendente,,,,Não,Google Maps exibe Adicionar website; verificado em 13/08/2026.,salao
D Jones Cabeleireiros,Salão,4734380056,Joinville,https://www.google.com/maps/place/D+Jones+Cabeleireiros/data=!4m7!3m6!1s0x94deb06886bb2597:0x31d49f69ee1e21ce!8m2!3d-26.3156478!4d-48.8625798!16s%2Fg%2F11b8236q3s!19sChIJlyW7hmiw3pQRziEe7mmf1DE,Não,,,Pendente,,,,Não,Google Maps exibe Adicionar website; verificado em 13/08/2026.,salao
Instituto Adriana Lima,Salão,47992865281,Joinville,https://www.google.com/maps/place/Instituto+Adriana+Lima/data=!4m7!3m6!1s0x94deb165023c8253:0xdcdc37f4fa5fad13!8m2!3d-26.3169423!4d-48.8497548!16s%2Fg%2F11whz25gnx!19sChIJU4I8AmWx3pQRE61f-vQ33Nw,Não,,,Pendente,,,,Não,Google Maps exibe Adicionar website; verificado em 13/08/2026.,salao
Alessandra Silva Beauty Studio,Salão,47996698528,Joinville,https://www.google.com/maps/place/Alessandra+Silva+Beauty+Studio/data=!4m7!3m6!1s0x94deb0586a36e223:0xb0d4f2c8b1ea59ca!8m2!3d-26.3163947!4d-48.8577471!16s%2Fg%2F11bv2ff96y!19sChIJI-I2aliw3pQRylnqscjy1LA,Não,,,Pendente,,,,Não,Google Maps exibe Adicionar website; verificado em 13/08/2026.,salao
Tutto Bello Cabeleireiros,Salão,47999130688,Joinville,https://www.google.com/maps/place/Tutto+Bello+Cabeleireiros/data=!4m7!3m6!1s0x94deb03f0dde19ed:0xe4f01adbc04c8f7!8m2!3d-26.3197304!4d-48.8666311!16s%2Fg%2F1tt8ddz6!19sChIJ7RneDT-w3pQR98gEvK0BTw4,Não,,,Pendente,,,,Não,Google Maps exibe Adicionar website; verificado em 13/08/2026.,salao
Emy Cabeleireiros,Salão,4730272279,Joinville,https://www.google.com/maps/place/Emy+Cabeleireiros/data=!4m7!3m6!1s0x94deb05cabde61dd:0x118d435d21c052d2!8m2!3d-26.3135322!4d-48.8550594!16s%2Fg%2F11b827krr4!19sChIJ3WHeq1yw3pQR0lLAIV1DjRE,Não,,,Pendente,,,,Não,Google Maps exibe Adicionar website; verificado em 13/08/2026.,salao
Jolise Bernardes Beauty Studio,Salão,47997389577,Joinville,https://www.google.com/maps/place/Jolise+Bernardes+Beauty+Studio/data=!4m7!3m6!1s0x94deb151c697c061:0xa5cc4f470c7a4d6d!8m2!3d-26.3211316!4d-48.8528205!16s%2Fg%2F11y29x4j98!19sChIJYcCXxlGx3pQRbU16DEdPzKU,Não,,,Pendente,,,,Não,Google Maps exibe Adicionar website; verificado em 13/08/2026.,salao
Mário Cabeleireiros,Salão,4734553775,Joinville,https://www.google.com/maps/place/M%C3%A1rio+Cabeleireiros/data=!4m7!3m6!1s0x94deb0601b09a3fb:0xb76618422d9662c1!8m2!3d-26.324532!4d-48.859483!16s%2Fg%2F1td734g9!19sChIJ-6MJG2Cw3pQRwWKWLUIYZrc,Não,,,Pendente,,,,Não,Google Maps exibe Adicionar website; verificado em 13/08/2026.,salao
Monan Beleza Consciente,Salão,47996627299,Joinville,https://www.google.com/maps/place/Monan+Beleza+Consciente/data=!4m7!3m6!1s0x94deb1c3b9ef8a03:0x26fdde75174b3f80!8m2!3d-26.3181806!4d-48.8517499!16s%2Fg%2F11k_4xq144!19sChIJA4rvucOx3pQRgD9LF3Xe_SY,Não,,,Pendente,,,,Não,Google Maps exibe Adicionar website; verificado em 13/08/2026.,salao
Vanessa e Mara Espaço da Beleza,Salão,4730318347,Joinville,https://www.google.com/maps/place/Vanessa+e+Mara+Espa%C3%A7o+da+Beleza/data=!4m7!3m6!1s0x94deb112a7667bff:0xd9a62a7f7c7593d6!8m2!3d-26.31718!4d-48.850208!16s%2Fg%2F11g0lh0m0z!19sChIJ_3tmpxKx3pQR1pN1fH8qptk,Não,,,Pendente,,,,Não,Google Maps exibe Adicionar website; verificado em 13/08/2026.,salao
Salão Lilian Miranda,Salão,47997102825,Joinville,https://www.google.com/maps/place/Sal%C3%A3o+Lilian+Miranda/data=!4m7!3m6!1s0x94deb11ec655e3a9:0xdddac8422498921e!8m2!3d-26.3251424!4d-48.8587476!16s%2Fg%2F11h3ft_1s_!19sChIJqeNVxh6x3pQRHpKYJELI2t0,Não,,,Pendente,,,,Não,Google Maps exibe Adicionar website; verificado em 13/08/2026.,salao
Maga & Vanderlei Cabeleireiros,Salão,47997327969,Joinville,https://www.google.com/maps/place/Maga+%26+Vanderlei+Cabeleireiros/data=!4m7!3m6!1s0x94deb0666c3aaaab:0xc2e0470ccaa50673!8m2!3d-26.3178564!4d-48.8640778!16s%2Fg%2F11ggktk34v!19sChIJq6o6bGaw3pQRcwalygxH4MI,Não,,,Pendente,,,,Não,Google Maps exibe Adicionar website; verificado em 13/08/2026.,salao
Marcos Elias Cabeleireiro,Salão,47996192145,Joinville,https://www.google.com/maps/place/Marcos+Elias+Cabeleireiro/data=!4m7!3m6!1s0x94deb051d0e4609d:0x638c4a3ce1e6905e!8m2!3d-26.3120462!4d-48.8518569!16s%2Fg%2F11b823d32j!19sChIJnWDk0FGw3pQRXpDm4TxKjGM,Não,,,Pendente,,,,Não,Google Maps exibe Adicionar website; verificado em 13/08/2026.,salao
Jane Ribas Centro de Beleza,Salão,47999698952,Joinville,https://www.google.com/maps/place/Jane+Ribas+Centro+de+Beleza/data=!4m7!3m6!1s0x94deafd0d2ac593f:0xbdd9c6442ea3df23!8m2!3d-26.2768241!4d-48.8468579!16s%2Fg%2F1tdxrm5v!19sChIJP1ms0tCv3pQRI9-jLkTG2b0,Não,,,Pendente,,,,Não,Google Maps exibe Adicionar website; verificado em 13/08/2026.,salao
N&E Salão de Beleza,Salão,4734739935,Joinville,https://www.google.com/maps/place/N%26E+Sal%C3%A3o+de+Beleza/data=!4m7!3m6!1s0x94deb02b71bc0fab:0x41806d88d793af3e!8m2!3d-26.2835108!4d-48.8417225!16s%2Fg%2F11d_tz9j2b!19sChIJqw-8cSuw3pQRPq-T14htgEE,Não,,,Pendente,,,,Não,Google Maps exibe Adicionar website; verificado em 13/08/2026.,salao
Cris Cabeleireira,Salão,4730346378,Joinville,https://www.google.com/maps/place/Cris+Cabeleireira/data=!4m7!3m6!1s0x94deb10e0cda0c01:0xae9a0ebc885088c3!8m2!3d-26.2769798!4d-48.83697!16s%2Fg%2F11g0kn40r3!19sChIJAQzaDA6x3pQRw4hQiLwOmq4,Não,,,Pendente,,,,Não,Google Maps exibe Adicionar website; verificado em 13/08/2026.,salao
Luana salão de beleza,Salão,47997049781,Joinville,https://www.google.com/maps/place/Luana+sal%C3%A3o+de+beleza/data=!4m7!3m6!1s0x22635d4771372b17:0x3f81f15fb61a6aa5!8m2!3d-26.2664562!4d-48.8428557!16s%2Fg%2F11vpj9lmn0!19sChIJFys3cUddYyIRpWoatl_xgT8,Não,,,Pendente,,,,Não,Google Maps exibe Adicionar website; verificado em 13/08/2026.,salao
Kaluh Cabeleireiros,Salão,47999516750,Joinville,https://www.google.com/maps/place/Kaluh+Cabeleireiros/data=!4m7!3m6!1s0x94deafd0d55b213b:0x6d6c9819105c4b2e!8m2!3d-26.2754554!4d-48.8487449!16s%2Fg%2F11b86v6290!19sChIJOyFb1dCv3pQRLktcEBmYbG0,Não,,,Pendente,,,,Não,Google Maps exibe Adicionar website; verificado em 13/08/2026.,salao
Studio Débora sotto,Salão,47997553565,Joinville,https://www.google.com/maps/place/Studio+D%C3%A9bora+sotto/data=!4m7!3m6!1s0x94deafec06129375:0x35860018fe9fbac2!8m2!3d-26.276699!4d-48.8411971!16s%2Fg%2F11txzy7vv0!19sChIJdZMSBuyv3pQRwrqf_hgAhjU,Não,,,Pendente,,,,Não,Google Maps exibe Adicionar website; verificado em 13/08/2026.,salao
Eccos Cabeleireiros,Salão,4734220033,Joinville,https://www.google.com/maps/place/Eccos+Cabeleireiros/data=!4m7!3m6!1s0x94deb0334375cab5:0xb11ca33875b5db54!8m2!3d-26.2931354!4d-48.8410099!16s%2Fg%2F1vxzbsf0!19sChIJtcp1QzOw3pQRVNu1dTijHLE,Não,,,Pendente,,,,Não,Google Maps exibe Adicionar website; verificado em 13/08/2026.,salao
NEI CENTRO DE BELEZA,Salão,47991414064,Joinville,https://www.google.com/maps/place/NEI+CENTRO+DE+BELEZA/data=!4m7!3m6!1s0x94deaf084c704cff:0x938c60bd4dede6e!8m2!3d-26.2758914!4d-48.847684!16s%2Fg%2F11sjdxtc9x!19sChIJ_0xwTAiv3pQRbt7e1AvGOAk,Não,,,Pendente,,,,Não,Google Maps exibe Adicionar website; verificado em 13/08/2026.,salao
Sotero Barber Barbershop,Salão,47999908283,Joinville,https://www.google.com/maps/place/Sotero+Barber+Barbershop/data=!4m7!3m6!1s0x94deb1006739af6d:0x9b9f333843c88432!8m2!3d-26.2939558!4d-48.8399897!16s%2Fg%2F11wgmr4nly!19sChIJba85ZwCx3pQRMoTIQzgzn5s,Não,,,Pendente,,,,Não,Google Maps exibe Adicionar website; verificado em 13/08/2026.,salao
ASH Beauty Studio,Salão,47992296776,Joinville,https://www.google.com/maps/place/ASH+Beauty+Studio/data=!4m7!3m6!1s0x94deafab73eb194b:0x26a9ff80c7debb0!8m2!3d-26.2749476!4d-48.8342972!16s%2Fg%2F11njsjqwxf!19sChIJSxnrc6uv3pQRsOt9DPifagI,Não,,,Pendente,,,,Não,Google Maps exibe Adicionar website; verificado em 13/08/2026.,salao
Dagmar Sales Cabelereira,Salão,4734720330,Joinville,https://www.google.com/maps/place/Dagmar+Sales+Cabelereira/data=!4m7!3m6!1s0x94deb1d4b6e7bf8f:0xd77c49e51f108489!8m2!3d-26.2825416!4d-48.8393276!16s%2Fg%2F11b86f7qgq!19sChIJj7_nttSx3pQRiYQQH-VJfNc,Não,,,Pendente,,,,Não,Google Maps exibe Adicionar website; verificado em 13/08/2026.,salao
Cris Cabeleireira,Salão,47988357018,Joinville,https://www.google.com/maps/place/Cris+Cabeleireira/data=!4m7!3m6!1s0x94deae242e2aba81:0x9b97e1063c108244!8m2!3d-26.268769!4d-48.8266419!16s%2Fg%2F11b8t6pf97!19sChIJgboqLiSu3pQRRIIQPAbhl5s,Não,,,Pendente,,,,Não,Google Maps exibe Adicionar website; verificado em 13/08/2026.,salao
Cesar Constante Cabelereiros,Salão,4734679874,Joinville,https://www.google.com/maps/place/Cesar+Constante+Cabelereiros/data=!4m7!3m6!1s0x94deaf0031d30f51:0x3c7efbf84f8c5693!8m2!3d-26.2709481!4d-48.8246658!16s%2Fg%2F11vx6c97nn!19sChIJUQ_TMQCv3pQRk1aMT_j7fjw,Não,,,Pendente,,,,Não,Google Maps exibe Adicionar website; verificado em 13/08/2026.,salao
Barbearia Beard House,Salão,47996673147,Joinville,https://www.google.com/maps/place/Barbearia+Beard+House/data=!4m7!3m6!1s0x94deafd310471f3f:0xcf34b420f3e546e0!8m2!3d-26.2766028!4d-48.8348977!16s%2Fg%2F11txdnm2nk!19sChIJPx9HENOv3pQR4Ebl8yC0NM8,Não,,,Pendente,,,,Não,Google Maps exibe Adicionar website; verificado em 13/08/2026.,salao
Rodrigues Cabeleireiros e Barbearia,Salão,47997150076,Joinville,https://www.google.com/maps/place/Rodrigues+Cabeleireiros+e+Barbearia/data=!4m7!3m6!1s0x94deb10d3e32aa2d:0x951c8d723f6a5930!8m2!3d-26.3195398!4d-48.8206709!16s%2Fg%2F11c3mqq291!19sChIJLaoyPg2x3pQRMFlqP3KNHJU,Não,,,Pendente,,,,Não,Google Maps exibe Adicionar website; verificado em 13/08/2026.,salao
Andy Studio da Beleza,Salão,47996563266,Joinville,https://www.google.com/maps/place/Andy+Studio+da+Beleza/data=!4m7!3m6!1s0x94deaff3f246cdb3:0x907a01dcb08439cd!8m2!3d-26.2752151!4d-48.874487!16s%2Fg%2F11c1x43j01!19sChIJs81G8vOv3pQRzTmEsNwBepA,Não,,,Pendente,,,,Não,Google Maps exibe Adicionar website; verificado em 13/08/2026.,salao
Jonathan Adriano Salão de Beleza,Salão,4730276318,Joinville,https://www.google.com/maps/place/Jonathan+Adriano+Sal%C3%A3o+de+Beleza/data=!4m7!3m6!1s0x94deaff25bb1d13f:0x634870f07e804719!8m2!3d-26.2732199!4d-48.8716971!16s%2Fg%2F11bv6lcb0h!19sChIJP9GxW_Kv3pQRGUeAfvBwSGM,Não,,,Pendente,,,,Não,Google Maps exibe Adicionar website; verificado em 13/08/2026.,salao
Nilson e Cilene Cabeleireiros e Barbearia,Salão,47999352248,Joinville,https://www.google.com/maps/place/Nilson+e+Cilene+Cabeleireiros+e+Barbearia/data=!4m7!3m6!1s0x94dea560742ad89d:0x788d595ae56ec65d!8m2!3d-26.2738437!4d-48.8856349!16s%2Fg%2F1ptx279xs!19sChIJndgqdGCl3pQRXcZu5VpZjXg,Não,,,Pendente,,,,Não,Google Maps exibe Adicionar website; verificado em 13/08/2026.,salao
Gilmar Cabeleireiros,Salão,47997077341,Joinville,https://www.google.com/maps/place/Gilmar+Cabeleireiros/data=!4m7!3m6!1s0x94deaf3d334865f5:0xdd084252c60ee143!8m2!3d-26.2724028!4d-48.8800955!16s%2Fg%2F11txlqkqn8!19sChIJ9WVIMz2v3pQRQ-EOxlJCCN0,Não,,,Pendente,,,,Não,Google Maps exibe Adicionar website; verificado em 13/08/2026.,salao
Studio de Beleza Alessandra Santos,Salão,47991820146,Joinville,https://www.google.com/maps/place/Studio+de+Beleza+Alessandra+Santos/data=!4m7!3m6!1s0x94deaf806389fe3d:0xbc739d3a4db19093!8m2!3d-26.2693679!4d-48.8740787!16s%2Fg%2F11x0cnm9jc!19sChIJPf6JY4Cv3pQRk5CxTTqdc7w,Não,,,Pendente,,,,Não,Google Maps exibe Adicionar website; verificado em 13/08/2026.,salao
Lu Espaço da Beleza,Salão,47999278495,Joinville,https://www.google.com/maps/place/Lu+Espa%C3%A7o+da+Beleza/data=!4m7!3m6!1s0x94deaf691a327c53:0xa9aa99c9a2b95ce9!8m2!3d-26.2741064!4d-48.8803511!16s%2Fg%2F11hk1_n64j!19sChIJU3wyGmmv3pQR6Vy5osmZqqk,Não,,,Pendente,,,,Não,Google Maps exibe Adicionar website; verificado em 13/08/2026.,salao
Espaço Cátia Cabeleireira,Salão,47999323710,Joinville,https://www.google.com/maps/place/Espa%C3%A7o+C%C3%A1tia+Cabeleireira/data=!4m7!3m6!1s0x94dea560858ad947:0x66670f88fa424731!8m2!3d-26.273674!4d-48.8829111!16s%2Fg%2F11bvt4_yrx!19sChIJR9mKhWCl3pQRMUdC-ogPZ2Y,Não,,,Pendente,,,,Não,Google Maps exibe Adicionar website; verificado em 13/08/2026.,salao
Aline e Preto Cabeleireiros,Salão,4730284056,Joinville,https://www.google.com/maps/place/Aline+e+Preto+Cabeleireiros/data=!4m7!3m6!1s0x94deaff72d8d22a7:0x1e1b14d5dff4998!8m2!3d-26.2794471!4d-48.8751522!16s%2Fg%2F11bzwq22rz!19sChIJpyKNLfev3pQRmEn_XU2x4QE,Não,,,Pendente,,,,Não,Google Maps exibe Adicionar website; verificado em 13/08/2026.,salao
Hair Design Nice,Salão,4734355529,Joinville,https://www.google.com/maps/place/Hair+Design+Nice/data=!4m7!3m6!1s0x94deaff28a6fc1d5:0x94240116fd7afd55!8m2!3d-26.2725848!4d-48.8709841!16s%2Fg%2F11c3n119g6!19sChIJ1cFvivKv3pQRVf16_RYBJJQ,Não,,,Pendente,,,,Não,Google Maps exibe Adicionar website; verificado em 13/08/2026.,salao
Rosane Cabelo e Pele,Salão,4734226683,Joinville,https://www.google.com/maps/place/Rosane+Cabelo+e+Pele/data=!4m7!3m6!1s0x94deaff217aee76b:0x9b5ada442ccf37c3!8m2!3d-26.2742939!4d-48.8710561!16s%2Fg%2F11bv3vj2z7!19sChIJa-euF_Kv3pQRwzfPLETaWps,Não,,,Pendente,,,,Não,Google Maps exibe Adicionar website; verificado em 13/08/2026.,salao
Dárcia Kniess Cabeleireiros,Salão,4734737518,Joinville,https://www.google.com/maps/place/D%C3%A1rcia+Kniess+Cabeleireiros/data=!4m7!3m6!1s0x94deaf8bbb2e3137:0x77b9e6acccf6604b!8m2!3d-26.269134!4d-48.8765367!16s%2Fg%2F11bvt6rq58!19sChIJNzEuu4uv3pQRS2D2zKzmuXc,Não,,,Pendente,,,,Não,Google Maps exibe Adicionar website; verificado em 13/08/2026.,salao
Daniela Cabeleireira,Salão,47988996227,Joinville,https://www.google.com/maps/place/Daniela+Cabeleireira/data=!4m7!3m6!1s0x94deaff331e8f86d:0x4777c76967872d03!8m2!3d-26.273063!4d-48.8812253!16s%2Fg%2F11b8t7hgxk!19sChIJbfjoMfOv3pQRAy2HZ2nHd0c,Não,,,Pendente,,,,Não,Google Maps exibe Adicionar website; verificado em 13/08/2026.,salao
CA Instituto Você é Única,Salão,47996346971,Joinville,https://www.google.com/maps/place/CA+Instituto+Voc%C3%AA+%C3%A9+%C3%9Anica/data=!4m7!3m6!1s0x94debba672d06aff:0xbd6e996f57ab3de4!8m2!3d-26.291939!4d-48.913315!16s%2Fg%2F11yz1hhkn4!19sChIJ_2rQcqa73pQR5D2rV2-Zbr0,Não,,,Pendente,,,,Não,Google Maps exibe Adicionar website; verificado em 13/08/2026.,salao
Salão Ele e Ela - Vila Nova,Salão,47991742759,Joinville,https://www.google.com/maps/place/Sal%C3%A3o+Ele+e+Ela+-+Vila+Nova/data=!4m7!3m6!1s0x94dea5001be59a71:0xe0effc148e2ec4db!8m2!3d-26.2870234!4d-48.9149386!16s%2Fg%2F11x045_9v0!19sChIJcZrlGwCl3pQR28QujhT87-A,Não,,,Pendente,,,,Não,Google Maps exibe Adicionar website; verificado em 13/08/2026.,salao
Silvana Cabeleireira,Salão,4734160510,Joinville,https://www.google.com/maps/place/Silvana+Cabeleireira/data=!4m7!3m6!1s0x94dea53a847aaf95:0x5d5d77dd349e6fae!8m2!3d-26.2923958!4d-48.9081254!16s%2Fg%2F11bvt2nw1w!19sChIJla96hDql3pQRrm-eNN13XV0,Não,,,Pendente,,,,Não,Google Maps exibe Adicionar website; verificado em 13/08/2026.,salao
Studio Fernanda Kuhn,Salão,47997726786,Joinville,https://www.google.com/maps/place/Studio+Fernanda+Kuhn/data=!4m7!3m6!1s0x94dea58cf6d29f35:0x35eaa6984b5b17d6!8m2!3d-26.2761422!4d-48.902405!16s%2Fg%2F11lv7yj1l6!19sChIJNZ_S9oyl3pQR1hdbS5im6jU,Não,,,Pendente,,,,Não,Google Maps exibe Adicionar website; verificado em 13/08/2026.,salao
Studio Belle Aura,Salão,47984890130,Joinville,https://www.google.com/maps/place/Studio+Belle+Aura/data=!4m7!3m6!1s0x94dea564315ba907:0xb0c892c439b28473!8m2!3d-26.2884675!4d-48.9206773!16s%2Fg%2F11mycj8hh2!19sChIJB6lbMWSl3pQRc4SyOcSSyLA,Não,,,Pendente,,,,Não,Google Maps exibe Adicionar website; verificado em 13/08/2026.,salao
Aureas By Andreia,Salão,47997385400,Joinville,https://www.google.com/maps/place/Aureas+By+Andreia/data=!4m7!3m6!1s0x94dea538fc4f2f11:0xa519925b91571604!8m2!3d-26.2879788!4d-48.9025335!16s%2Fg%2F11bv6pj35r!19sChIJES9P_Dil3pQRBBZXkVuSGaU,Não,,,Pendente,,,,Não,Google Maps exibe Adicionar website; verificado em 13/08/2026.,salao
Le Toky de Beleza,Salão,47996436323,Joinville,https://www.google.com/maps/place/Le+Toky+de+Beleza/data=!4m7!3m6!1s0x94dea5403d545465:0x66eca588fcfdde04!8m2!3d-26.2804415!4d-48.898764!16s%2Fg%2F11ddxyv2dz!19sChIJZVRUPUCl3pQRBN79_Iil7GY,Não,,,Pendente,,,,Não,Google Maps exibe Adicionar website; verificado em 13/08/2026.,salao
Amorosa Beleza e Cosméticos,Salão,4732788756,Joinville,https://www.google.com/maps/place/Amorosa+Beleza+e+Cosm%C3%A9ticos/data=!4m7!3m6!1s0x94dea5d24ae32d5f:0x2b8d6c8f236d8547!8m2!3d-26.2876645!4d-48.9080997!16s%2Fg%2F11ll34gz58!19sChIJXy3jStKl3pQRR4VtI49sjSs,Não,,,Pendente,,,,Não,Google Maps exibe Adicionar website; verificado em 13/08/2026.,salao
Jucelda Cabeleireiros,Salão,47999354701,Joinville,https://www.google.com/maps/place/Jucelda+Cabeleireiros/data=!4m7!3m6!1s0x94dea5393bfc0ac3:0xcb1cdfe46df1bed4!8m2!3d-26.2867791!4d-48.9018478!16s%2Fg%2F11hbl1s249!19sChIJwwr8Ozml3pQR1L7xbeTfHMs,Não,,,Pendente,,,,Não,Google Maps exibe Adicionar website; verificado em 13/08/2026.,salao
Louisfran Hair,Salão,4734320348,Joinville,https://www.google.com/maps/place/Louisfran+Hair/data=!4m7!3m6!1s0x94dea5395400a5bd:0xd0c0dda37c349ad7!8m2!3d-26.2907817!4d-48.9093515!16s%2Fg%2F11fxv197kb!19sChIJvaUAVDml3pQR15o0fKPdwNA,Não,,,Pendente,,,,Não,Google Maps exibe Adicionar website; verificado em 13/08/2026.,salao
Osmar Cabeleireiro,Salão,47999115926,Joinville,https://www.google.com/maps/place/Osmar+Cabeleireiro/data=!4m7!3m6!1s0x94dea5393e5a4151:0xc1be9a71c802e26a!8m2!3d-26.2921484!4d-48.9009061!16s%2Fg%2F11bv6pczwg!19sChIJUUFaPjml3pQRauICyHGavsE,Não,,,Pendente,,,,Não,Google Maps exibe Adicionar website; verificado em 13/08/2026.,salao
Sulla Central da Beleza,Salão,4734323291,Joinville,https://www.google.com/maps/place/Sulla+Central+da+Beleza/data=!4m7!3m6!1s0x94dea5d2f5f44561:0x7fee5adb5803706e!8m2!3d-26.2880678!4d-48.9036949!16s%2Fg%2F11t_ykg16q!19sChIJYUX09dKl3pQRbnADWNta7n8,Não,,,Pendente,,,,Não,Google Maps exibe Adicionar website; verificado em 13/08/2026.,salao
Traty,Salão,47988199778,Joinville,https://www.google.com/maps/place/Traty/data=!4m7!3m6!1s0x94deb0dc9f156cf3:0x7e1b7ac5b6060cd1!8m2!3d-26.344708!4d-48.848453!16s%2Fg%2F11bv6l82rb!19sChIJ82wVn9yw3pQR0QwGtsV6G34,Não,,,Pendente,,,,Não,Google Maps exibe Adicionar website; verificado em 13/08/2026.,salao
Maria Teles Studio de beleza,Salão,47992305965,Joinville,https://www.google.com/maps/place/Maria+Teles+Studio+de+beleza/data=!4m7!3m6!1s0x94deb15ffe57349b:0xcccd79f610f0ca04!8m2!3d-26.3326011!4d-48.8685979!16s%2Fg%2F11rj_vvgl6!19sChIJmzRX_l-x3pQRBMrwEPZ5zcw,Não,,,Pendente,,,,Não,Google Maps exibe Adicionar website; verificado em 13/08/2026.,salao
Bella Studio | Zany Borges,Salão,47988010296,Joinville,https://www.google.com/maps/place/Bella+Studio+%7C+Zany+Borges/data=!4m7!3m6!1s0x94deb1751014fac3:0xb560ec497321ec2a!8m2!3d-26.3377976!4d-48.842089!16s%2Fg%2F11yjg24rdl!19sChIJw_oUEHWx3pQRKuwhc0nsYLU,Não,,,Pendente,,,,Não,Google Maps exibe Adicionar website; verificado em 13/08/2026.,salao
Cabeleireira Unissex,Salão,4734368723,Joinville,https://www.google.com/maps/place/Cabeleireira+Unissex/data=!4m7!3m6!1s0x94deb0e09c2c4153:0x8b97a722149981aa!8m2!3d-26.3382059!4d-48.8432184!16s%2Fg%2F11bv30kc8m!19sChIJU0EsnOCw3pQRqoGZFCKnl4s,Não,,,Pendente,,,,Não,Google Maps exibe Adicionar website; verificado em 13/08/2026.,salao
Studio Laiza Schulte,Salão,47999536913,Joinville,https://www.google.com/maps/place/Studio+Laiza+Schulte/data=!4m7!3m6!1s0x94deb1a00b16c67f:0x768a9a308543ab36!8m2!3d-26.32627!4d-48.834564!16s%2Fg%2F11j2h66kkj!19sChIJf8YWC6Cx3pQRNqtDhTCainY,Não,,,Pendente,,,,Não,Google Maps exibe Adicionar website; verificado em 13/08/2026.,salao
Micheluzzi Cabeleireira,Salão,47999216251,Joinville,https://www.google.com/maps/place/Micheluzzi+Cabeleireira/data=!4m7!3m6!1s0x94deb1f352d32325:0xb66e3d538815d937!8m2!3d-26.3319766!4d-48.8469445!16s%2Fg%2F11nnshn7qt!19sChIJJSPTUvOx3pQRN9kViFM9brY,Não,,,Pendente,,,,Não,Google Maps exibe Adicionar website; verificado em 13/08/2026.,salao
Cris Cabeleireira unissex,Salão,47999731024,Joinville,https://www.google.com/maps/place/Cris+Cabeleireira+unissex/data=!4m7!3m6!1s0x94deae4034a1df6d:0xf18bfb59ddf97149!8m2!3d-26.342386!4d-48.8497822!16s%2Fg%2F1v1kq_xg!19sChIJbd-hNECu3pQRSXH53Vn7i_E,Não,,,Pendente,,,,Não,Google Maps exibe Adicionar website; verificado em 13/08/2026.,salao
Conceição Cabeleireiros,Salão,47997551220,Joinville,https://www.google.com/maps/place/Concei%C3%A7%C3%A3o+Cabeleireiros/data=!4m7!3m6!1s0x94deb0c4b8d8971b:0xc87f0f23359b9d5!8m2!3d-26.346826!4d-48.8506919!16s%2Fg%2F11bv6phpx0!19sChIJG5fYuMSw3pQR1blZM_Lwhww,Não,,,Pendente,,,,Não,Google Maps exibe Adicionar website; verificado em 13/08/2026.,salao
Catulino Cabeleireiro,Salão,47988667417,Joinville,https://www.google.com/maps/place/Catulino+Cabeleireiro/data=!4m7!3m6!1s0x94deb0c412fe0eaf:0xfbe5bcc286c5ab66!8m2!3d-26.346576!4d-48.8540742!16s%2Fg%2F11c3n1lbzn!19sChIJrw7-EsSw3pQRZqvFhsK85fs,Não,,,Pendente,,,,Não,Google Maps exibe Adicionar website; verificado em 13/08/2026.,salao
Barbearia Ramos,Salão,4734264514,Joinville,https://www.google.com/maps/place/Barbearia+Ramos/data=!4m7!3m6!1s0x94deb0dc7d75f019:0x7ee2d9100fb89df2!8m2!3d-26.3450326!4d-48.8474172!16s%2Fg%2F1trsz4s6!19sChIJGfB1fdyw3pQR8p24DxDZ4n4,Não,,,Pendente,,,,Não,Google Maps exibe Adicionar website; verificado em 13/08/2026.,salao
La Calle Barbearia.,Barbearia,47999461545,Joinville,https://www.google.com/maps/place/La+Calle+Barbearia./data=!4m7!3m6!1s0x94deb75f9612d3eb:0xa04203820430370e!8m2!3d-26.361694!4d-48.8317439!16s%2Fg%2F11gjtyjks7!19sChIJ69MSll-33pQRDjcwBIIDQqA,Não,,,Pendente,,,,Não,Google Maps exibe Adicionar website; verificado em 13/08/2026.,barbearia
Griffe Barbearia,Barbearia,47988245875,Joinville,https://www.google.com/maps/place/Griffe+Barbearia/data=!4m7!3m6!1s0x94deb18a762f4d25:0x95b1447abf254f86!8m2!3d-26.3636081!4d-48.8292269!16s%2Fg%2F11lh5kjnv6!19sChIJJU0vdoqx3pQRhk8lv3pEsZU,Não,,,Pendente,,,,Não,Google Maps exibe Adicionar website; verificado em 13/08/2026.,barbearia
Jakson Barbearia,Barbearia,47999034131,Joinville,https://www.google.com/maps/place/Jakson+Barbearia/data=!4m7!3m6!1s0x94deb6db9fe5cdd5:0x5abf248a4d3dfebb!8m2!3d-26.3673439!4d-48.8322236!16s%2Fg%2F11bv6prwfg!19sChIJ1c3ln9u23pQRu_49TYokv1o,Não,,,Pendente,,,,Não,Google Maps exibe Adicionar website; verificado em 13/08/2026.,barbearia
Barbearia Tradicional 4 de Janeiro (Marcelo Costa),Barbearia,47988962622,Joinville,https://www.google.com/maps/place/Barbearia+Tradicional+4+de+Janeiro+%28Marcelo+Costa%29/data=!4m7!3m6!1s0x94deb6c7060d33cd:0x3fb5cb57ea34c7b6!8m2!3d-26.3626431!4d-48.821436!16s%2Fg%2F11g8w5zc_k!19sChIJzTMNBse23pQRtsc06lfLtT8,Não,,,Pendente,,,,Não,Google Maps exibe Adicionar website; verificado em 13/08/2026.,barbearia
Edu Barbearia,Barbearia,4734656346,Joinville,https://www.google.com/maps/place/Edu+Barbearia/data=!4m7!3m6!1s0x94deb6cfd81b0483:0xc6914a148921ddff!8m2!3d-26.3609462!4d-48.8296334!16s%2Fg%2F11bv6pmbks!19sChIJgwQb2M-23pQR_90hiRRKkcY,Não,,,Pendente,,,,Não,Google Maps exibe Adicionar website; verificado em 13/08/2026.,barbearia
Barbearia Wilson,Barbearia,4734363540,Joinville,https://www.google.com/maps/place/Barbearia+Wilson/data=!4m7!3m6!1s0x94deb6d9b709eac1:0x3a2a8c4c80e993c7!8m2!3d-26.3666517!4d-48.83673!16s%2Fg%2F11c604wnsr!19sChIJweoJt9m23pQRx5PpgEyMKjo,Não,,,Pendente,,,,Não,Google Maps exibe Adicionar website; verificado em 13/08/2026.,barbearia
Barbearia do Ruivo,Barbearia,47999766261,Joinville,https://www.google.com/maps/place/Barbearia+do+Ruivo/data=!4m7!3m6!1s0x94deb76683c304b9:0x866a5304d29e3e47!8m2!3d-26.3606273!4d-48.8326397!16s%2Fg%2F11qsd730n6!19sChIJuQTDg2a33pQRRz6e0gRTaoY,Não,,,Pendente,,,,Não,Google Maps exibe Adicionar website; verificado em 13/08/2026.,barbearia
Barbearia Paulo Rosa,Barbearia,47992458607,Joinville,https://www.google.com/maps/place/Barbearia+Paulo+Rosa/data=!4m7!3m6!1s0x94deb7446b4a55e3:0xd1dbcbf74f1ff73b!8m2!3d-26.3626388!4d-48.8244884!16s%2Fg%2F11ydp2y9np!19sChIJ41VKa0S33pQRO_cfT_fL29E,Não,,,Pendente,,,,Não,Google Maps exibe Adicionar website; verificado em 13/08/2026.,barbearia
Black Boy Power Barber Shop,Barbearia,47984459075,Joinville,https://www.google.com/maps/place/Black+Boy+Power+Barber+Shop/data=!4m7!3m6!1s0x94deb13238396775:0xf7a45c03627d45ad!8m2!3d-26.3494483!4d-48.8295046!16s%2Fg%2F11gc153cq1!19sChIJdWc5ODKx3pQRrUV9YgNcpPc,Não,,,Pendente,,,,Não,Google Maps exibe Adicionar website; verificado em 13/08/2026.,barbearia
Barbearia Alves,Barbearia,4732071426,Joinville,https://www.google.com/maps/place/Barbearia+Alves/data=!4m7!3m6!1s0x94deb4f4fc023a3d:0x213e29c85142e5ca!8m2!3d-26.3619632!4d-48.8293877!16s%2Fg%2F11gglqh29c!19sChIJPToC_PS03pQRyuVCUcgpPiE,Não,,,Pendente,,,,Não,Google Maps exibe Adicionar website; verificado em 13/08/2026.,barbearia
Barbearia chefe Leonel,Barbearia,47991557221,Joinville,https://www.google.com/maps/place/Barbearia+chefe+Leonel/data=!4m7!3m6!1s0x94deb7994ae7628f:0x7fb30122c7f80d8b!8m2!3d-26.3689538!4d-48.8278518!16s%2Fg%2F11t4w_3cjj!19sChIJj2LnSpm33pQRiw34xyIBs38,Não,,,Pendente,,,,Não,Google Maps exibe Adicionar website; verificado em 13/08/2026.,barbearia
Barbearia,Barbearia,47996217229,Joinville,https://www.google.com/maps/place/Barbearia/data=!4m7!3m6!1s0x94deb733418fee05:0xfb034abc63c3a21f!8m2!3d-26.3685379!4d-48.8230707!16s%2Fg%2F11nn484jf6!19sChIJBe6PQTO33pQRH6LDY7xKA_s,Não,,,Pendente,,,,Não,Google Maps exibe Adicionar website; verificado em 13/08/2026.,barbearia
Barbearia Tradicional Oliveira,Barbearia,47984599809,Joinville,https://www.google.com/maps/place/Barbearia+Tradicional+Oliveira/data=!4m7!3m6!1s0x94deb1929d46e159:0xcfdf95b3243de31f!8m2!3d-26.3037047!4d-48.8476282!16s%2Fg%2F11h70h6xrp!19sChIJWeFGnZKx3pQRH-M9JLOV388,Não,,,Pendente,,,,Não,Google Maps exibe Adicionar website; verificado em 13/08/2026.,barbearia
Barbearia Príncipe,Barbearia,47989118204,Joinville,https://www.google.com/maps/place/Barbearia+Pr%C3%ADncipe/data=!4m7!3m6!1s0x94deb04c2ad6a3e7:0x5e213bdf71235dba!8m2!3d-26.3071826!4d-48.8447555!16s%2Fg%2F11b81s87yy!19sChIJ56PWKkyw3pQRul0jcd87IV4,Não,,,Pendente,,,,Não,Google Maps exibe Adicionar website; verificado em 13/08/2026.,barbearia
Barbearia Salão Verde,Barbearia,47996819214,Joinville,https://www.google.com/maps/place/Barbearia+Sal%C3%A3o+Verde/data=!4m7!3m6!1s0x94deb04e9e7ce7eb:0x5230ed334375e6b5!8m2!3d-26.3063881!4d-48.8449262!16s%2Fg%2F11b81s0ssy!19sChIJ6-d8nk6w3pQRteZ1QzPtMFI,Não,,,Pendente,,,,Não,Google Maps exibe Adicionar website; verificado em 13/08/2026.,barbearia
Barbearia Manchester,Barbearia,4734393951,Joinville,https://www.google.com/maps/place/Barbearia+Manchester/data=!4m7!3m6!1s0x94deb166a0bfb1f3:0x4630b3806f668205!8m2!3d-26.3105716!4d-48.8453543!16s%2Fg%2F11vyxrnxz5!19sChIJ87G_oGax3pQRBYJmb4CzMEY,Não,,,Pendente,,,,Não,Google Maps exibe Adicionar website; verificado em 13/08/2026.,barbearia
Don Distinto Barbeiro,Barbearia,47989135298,Joinville,https://www.google.com/maps/place/Don+Distinto+Barbeiro/data=!4m7!3m6!1s0x94deb1763c1095c7:0x5cfabdcb374abd29!8m2!3d-26.3149906!4d-48.8513409!16s%2Fg%2F11yp7f23yl!19sChIJx5UQPHax3pQRKb1KN8u9-lw,Não,,,Pendente,,,,Não,Google Maps exibe Adicionar website; verificado em 13/08/2026.,barbearia
AG Barbearia,Barbearia,47999808118,Joinville,https://www.google.com/maps/place/AG+Barbearia/data=!4m7!3m6!1s0x94deb100458b957f:0x62b8743359fc1687!8m2!3d-26.3012022!4d-48.8520502!16s%2Fg%2F11lcl7r820!19sChIJf5WLRQCx3pQRhxb8WTN0uGI,Não,,,Pendente,,,,Não,Google Maps exibe Adicionar website; verificado em 13/08/2026.,barbearia
Studio Dias Barber,Barbearia,47984713176,Joinville,https://www.google.com/maps/place/Studio+Dias+Barber/data=!4m7!3m6!1s0x94deb74d04bc5b59:0xd5d96e5235ed62d3!8m2!3d-26.3594073!4d-48.8334536!16s%2Fg%2F11m5j0w8w9!19sChIJWVu8BE233pQR02LtNVJu2dU,Não,,,Pendente,,,,Não,Google Maps exibe Adicionar website; verificado em 13/08/2026.,barbearia
Barbearia Rota 47 Havan,Barbearia,4735090558,Joinville,https://www.google.com/maps/place/Barbearia+Rota+47+Havan/data=!4m7!3m6!1s0x94deb1a9a4ab8e97:0x47060ec62e3baf6b!8m2!3d-26.3080978!4d-48.8405669!16s%2Fg%2F11wg8pvt4j!19sChIJl46rpKmx3pQRa687LsYOBkc,Não,,,Pendente,,,,Não,Google Maps exibe Adicionar website; verificado em 13/08/2026.,barbearia
Barbearia do João,Barbearia,47999270420,Joinville,https://www.google.com/maps/place/Barbearia+do+Jo%C3%A3o/data=!4m7!3m6!1s0x94deb1e81d3258eb:0xb0cdf22e489813e4!8m2!3d-26.3035894!4d-48.8595014!16s%2Fg%2F11hz8rrmsg!19sChIJ61gyHeix3pQR5BOYSC7yzbA,Não,,,Pendente,,,,Não,Google Maps exibe Adicionar website; verificado em 13/08/2026.,barbearia
BARBERHAUS - tradição no corte,Barbearia,47996749677,Joinville,https://www.google.com/maps/place/BARBERHAUS+-+tradi%C3%A7%C3%A3o+no+corte/data=!4m7!3m6!1s0x94deb1b426b42cf5:0xa846264b85f33575!8m2!3d-26.324007!4d-48.858092!16s%2Fg%2F11smhd2pf4!19sChIJ9Sy0JrSx3pQRdTXzhUsmRqg,Não,,,Pendente,,,,Não,Google Maps exibe Adicionar website; verificado em 13/08/2026.,barbearia
Barbearia Barba d'Urso,Barbearia,47997636432,Joinville,https://www.google.com/maps/place/Barbearia+Barba+d%27Urso/data=!4m7!3m6!1s0x94deb100034e8b5f:0xc6d3d5cdeda6d006!8m2!3d-26.3158081!4d-48.8454311!16s%2Fg%2F11wftt0wnw!19sChIJX4tOAwCx3pQRBtCm7c3V08Y,Não,,,Pendente,,,,Não,Google Maps exibe Adicionar website; verificado em 13/08/2026.,barbearia
Barbearia American ATTIC!,Barbearia,47997384897,Joinville,https://www.google.com/maps/place/Barbearia+American+ATTIC!/data=!4m7!3m6!1s0x94deb1e2afce0573:0x2deeb58007774711!8m2!3d-26.310289!4d-48.848523!16s%2Fg%2F11fzf7lf0c!19sChIJcwXOr-Kx3pQREUd3B4C17i0,Não,,,Pendente,,,,Não,Google Maps exibe Adicionar website; verificado em 13/08/2026.,barbearia
O Barbeiro,Barbearia,47992519073,Joinville,https://www.google.com/maps/place/O+Barbeiro/data=!4m7!3m6!1s0x94deafb4cd688631:0xf74578f2811eb288!8m2!3d-26.2747647!4d-48.8479505!16s%2Fg%2F11y13xxy0y!19sChIJMYZozbSv3pQRiLIegfJ4Rfc,Não,,,Pendente,,,,Não,Google Maps exibe Adicionar website; verificado em 13/08/2026.,barbearia
Barbearia Murilo Fronza,Barbearia,47997127310,Joinville,https://www.google.com/maps/place/Barbearia+Murilo+Fronza/data=!4m7!3m6!1s0x94dea5b7e396de25:0x5b0bf193859af781!8m2!3d-26.2741824!4d-48.8839112!16s%2Fg%2F11gl2snft7!19sChIJJd6W47el3pQRgfeahZPxC1s,Não,,,Pendente,,,,Não,Google Maps exibe Adicionar website; verificado em 13/08/2026.,barbearia
Barbearia Senem,Barbearia,47996596612,Joinville,https://www.google.com/maps/place/Barbearia+Senem/data=!4m7!3m6!1s0x94deaf8c3925801f:0xa0ab0a233d58ef60!8m2!3d-26.2672167!4d-48.8733699!16s%2Fg%2F11bv6pjvbf!19sChIJH4AlOYyv3pQRYO9YPSMKq6A,Não,,,Pendente,,,,Não,Google Maps exibe Adicionar website; verificado em 13/08/2026.,barbearia
Barbearia Treffen,Barbearia,47999284258,Joinville,https://www.google.com/maps/place/Barbearia+Treffen/data=!4m7!3m6!1s0x94deaffb014ee6fd:0x5d3cf0ae8eb21388!8m2!3d-26.2740559!4d-48.8702014!16s%2Fg%2F11fpk3dm1y!19sChIJ_eZOAfuv3pQRiBOyjq7wPF0,Não,,,Pendente,,,,Não,Google Maps exibe Adicionar website; verificado em 13/08/2026.,barbearia
JD Barbearia,Barbearia,47991376408,Joinville,https://www.google.com/maps/place/JD+Barbearia/data=!4m7!3m6!1s0x94deaff137862d8d:0x546e64d669ba495e!8m2!3d-26.2775013!4d-48.8743486!16s%2Fg%2F11c3mqfsmz!19sChIJjS2GN_Gv3pQRXkm6adZkblQ,Não,,,Pendente,,,,Não,Google Maps exibe Adicionar website; verificado em 13/08/2026.,barbearia
Barbearia Gadott Costa e Silva,Barbearia,47996121369,Joinville,https://www.google.com/maps/place/Barbearia+Gadott+Costa+e+Silva/data=!4m7!3m6!1s0x94deaff53e21b2bf:0x6cc3f978d98e96dc!8m2!3d-26.2739414!4d-48.8747166!16s%2Fg%2F1tdcbz7s!19sChIJv7IhPvWv3pQR3JaO2Xj5w2w,Não,,,Pendente,,,,Não,Google Maps exibe Adicionar website; verificado em 13/08/2026.,barbearia
Beto Barber Cut,Barbearia,47984747285,Joinville,https://www.google.com/maps/place/Beto+Barber+Cut/data=!4m7!3m6!1s0x94deaf3542f6ed83:0xfe574651e9882867!8m2!3d-26.2859106!4d-48.8676039!16s%2Fg%2F11fjn37gxg!19sChIJg-32QjWv3pQRZyiI6VFGV_4,Não,,,Pendente,,,,Não,Google Maps exibe Adicionar website; verificado em 13/08/2026.,barbearia
Barbearia império J.A,Barbearia,47984739048,Joinville,https://www.google.com/maps/place/Barbearia+imp%C3%A9rio+J.A/data=!4m7!3m6!1s0x94deaf8b208a8a39:0xd1e63a8f5dfd9ddb!8m2!3d-26.2801606!4d-48.8744529!16s%2Fg%2F11x0zkb4fq!19sChIJOYqKIIuv3pQR2539XY865tE,Não,,,Pendente,,,,Não,Google Maps exibe Adicionar website; verificado em 13/08/2026.,barbearia
Barbearia Studio Reis Barber Shop,Barbearia,47997311239,Joinville,https://www.google.com/maps/place/Barbearia+Studio+Reis+Barber+Shop/data=!4m7!3m6!1s0x94deafde7c69bebb:0xa1cc6fe06a8e2cec!8m2!3d-26.2663139!4d-48.876864!16s%2Fg%2F11pckz2mj6!19sChIJu75pfN6v3pQR7CyOauBvzKE,Não,,,Pendente,,,,Não,Google Maps exibe Adicionar website; verificado em 13/08/2026.,barbearia
Barbearia Cabelaço,Barbearia,47991590459,Joinville,https://www.google.com/maps/place/Barbearia+Cabela%C3%A7o/data=!4m7!3m6!1s0x94dea57dceec5057:0xfe5ea16e47c663eb!8m2!3d-26.2643957!4d-48.8845061!16s%2Fg%2F11j03j17xv!19sChIJV1Dszn2l3pQR62PGR26hXv4,Não,,,Pendente,,,,Não,Google Maps exibe Adicionar website; verificado em 13/08/2026.,barbearia
Edson Cabeleireiro barbearia,Barbearia,47997428284,Joinville,https://www.google.com/maps/place/Edson+Cabeleireiro+barbearia/data=!4m7!3m6!1s0x94deaff4c2cba66b:0xd89072b8eade210a!8m2!3d-26.2733331!4d-48.8762555!16s%2Fg%2F1tmplnk7!19sChIJa6bLwvSv3pQRCiHe6rhykNg,Não,,,Pendente,,,,Não,Google Maps exibe Adicionar website; verificado em 13/08/2026.,barbearia
Alpha barbershop,Barbearia,47997327531,Joinville,https://www.google.com/maps/place/Alpha+barbershop/data=!4m7!3m6!1s0x94dea550d22ae849:0x7f5be15f6b489b8d!8m2!3d-26.2923047!4d-48.8988185!16s%2Fg%2F11sqnc7b8q!19sChIJSegq0lCl3pQRjZtIa1_hW38,Não,,,Pendente,,,,Não,Google Maps exibe Adicionar website; verificado em 13/08/2026.,barbearia
Barbearia Barbosa,Barbearia,47991165964,Joinville,https://www.google.com/maps/place/Barbearia+Barbosa/data=!4m7!3m6!1s0x94deaf0d31b3f4f5:0x29490292b369ce15!8m2!3d-26.2734796!4d-48.8702645!16s%2Fg%2F11sqftrzxl!19sChIJ9fSzMQ2v3pQRFc5ps5ICSSk,Não,,,Pendente,,,,Não,Google Maps exibe Adicionar website; verificado em 13/08/2026.,barbearia
3E Espaço Homem - Barbearia 💈,Barbearia,47988727554,Joinville,https://www.google.com/maps/place/3E+Espa%C3%A7o+Homem+-+Barbearia+%F0%9F%92%88/data=!4m7!3m6!1s0x94dea5aeb9044567:0xee6b5fd1100345ec!8m2!3d-26.2928369!4d-48.9092152!16s%2Fg%2F11y98z50c4!19sChIJZ0UEua6l3pQR7EUDENFfa-4,Não,,,Pendente,,,,Não,Google Maps exibe Adicionar website; verificado em 13/08/2026.,barbearia
Barbearia Central,Barbearia,47984191440,Joinville,https://www.google.com/maps/place/Barbearia+Central/data=!4m7!3m6!1s0x94dea53952576369:0x2f2346555eecf551!8m2!3d-26.286952!4d-48.9046461!16s%2Fg%2F11c3n2qg4n!19sChIJaWNXUjml3pQRUfXsXlVGIy8,Não,,,Pendente,,,,Não,Google Maps exibe Adicionar website; verificado em 13/08/2026.,barbearia
Nova Vila BarBearia,Barbearia,47996089342,Joinville,https://www.google.com/maps/place/Nova+Vila+BarBearia/data=!4m7!3m6!1s0x94dea590c13a44cb:0x95b5edf1167f234f!8m2!3d-26.2804767!4d-48.8989916!16s%2Fg%2F11q9170mvp!19sChIJy0Q6wZCl3pQRTyN_FvHttZU,Não,,,Pendente,,,,Não,Google Maps exibe Adicionar website; verificado em 13/08/2026.,barbearia
Barbearia King Fade,Barbearia,47996773240,Joinville,https://www.google.com/maps/place/Barbearia+King+Fade/data=!4m7!3m6!1s0x94deb1626ba24377:0x9a49a5f7497aef6d!8m2!3d-26.3420149!4d-48.8470476!16s%2Fg%2F11fj192_ym!19sChIJd0Oia2Kx3pQRbe96SfelSZo,Não,,,Pendente,,,,Não,Google Maps exibe Adicionar website; verificado em 13/08/2026.,barbearia
Heliton BarberShop,Barbearia,47992295649,Joinville,https://www.google.com/maps/place/Heliton+BarberShop/data=!4m7!3m6!1s0x94deb7189ea0286f:0x8e94b008bf25042c!8m2!3d-26.3293514!4d-48.8464962!16s%2Fg%2F11h3b5p618!19sChIJbyignhi33pQRLAQlvwiwlI4,Não,,,Pendente,,,,Não,Google Maps exibe Adicionar website; verificado em 13/08/2026.,barbearia
Barbearia Gold,Barbearia,47997543069,Joinville,https://www.google.com/maps/place/Barbearia+Gold/data=!4m7!3m6!1s0x94deb0dd9fdedd4b:0x97c041d93852ceb0!8m2!3d-26.3408541!4d-48.8472409!16s%2Fg%2F11f2wlzkd7!19sChIJS93en92w3pQRsM5SONlBwJc,Não,,,Pendente,,,,Não,Google Maps exibe Adicionar website; verificado em 13/08/2026.,barbearia
Almeida Júnior Studio | Barbearia Premium somente com agendamento,Barbearia,47984179734,Joinville,https://www.google.com/maps/place/Almeida+J%C3%BAnior+Studio+%7C+Barbearia+Premium+somente+com+agendamento/data=!4m7!3m6!1s0x94deb12611fe802d:0x44f6ca3c936fa43e!8m2!3d-26.3600914!4d-48.8449905!16s%2Fg%2F11fvg8kdfn!19sChIJLYD-ESax3pQRPqRvkzzK9kQ,Não,,,Pendente,,,,Não,Google Maps exibe Adicionar website; verificado em 13/08/2026.,barbearia
Barbearia Canoinhas,Barbearia,47999698078,Joinville,https://www.google.com/maps/place/Barbearia+Canoinhas/data=!4m7!3m6!1s0x94deb1dc5e60c01d:0xf03853a1ef0f33b3!8m2!3d-26.3367549!4d-48.8578004!16s%2Fg%2F11qpxsxmpx!19sChIJHcBgXtyx3pQRszMP76FTOPA,Não,,,Pendente,,,,Não,Google Maps exibe Adicionar website; verificado em 13/08/2026.,barbearia
Barbershop Davi,Barbearia,47991758710,Joinville,https://www.google.com/maps/place/Barbershop+Davi/data=!4m7!3m6!1s0x94deb174e59046b3:0x22adb8a6eff18d42!8m2!3d-26.3286927!4d-48.8457473!16s%2Fg%2F11ntpwprwh!19sChIJs0aQ5XSx3pQRQo3x76a4rSI,Não,,,Pendente,,,,Não,Google Maps exibe Adicionar website; verificado em 13/08/2026.,barbearia
The Mendes Barbershop,Barbearia,47997350854,Joinville,https://www.google.com/maps/place/The+Mendes+Barbershop/data=!4m7!3m6!1s0x94deb175b993d2c7:0xa8d98df2bfb11306!8m2!3d-26.3233276!4d-48.8299601!16s%2Fg%2F11lsztqxv1!19sChIJx9KTuXWx3pQRBhOxv_KN2ag,Não,,,Pendente,,,,Não,Google Maps exibe Adicionar website; verificado em 13/08/2026.,barbearia
Barbearia Tião 1º,Barbearia,47996586902,Joinville,https://www.google.com/maps/place/Barbearia+Ti%C3%A3o+1%C2%BA/data=!4m7!3m6!1s0x94deb14ede9557d9:0xb726794cc8bb67d1!8m2!3d-26.3403209!4d-48.8136456!16s%2Fg%2F11bv6pycwj!19sChIJ2VeV3k6x3pQR0We7yEx5Jrc,Não,,,Pendente,,,,Não,Google Maps exibe Adicionar website; verificado em 13/08/2026.,barbearia
Barbearia do Billy,Barbearia,47996840519,Joinville,https://www.google.com/maps/place/Barbearia+do+Billy/data=!4m7!3m6!1s0x94deb0e186366695:0xc5197dcbbbba832b!8m2!3d-26.3332188!4d-48.8416389!16s%2Fg%2F11c5zyzy2c!19sChIJlWY2huGw3pQRK4O6u8t9GcU,Não,,,Pendente,,,,Não,Google Maps exibe Adicionar website; verificado em 13/08/2026.,barbearia
Bruttos barbearia,Barbearia,47996615926,Joinville,https://www.google.com/maps/place/Bruttos+barbearia/data=!4m7!3m6!1s0x94deb3ca586f6ae1:0xa793ae16dda37c49!8m2!3d-26.3381716!4d-48.8234384!16s%2Fg%2F11mv4fsdx2!19sChIJ4WpvWMqz3pQRSXyj3Rauk6c,Não,,,Pendente,,,,Não,Google Maps exibe Adicionar website; verificado em 13/08/2026.,barbearia
Barbearia Bandeira,Barbearia,47988043805,Joinville,https://www.google.com/maps/place/Barbearia+Bandeira/data=!4m7!3m6!1s0x94deb1002e17adfd:0x398d0155e3919408!8m2!3d-26.3404578!4d-48.8172469!16s%2Fg%2F11m5vfz7k9!19sChIJ_a0XLgCx3pQRCJSR41UBjTk,Não,,,Pendente,,,,Não,Google Maps exibe Adicionar website; verificado em 13/08/2026.,barbearia
Studio Cabral,Barbearia,47999975082,Joinville,https://www.google.com/maps/place/Studio+Cabral/data=!4m7!3m6!1s0x94deb1917ffb9c19:0x9d664ee1f93107b!8m2!3d-26.3410149!4d-48.820549!16s%2Fg%2F11z36k38ht!19sChIJGZz7f5Gx3pQRexCTH-5k1gk,Não,,,Pendente,,,,Não,Google Maps exibe Adicionar website; verificado em 13/08/2026.,barbearia
R4 Barber Shop,Barbearia,47992772112,Joinville,https://www.google.com/maps/place/R4+Barber+Shop/data=!4m7!3m6!1s0x94deb14887c97ea1:0x8856c30bdbb3dfd8!8m2!3d-26.339438!4d-48.8169719!16s%2Fg%2F11f3x6clw8!19sChIJoX7Jh0ix3pQR2N-z2wvDVog,Não,,,Pendente,,,,Não,Google Maps exibe Adicionar website; verificado em 13/08/2026.,barbearia
Barbearia Velho 70,Barbearia,47997098646,Joinville,https://www.google.com/maps/place/Barbearia+Velho+70/data=!4m7!3m6!1s0x94deb125a2bbffff:0xd89e59bb17f9927b!8m2!3d-26.3431153!4d-48.832768!16s%2Fg%2F11ggqdq6mh!19sChIJ__-7oiWx3pQRe5L5F7tZntg,Não,,,Pendente,,,,Não,Google Maps exibe Adicionar website; verificado em 13/08/2026.,barbearia
Miron Barber Shop,Barbearia,47992470769,Joinville,https://www.google.com/maps/place/Miron+Barber+Shop/data=!4m7!3m6!1s0x94deb1eef3ecf625:0x66e44da5b861b099!8m2!3d-26.3284229!4d-48.8338653!16s%2Fg%2F11shybqwht!19sChIJJfbs8-6x3pQRmbBhuKVN5GY,Não,,,Pendente,,,,Não,Google Maps exibe Adicionar website; verificado em 13/08/2026.,barbearia
Barbearia Priory,Barbearia,47988181206,Joinville,https://www.google.com/maps/place/Barbearia+Priory/data=!4m7!3m6!1s0x94deb17a111da411:0xd04af1cb67aa454!8m2!3d-26.3286977!4d-48.8334121!16s%2Fg%2F11kq1p816p!19sChIJEaQdEXqx3pQRVKR6thyvBA0,Não,,,Pendente,,,,Não,Google Maps exibe Adicionar website; verificado em 13/08/2026.,barbearia
SPARTAN BarberShop,Barbearia,47996150126,Joinville,https://www.google.com/maps/place/SPARTAN+BarberShop/data=!4m7!3m6!1s0x94deb797726f531f:0x61aaf291b1507d14!8m2!3d-26.3618458!4d-48.8198583!16s%2Fg%2F11gmw8n8pk!19sChIJH1Nvcpe33pQRFH1QsZHyqmE,Não,,,Pendente,,,,Não,Google Maps exibe Adicionar website; verificado em 13/08/2026.,barbearia
Barbearia Moreno,Barbearia,47996416076,Joinville,https://www.google.com/maps/place/Barbearia+Moreno/data=!4m7!3m6!1s0x94deb7d979c7ffbd:0xd8eca8c93535607f!8m2!3d-26.3619474!4d-48.8102973!16s%2Fg%2F11w8y_59y2!19sChIJvf_Hedm33pQRf2A1Ncmo7Ng,Não,,,Pendente,,,,Não,Google Maps exibe Adicionar website; verificado em 13/08/2026.,barbearia
SVF Barbers,Barbearia,47984723584,Joinville,https://www.google.com/maps/place/SVF+Barbers/data=!4m7!3m6!1s0x94deb7ceea550f2d:0xd66400ad95849b85!8m2!3d-26.3713355!4d-48.8202635!16s%2Fg%2F11t8fxzhvs!19sChIJLQ9V6s633pQRhZuEla0AZNY,Não,,,Pendente,,,,Não,Google Maps exibe Adicionar website; verificado em 13/08/2026.,barbearia
Barbearia Snor - Unidade Sul,Barbearia,47996026090,Joinville,https://www.google.com/maps/place/Barbearia+Snor+-+Unidade+Sul/data=!4m7!3m6!1s0x94deb7452106299b:0xb375de6e164d4a29!8m2!3d-26.3613122!4d-48.8075155!16s%2Fg%2F11jy6plp8y!19sChIJmykGIUW33pQRKUpNFm7edbM,Não,,,Pendente,,,,Não,Google Maps exibe Adicionar website; verificado em 13/08/2026.,barbearia
Ted's barber shop,Barbearia,47999925429,Joinville,https://www.google.com/maps/place/Ted%27s+barber+shop/data=!4m7!3m6!1s0x94deb6bcb9b2d0cb:0xeaca858ed522cf5b!8m2!3d-26.365328!4d-48.8094202!16s%2Fg%2F11fzv00wzq!19sChIJy9Cyuby23pQRW88i1Y6Fyuo,Não,,,Pendente,,,,Não,Google Maps exibe Adicionar website; verificado em 13/08/2026.,barbearia
Marinho Studio Barber,Barbearia,47988541218,Joinville,https://www.google.com/maps/place/Marinho+Studio+Barber/data=!4m7!3m6!1s0x94deaf2f774b0699:0x5f85b57d21877994!8m2!3d-26.2511538!4d-48.8194581!16s%2Fg%2F11n44x4_47!19sChIJmQZLdy-v3pQRlHmHIX21hV8,Não,,,Pendente,,,,Não,Google Maps exibe Adicionar website; verificado em 13/08/2026.,barbearia
Bumerang Barber Shop,Barbearia,47984817903,Joinville,https://www.google.com/maps/place/Bumerang+Barber+Shop/data=!4m7!3m6!1s0x94deafa373dbd77f:0x19a52a306b70c185!8m2!3d-26.243225!4d-48.819959!16s%2Fg%2F11z21g32xz!19sChIJf9fbc6Ov3pQRhcFwazAqpRk,Não,,,Pendente,,,,Não,Google Maps exibe Adicionar website; verificado em 13/08/2026.,barbearia
ZÉ HAIR CUT BARBEARIA,Barbearia,47999872635,Joinville,https://www.google.com/maps/place/Z%C3%89+HAIR+CUT+BARBEARIA/data=!4m7!3m6!1s0x94deaf8a96359335:0x1f01d8d489c14536!8m2!3d-26.2526439!4d-48.8023193!16s%2Fg%2F11hsn870g6!19sChIJNZM1loqv3pQRNkXBidTYAR8,Não,,,Pendente,,,,Não,Google Maps exibe Adicionar website; verificado em 13/08/2026.,barbearia
....,Barbearia,47992379441,Joinville,https://www.google.com/maps/place/..../data=!4m7!3m6!1s0x94deaf6bae87be23:0xb9cc43c89b4feaab!8m2!3d-26.2343416!4d-48.8125851!16s%2Fg%2F11tbzc6w9s!19sChIJI76Hrmuv3pQRq-pPm8hDzLk,Não,,,Pendente,,,,Não,Google Maps exibe Adicionar website; verificado em 13/08/2026.,barbearia
BROOKLYN BARBER's17,Barbearia,47996724028,Joinville,https://www.google.com/maps/place/BROOKLYN+BARBER%27s17/data=!4m7!3m6!1s0x94deaf191b4ded3d:0xbbf8bd46588e5b15!8m2!3d-26.2599363!4d-48.8160723!16s%2Fg%2F11fl4r_qcc!19sChIJPe1NGxmv3pQRFVuOWEa9-Ls,Não,,,Pendente,,,,Não,Google Maps exibe Adicionar website; verificado em 13/08/2026.,barbearia
Barbearia Agapito,Barbearia,4734378308,Joinville,https://www.google.com/maps/place/Barbearia+Agapito/data=!4m7!3m6!1s0x94deb1e2eaab972d:0x93203b137ba64365!8m2!3d-26.2695197!4d-48.8104676!16s%2Fg%2F1v75t1jg!19sChIJLZer6uKx3pQRZUOmexM7IJM,Não,,,Pendente,,,,Não,Google Maps exibe Adicionar website; verificado em 13/08/2026.,barbearia
BarbeariaGF9,Barbearia,47996478350,Joinville,https://www.google.com/maps/place/BarbeariaGF9/data=!4m7!3m6!1s0x94deb1b63504621f:0xf55debd1cb8b7e28!8m2!3d-26.2772371!4d-48.8225692!16s%2Fg%2F11wfwl9s2x!19sChIJH2IENbax3pQRKH6Ly9HrXfU,Não,,,Pendente,,,,Não,Google Maps exibe Adicionar website; verificado em 13/08/2026.,barbearia
Barbearia Max,Barbearia,4730294139,Joinville,https://www.google.com/maps/place/Barbearia+Max/data=!4m7!3m6!1s0x94deb1a34c66e5ef:0xf9f284ebdea6cfc6!8m2!3d-26.3030496!4d-48.8239617!16s%2Fg%2F11gfm29tkf!19sChIJ7-VmTKOx3pQRxs-m3uuE8vk,Não,,,Pendente,,,,Não,Google Maps exibe Adicionar website; verificado em 13/08/2026.,barbearia
Barbearia Tertúlia,Barbearia,47984249901,Joinville,https://www.google.com/maps/place/Barbearia+Tert%C3%BAlia/data=!4m7!3m6!1s0x94deb1cebdc16ca3:0xc9ed1105a659865f!8m2!3d-26.3060947!4d-48.8262057!16s%2Fg%2F11z2g_z04t!19sChIJo2zBvc6x3pQRX4ZZpgUR7ck,Não,,,Pendente,,,,Não,Google Maps exibe Adicionar website; verificado em 13/08/2026.,barbearia
Boa Vista barbearia,Barbearia,4732787000,Joinville,https://www.google.com/maps/place/Boa+Vista+barbearia/data=!4m7!3m6!1s0x94deb10013c76c21:0xff29daff92ff6a1c!8m2!3d-26.2964438!4d-48.8181057!16s%2Fg%2F11z5385sy9!19sChIJIWzHEwCx3pQRHGr_kv_aKf8,Não,,,Pendente,,,,Não,Google Maps exibe Adicionar website; verificado em 13/08/2026.,barbearia
barbearia joinvillesc,Barbearia,47992717452,Joinville,https://www.google.com/maps/place/barbearia+joinvillesc/data=!4m7!3m6!1s0x94deb165b3270305:0x3e7bd936b8fe95eb!8m2!3d-26.2977036!4d-48.820388!16s%2Fg%2F11yvb11fcy!19sChIJBQMns2Wx3pQR65X-uDbZez4,Não,,,Pendente,,,,Não,Google Maps exibe Adicionar website; verificado em 13/08/2026.,barbearia
LF Barbearia,Barbearia,47992354330,Joinville,https://www.google.com/maps/place/LF+Barbearia/data=!4m7!3m6!1s0x94deb16db49169c1:0x7f258c8b79851f59!8m2!3d-26.3008464!4d-48.8160618!16s%2Fg%2F11zdj3lw9_!19sChIJwWmRtG2x3pQRWR-FeYuMJX8,Não,,,Pendente,,,,Não,Google Maps exibe Adicionar website; verificado em 13/08/2026.,barbearia
Sílvio Barbearia,Barbearia,47999648535,Joinville,https://www.google.com/maps/place/S%C3%ADlvio+Barbearia/data=!4m7!3m6!1s0x94deb1942ec0d885:0xd4153ea9fda429ee!8m2!3d-26.2946969!4d-48.8167059!16s%2Fg%2F11bv30gw5g!19sChIJhdjALpSx3pQR7imk_ak-FdQ,Não,,,Pendente,,,,Não,Google Maps exibe Adicionar website; verificado em 13/08/2026.,barbearia
Barbearia do Jacinto,Barbearia,4730234225,Joinville,https://www.google.com/maps/place/Barbearia+do+Jacinto/data=!4m7!3m6!1s0x94deb1a157254d6f:0xf69b5ecef1e4343b!8m2!3d-26.3076986!4d-48.8240654!16s%2Fg%2F11bv30ggz8!19sChIJb00lV6Gx3pQROzTk8c5em_Y,Não,,,Pendente,,,,Não,Google Maps exibe Adicionar website; verificado em 13/08/2026.,barbearia
East Side Barbearia,Barbearia,47997932836,Joinville,https://www.google.com/maps/place/East+Side+Barbearia/data=!4m7!3m6!1s0x94deb1969914d811:0x3de8de7a34c6be9f!8m2!3d-26.3002269!4d-48.8150473!16s%2Fg%2F11g8vmv_cm!19sChIJEdgUmZax3pQRn77GNHre6D0,Não,,,Pendente,,,,Não,Google Maps exibe Adicionar website; verificado em 13/08/2026.,barbearia
Barbearia Furquim,Barbearia,47996465998,Joinville,https://www.google.com/maps/place/Barbearia+Furquim/data=!4m7!3m6!1s0x94deb1a4bc75aaa3:0xb1f5235a00dc15ea!8m2!3d-26.3060719!4d-48.8260449!16s%2Fg%2F11spnyp75j!19sChIJo6p1vKSx3pQR6hXcAFoj9bE,Não,,,Pendente,,,,Não,Google Maps exibe Adicionar website; verificado em 13/08/2026.,barbearia
3ª Avenida - Custom House,Barbearia,47997568392,Joinville,https://www.google.com/maps/place/3%C2%AA+Avenida+-+Custom+House/data=!4m7!3m6!1s0x94deb160bcb37019:0x18f771dff3a26e4!8m2!3d-26.2939711!4d-48.8184345!16s%2Fg%2F11qn981lvk!19sChIJGXCzvGCx3pQR5CY6_x13jwE,Não,,,Pendente,,,,Não,Google Maps exibe Adicionar website; verificado em 13/08/2026.,barbearia
Manicure Pedicure unhas em Gel,Manicure,47996645290,Joinville,https://www.google.com/maps/place/Manicure+Pedicure+unhas+em+Gel/data=!4m7!3m6!1s0x94deb527af1b635d:0x403df3eddbc93a9!8m2!3d-26.3678349!4d-48.829329!16s%2Fg%2F11s731gnvy!19sChIJXWMbrye13pQRqZO83T7fAwQ,Não,,,Pendente,,,,Não,Google Maps exibe Adicionar website; verificado em 13/08/2026.,manicure
Luciana Souza Nail Designer,Manicure,47991373593,Joinville,https://www.google.com/maps/place/Luciana+Souza+Nail+Designer/data=!4m7!3m6!1s0x94deb7dc90faa777:0x759e4ac0f1acac4f!8m2!3d-26.3615807!4d-48.8249267!16s%2Fg%2F11ss_38v0k!19sChIJd6f6kNy33pQRT6ys8cBKnnU,Não,,,Pendente,,,,Não,Google Maps exibe Adicionar website; verificado em 13/08/2026.,manicure
Alleh Franqui | Nail Designer Joinville Boehmerwald,Manicure,47984556324,Joinville,https://www.google.com/maps/place/Alleh+Franqui+%7C+Nail+Designer+Joinville+Boehmerwald/data=!4m7!3m6!1s0x94deb7abb7fa3a5f:0xb7ac1df7bc3d148b!8m2!3d-26.3591063!4d-48.8353985!16s%2Fg%2F11z4q59n3n!19sChIJXzr6t6u33pQRixQ9vPcdrLc,Não,,,Pendente,,,,Não,Google Maps exibe Adicionar website; verificado em 13/08/2026.,manicure
Espaço Nanda Glen,Manicure,47992056888,Joinville,https://www.google.com/maps/place/Espa%C3%A7o+Nanda+Glen/data=!4m7!3m6!1s0x94deb1a29239b753:0xac12fa83b5e936cc!8m2!3d-26.357129!4d-48.8317827!16s%2Fg%2F11j5bgpjlq!19sChIJU7c5kqKx3pQRzDbptYP6Eqw,Não,,,Pendente,,,,Não,Google Maps exibe Adicionar website; verificado em 13/08/2026.,manicure
Isa Letícia Nail Designer,Manicure,47996569476,Joinville,https://www.google.com/maps/place/Isa+Let%C3%ADcia+Nail+Designer/data=!4m7!3m6!1s0x94deb7a4d3a10787:0x247c9ec6a0284c3!8m2!3d-26.3686795!4d-48.8266316!16s%2Fg%2F11z4yl_j8v!19sChIJhweh06S33pQRw4QCauzJRwI,Não,,,Pendente,,,,Não,Google Maps exibe Adicionar website; verificado em 13/08/2026.,manicure
Clau Unhas Manicure,Manicure,47996957312,Joinville,https://www.google.com/maps/place/Clau+Unhas+Manicure/data=!4m7!3m6!1s0x94deb7c95b1b4c63:0x4b7d1e2724a96469!8m2!3d-26.3581064!4d-48.8360189!16s%2Fg%2F11z3wwn70b!19sChIJY0wbW8m33pQRaWSpJCcefUs,Não,,,Pendente,,,,Não,Google Maps exibe Adicionar website; verificado em 13/08/2026.,manicure
Jana Mazzocatto Nails,Manicure,47997446386,Joinville,https://www.google.com/maps/place/Jana+Mazzocatto+Nails/data=!4m7!3m6!1s0x94deb1f00f0c571d:0xa6a8138106cbc32b!8m2!3d-26.3598793!4d-48.8294765!16s%2Fg%2F11h3mpvl89!19sChIJHVcMD_Cx3pQRK8PLBoETqKY,Não,,,Pendente,,,,Não,Google Maps exibe Adicionar website; verificado em 13/08/2026.,manicure
Jaque Schweig | Alongamento de Unha | Blindagem em Gel,Manicure,47984047351,Joinville,https://www.google.com/maps/place/Jaque+Schweig+%7C+Alongamento+de+Unha+%7C+Blindagem+em+Gel/data=!4m7!3m6!1s0x94deb1f0a98c32ff:0x516dd210d446e135!8m2!3d-26.3509798!4d-48.8244144!16s%2Fg%2F11hl7dw5qy!19sChIJ_zKMqfCx3pQRNeFG1BDSbVE,Não,,,Pendente,,,,Não,Google Maps exibe Adicionar website; verificado em 13/08/2026.,manicure
Sol Nails,Manicure,47999019336,Joinville,https://www.google.com/maps/place/Sol+Nails/data=!4m7!3m6!1s0x94deb7aeb83c6ae3:0xba0ec637998e3cb!8m2!3d-26.3604436!4d-48.8245591!16s%2Fg%2F11v5sh0m7z!19sChIJ42o8uK633pQRy-OYeWPsoAs,Não,,,Pendente,,,,Não,Google Maps exibe Adicionar website; verificado em 13/08/2026.,manicure
Studio Veridiana Regina,Manicure,47996031244,Joinville,https://www.google.com/maps/place/Studio+Veridiana+Regina/data=!4m7!3m6!1s0x94deb1004e56420f:0xfd0e8e60de7f6208!8m2!3d-26.3661674!4d-48.8278233!16s%2Fg%2F11w4450b6l!19sChIJD0JWTgCx3pQRCGJ_3mCODv0,Não,,,Pendente,,,,Não,Google Maps exibe Adicionar website; verificado em 13/08/2026.,manicure
Studio Gesser nail designer,Manicure,47997182639,Joinville,https://www.google.com/maps/place/Studio+Gesser+nail+designer/data=!4m7!3m6!1s0x94deb7db744d73ad:0xda58beafebf53b92!8m2!3d-26.3709457!4d-48.840702!16s%2Fg%2F11xn49h_xw!19sChIJrXNNdNu33pQRkjv166--WNo,Não,,,Pendente,,,,Não,Google Maps exibe Adicionar website; verificado em 13/08/2026.,manicure
Marga Nails designer,Manicure,47997287973,Joinville,https://www.google.com/maps/place/Marga+Nails+designer/data=!4m7!3m6!1s0x94deb710c2249875:0xf3b48f8e051da64a!8m2!3d-26.3609404!4d-48.8341147!16s%2Fg%2F11ypz0_x3s!19sChIJdZgkwhC33pQRSqYdBY6PtPM,Não,,,Pendente,,,,Não,Google Maps exibe Adicionar website; verificado em 13/08/2026.,manicure
Studio Cknails,Manicure,47997384206,Joinville,https://www.google.com/maps/place/Studio+Cknails/data=!4m7!3m6!1s0x94deb77f784f7755:0xda89a830efab8e4c!8m2!3d-26.3620202!4d-48.81421!16s%2Fg%2F11npt4h79r!19sChIJVXdPeH-33pQRTI6r7zCoido,Não,,,Pendente,,,,Não,Google Maps exibe Adicionar website; verificado em 13/08/2026.,manicure
Danielle Santos Nail Designer,Manicure,47996471175,Joinville,https://www.google.com/maps/place/Danielle+Santos+Nail+Designer/data=!4m7!3m6!1s0x94deb7ccc1fa2bf9:0x89eb83a34ce06d6e!8m2!3d-26.366401!4d-48.8232961!16s%2Fg%2F11p5gcxgf3!19sChIJ-Sv6wcy33pQRbm3gTKOD64k,Não,,,Pendente,,,,Não,Google Maps exibe Adicionar website; verificado em 13/08/2026.,manicure
Jully Rabelo unhas,Manicure,47999405895,Joinville,https://www.google.com/maps/place/Jully+Rabelo+unhas/data=!4m7!3m6!1s0x94deb1d79ede1e47:0xe375bed14c283c22!8m2!3d-26.3628976!4d-48.8370402!16s%2Fg%2F11y573sxqr!19sChIJRx7entex3pQRIjwoTNG-deM,Não,,,Pendente,,,,Não,Google Maps exibe Adicionar website; verificado em 13/08/2026.,manicure
Nika Souza Esmalteria,Manicure,47991804914,Joinville,https://www.google.com/maps/place/Nika+Souza+Esmalteria/data=!4m7!3m6!1s0x94deb7e555c20c2f:0x68fb6c1ed4d63871!8m2!3d-26.3608723!4d-48.8386579!16s%2Fg%2F11rbfr0h4q!19sChIJLwzCVeW33pQRcTjW1B5s-2g,Não,,,Pendente,,,,Não,Google Maps exibe Adicionar website; verificado em 13/08/2026.,manicure
Esmalteria Geisiane Souza,Manicure,47997877127,Joinville,https://www.google.com/maps/place/Esmalteria+Geisiane+Souza/data=!4m7!3m6!1s0x94deb7537d9d56cd:0xdba86da68d775783!8m2!3d-26.3699042!4d-48.8456904!16s%2Fg%2F11l6xblfjc!19sChIJzVadfVO33pQRg1d3jaZtqNs,Não,,,Pendente,,,,Não,Google Maps exibe Adicionar website; verificado em 13/08/2026.,manicure
Esmalteria Nayra Costa,Manicure,47988706691,Joinville,https://www.google.com/maps/place/Esmalteria+Nayra+Costa/data=!4m7!3m6!1s0x94deafcf2ce269db:0x7557e916534a0358!8m2!3d-26.2782169!4d-48.8707695!16s%2Fg%2F11yw1xkf47!19sChIJ22niLM-v3pQRWANKUxbpV3U,Não,,,Pendente,,,,Não,Google Maps exibe Adicionar website; verificado em 13/08/2026.,manicure
Della’s Esmalteria - Spazio Della’s,Manicure,47996244841,Joinville,https://www.google.com/maps/place/Della%E2%80%99s+Esmalteria+-+Spazio+Della%E2%80%99s/data=!4m7!3m6!1s0x94deb1abea2eaafb:0x176f248d4cc5223e!8m2!3d-26.327011!4d-48.8456797!16s%2Fg%2F11lq1pd1mf!19sChIJ-6ou6qux3pQRPiLFTI0kbxc,Não,,,Pendente,,,,Não,Google Maps exibe Adicionar website; verificado em 13/08/2026.,manicure
Esmalteria Cor di Rosa,Manicure,47996626090,Joinville,https://www.google.com/maps/place/Esmalteria+Cor+di+Rosa/data=!4m7!3m6!1s0x94deb11237eba191:0x1194ccde9218aea8!8m2!3d-26.3212783!4d-48.8468583!16s%2Fg%2F11w3rhbbh0!19sChIJkaHrNxKx3pQRqK4Ykt7MlBE,Não,,,Pendente,,,,Não,Google Maps exibe Adicionar website; verificado em 13/08/2026.,manicure
Esmalteria Bella&Cor,Manicure,47996572385,Joinville,https://www.google.com/maps/place/Esmalteria+Bella%26Cor/data=!4m7!3m6!1s0x94deb10a7316513b:0xe838bb2fba917dbc!8m2!3d-26.344655!4d-48.8474042!16s%2Fg%2F11nt_5llvm!19sChIJO1EWcwqx3pQRvH2Rui-7OOg,Não,,,Pendente,,,,Não,Google Maps exibe Adicionar website; verificado em 13/08/2026.,manicure
Jade Esmalteria Express,Manicure,47996868867,Joinville,https://www.google.com/maps/place/Jade+Esmalteria+Express/data=!4m7!3m6!1s0x94deb16320a1c1a9:0xb8b5114350174cf6!8m2!3d-26.3284762!4d-48.833718!16s%2Fg%2F11ydrh68c2!19sChIJqcGhIGOx3pQR9kwXUEMRtbg,Não,,,Pendente,,,,Não,Google Maps exibe Adicionar website; verificado em 13/08/2026.,manicure
Lanny Barbosa | Manicure | Unha em gel | Esmaltação em gel em Joinville 💅🏻,Manicure,47996718619,Joinville,https://www.google.com/maps/place/Lanny+Barbosa+%7C+Manicure+%7C+Unha+em+gel+%7C+Esmalta%C3%A7%C3%A3o+em+gel+em+Joinville+%F0%9F%92%85%F0%9F%8F%BB/data=!4m7!3m6!1s0x94deaf419c270cf7:0x52704f0d10e8305b!8m2!3d-26.2698378!4d-48.8178048!16s%2Fg%2F11nb422hnf!19sChIJ9wwnnEGv3pQRWzDoEA1PcFI,Não,,,Pendente,,,,Não,Google Maps exibe Adicionar website; verificado em 13/08/2026.,manicure
💅 Esmalteria Aventureiro | Josiane Batista Nails Unhas tradicionais Spa,Manicure,47991322406,Joinville,https://www.google.com/maps/place/%F0%9F%92%85+Esmalteria+Aventureiro+%7C+Josiane+Batista+Nails+Unhas+tradicionais+Spa/data=!4m7!3m6!1s0x94deaf23247ad79d:0xa519aa596fa9002f!8m2!3d-26.259122!4d-48.8126792!16s%2Fg%2F11p9bld53t!19sChIJndd6JCOv3pQRLwCpb1mqGaU,Não,,,Pendente,,,,Não,Google Maps exibe Adicionar website; verificado em 13/08/2026.,manicure
Dellas Beleza e Bem-Estar,Manicure,47999003595,Joinville,https://www.google.com/maps/place/Dellas+Beleza+e+Bem-Estar/data=!4m7!3m6!1s0x94deb1f4985221b1:0xb510feada1842b78!8m2!3d-26.300054!4d-48.819328!16s%2Fg%2F11hzz40srp!19sChIJsSFSmPSx3pQReCuEoa3-ELU,Não,,,Pendente,,,,Não,Google Maps exibe Adicionar website; verificado em 13/08/2026.,manicure
Rubi Art Nails Joinville,Manicure,47992222904,Joinville,https://www.google.com/maps/place/Rubi+Art+Nails+Joinville/data=!4m7!3m6!1s0x94deb1dfb0f76751:0x4ca52c899f2930b7!8m2!3d-26.30177!4d-48.846497!16s%2Fg%2F11z0jlzj1n!19sChIJUWf3sN-x3pQRtzApn4kspUw,Não,,,Pendente,,,,Não,Google Maps exibe Adicionar website; verificado em 13/08/2026.,manicure
Ivonete Amaro - Unhas em Gel,Manicure,47999166141,Joinville,https://www.google.com/maps/place/Ivonete+Amaro+-+Unhas+em+Gel/data=!4m7!3m6!1s0x94deb1354e1d5f4d:0x8f3351e4cd9b4ea8!8m2!3d-26.307195!4d-48.8454274!16s%2Fg%2F11n48cx2nh!19sChIJTV8dTjWx3pQRqE6bzeRRM48,Não,,,Pendente,,,,Não,Google Maps exibe Adicionar website; verificado em 13/08/2026.,manicure
Sil Nail Designer,Manicure,47984820306,Joinville,https://www.google.com/maps/place/Sil+Nail+Designer/data=!4m7!3m6!1s0x94deb1c2e17fea9b:0x55c37a1f53156eb3!8m2!3d-26.3031409!4d-48.8448887!16s%2Fg%2F11wtlgw2kw!19sChIJm-p_4cKx3pQRs24VUx96w1U,Não,,,Pendente,,,,Não,Google Maps exibe Adicionar website; verificado em 13/08/2026.,manicure
Manicure Ale e May,Manicure,47992891137,Joinville,https://www.google.com/maps/place/Manicure+Ale+e+May/data=!4m7!3m6!1s0x94deb13cc2ad3c7b:0x7a02d4a86ab3818d!8m2!3d-26.2998716!4d-48.8485351!16s%2Fg%2F11vy28xqwz!19sChIJezytwjyx3pQRjYGzaqjUAno,Não,,,Pendente,,,,Não,Google Maps exibe Adicionar website; verificado em 13/08/2026.,manicure
Kuchlik nails,Manicure,47989242827,Joinville,https://www.google.com/maps/place/Kuchlik+nails/data=!4m7!3m6!1s0x94deb17cdf1d50e9:0xb08e1bb1ff7dd6b4!8m2!3d-26.3053585!4d-48.8533786!16s%2Fg%2F11z5_mnzvq!19sChIJ6VAd33yx3pQRtNZ9_7EbjrA,Não,,,Pendente,,,,Não,Google Maps exibe Adicionar website; verificado em 13/08/2026.,manicure
Pâmela Schuchardt Miranda Nail designer,Manicure,47988651552,Joinville,https://www.google.com/maps/place/P%C3%A2mela+Schuchardt+Miranda+Nail+designer/data=!4m7!3m6!1s0x94deb05011fb04e5:0xd2fcc190128db804!8m2!3d-26.3120597!4d-48.8491534!16s%2Fg%2F11f2w5v_8w!19sChIJ5QT7EVCw3pQRBLiNEpDB_NI,Não,,,Pendente,,,,Não,Google Maps exibe Adicionar website; verificado em 13/08/2026.,manicure
Regina Cabral Naildesign,Manicure,47997245096,Joinville,https://www.google.com/maps/place/Regina+Cabral+Naildesign/data=!4m7!3m6!1s0x94deb1a0743dc61d:0xe15e27d4d1046f89!8m2!3d-26.299848!4d-48.846682!16s%2Fg%2F11kqzysgs5!19sChIJHcY9dKCx3pQRiW8E0dQnXuE,Não,,,Pendente,,,,Não,Google Maps exibe Adicionar website; verificado em 13/08/2026.,manicure
Dahlia Esmalteria,Manicure,47988255169,Joinville,https://www.google.com/maps/place/Dahlia+Esmalteria/data=!4m7!3m6!1s0x94deb1aaf590467f:0xde47e5f16fc6a4d8!8m2!3d-26.2995662!4d-48.8502359!16s%2Fg%2F11z9ghz476!19sChIJf0aQ9aqx3pQR2KTGb_HlR94,Não,,,Pendente,,,,Não,Google Maps exibe Adicionar website; verificado em 13/08/2026.,manicure
Lary Santos - Nail Designer,Manicure,47996869197,Joinville,https://www.google.com/maps/place/Lary+Santos+-+Nail+Designer/data=!4m7!3m6!1s0x94deb1c1eddc184f:0xc6b2fa8181e5ffb1!8m2!3d-26.3001526!4d-48.8212508!16s%2Fg%2F11y39dm43n!19sChIJTxjc7cGx3pQRsf_lgYH6ssY,Não,,,Pendente,,,,Não,Google Maps exibe Adicionar website; verificado em 13/08/2026.,manicure
Destak Unha e Cabelo,Manicure,47991058105,Joinville,https://www.google.com/maps/place/Destak+Unha+e+Cabelo/data=!4m7!3m6!1s0x94deb104c9508971:0x8eb8041abe048d8b!8m2!3d-26.2984648!4d-48.8482689!16s%2Fg%2F11kj2_kgkd!19sChIJcYlQyQSx3pQRi40EvhoEuI4,Não,,,Pendente,,,,Não,Google Maps exibe Adicionar website; verificado em 13/08/2026.,manicure
Donas Studio de beleza,Manicure,47999179585,Joinville,https://www.google.com/maps/place/Donas+Studio+de+beleza/data=!4m7!3m6!1s0x94deb7b4ebadd46d:0xdf3ea0c133dd0838!8m2!3d-26.3692468!4d-48.8236065!16s%2Fg%2F11xsbdf0zv!19sChIJbdSt67S33pQROAjdM8GgPt8,Não,,,Pendente,,,,Não,Google Maps exibe Adicionar website; verificado em 13/08/2026.,manicure
Estúdio Aura Nail spa,Manicure,47997598568,Joinville,https://www.google.com/maps/place/Est%C3%BAdio+Aura+Nail+spa/data=!4m7!3m6!1s0x94deb1cd02e788bb:0x2c9610c6804b982d!8m2!3d-26.2906911!4d-48.8622297!16s%2Fg%2F11zfqh1m1v!19sChIJu4jnAs2x3pQRLZhLgMYQliw,Não,,,Pendente,,,,Não,Google Maps exibe Adicionar website; verificado em 13/08/2026.,manicure
Leia soares manicure,Manicure,47996429167,Joinville,https://www.google.com/maps/place/Leia+soares+manicure/data=!4m7!3m6!1s0x94deb1953e6b0c69:0x78657078f8d502cd!8m2!3d-26.3211514!4d-48.81623!16s%2Fg%2F11p0rj4d51!19sChIJaQxrPpWx3pQRzQLV-HhwZXg,Não,,,Pendente,,,,Não,Google Maps exibe Adicionar website; verificado em 13/08/2026.,manicure
Studio Jana Moreira Nail Designer,Manicure,47996068969,Joinville,https://www.google.com/maps/place/Studio+Jana+Moreira+Nail+Designer/data=!4m7!3m6!1s0x94deb15b880a1ae5:0x68eee0d9a4ce894e!8m2!3d-26.3342935!4d-48.8540588!16s%2Fg%2F11tsdfp0wp!19sChIJ5RoKiFux3pQRTonOpNng7mg,Não,,,Pendente,,,,Não,Google Maps exibe Adicionar website; verificado em 13/08/2026.,manicure
Jéssica Luchese Nail Designer,Manicure,47988165750,Joinville,https://www.google.com/maps/place/J%C3%A9ssica+Luchese+Nail+Designer/data=!4m7!3m6!1s0x94deb7c7b6a51dd5:0xe8cfc38fb5d73f5d!8m2!3d-26.3699654!4d-48.8209783!16s%2Fg%2F11vys7n006!19sChIJ1R2ltse33pQRXT_XtY_Dz-g,Não,,,Pendente,,,,Não,Google Maps exibe Adicionar website; verificado em 13/08/2026.,manicure
Studio Brenda Cristine,Manicure,47984836667,Joinville,https://www.google.com/maps/place/Studio+Brenda+Cristine/data=!4m7!3m6!1s0x94deafa53371734f:0xc83c537e2cef546c!8m2!3d-26.2973024!4d-48.8517919!16s%2Fg%2F11nqcj_cxm!19sChIJT3NxM6Wv3pQRbFTvLH5TPMg,Não,,,Pendente,,,,Não,Google Maps exibe Adicionar website; verificado em 13/08/2026.,manicure
NAYA Ateliê de Beleza,Manicure,47988387048,Joinville,https://www.google.com/maps/place/NAYA+Ateli%C3%AA+de+Beleza/data=!4m7!3m6!1s0x94deb17560eeda01:0xc386de35daf15958!8m2!3d-26.2866582!4d-48.8506356!16s%2Fg%2F11ygpmvtld!19sChIJAdruYHWx3pQRWFnx2jXehsM,Não,,,Pendente,,,,Não,Google Maps exibe Adicionar website; verificado em 13/08/2026.,manicure
Amanda Hake Esmalteria,Manicure,47999063549,Joinville,https://www.google.com/maps/place/Amanda+Hake+Esmalteria/data=!4m7!3m6!1s0x94deb1b1a7e2ccc7:0x6ade178ac6172a04!8m2!3d-26.3008418!4d-48.8104996!16s%2Fg%2F11w1gjvvy9!19sChIJx8zip7Gx3pQRBCoXxooX3mo,Não,,,Pendente,,,,Não,Google Maps exibe Adicionar website; verificado em 13/08/2026.,manicure
Studio Maiara nail designer,Manicure,47996616684,Joinville,https://www.google.com/maps/place/Studio+Maiara+nail+designer/data=!4m7!3m6!1s0x94deb1426ece8257:0xe149a05388143a69!8m2!3d-26.3087436!4d-48.8609527!16s%2Fg%2F11ssf71q5f!19sChIJV4LObkKx3pQRaToUiFOgSeE,Não,,,Pendente,,,,Não,Google Maps exibe Adicionar website; verificado em 13/08/2026.,manicure
Irene Studio de unhas,Manicure,47988037707,Joinville,https://www.google.com/maps/place/Irene+Studio+de+unhas/data=!4m7!3m6!1s0x94deb16c78a066d1:0x4c8b8649127a84c7!8m2!3d-26.3043356!4d-48.8615367!16s%2Fg%2F11npd701pb!19sChIJ0WageGyx3pQRx4R6EkmGi0w,Não,,,Pendente,,,,Não,Google Maps exibe Adicionar website; verificado em 13/08/2026.,manicure
Sabrina Guedes Naildesing manicure,Manicure,47984724960,Joinville,https://www.google.com/maps/place/Sabrina+Guedes+Naildesing+manicure/data=!4m7!3m6!1s0x94deb19bc9bf46dd:0x849b94a427adcc1c!8m2!3d-26.3027008!4d-48.8630413!16s%2Fg%2F11yywqhpvw!19sChIJ3Ua_yZux3pQRHMytJ6SUm4Q,Não,,,Pendente,,,,Não,Google Maps exibe Adicionar website; verificado em 13/08/2026.,manicure
Studio Francine Santos,Manicure,4732026372,Joinville,https://www.google.com/maps/place/Studio+Francine+Santos/data=!4m7!3m6!1s0x94deb19b7bcd5faf:0x5d00521029ef951!8m2!3d-26.3003373!4d-48.8532805!16s%2Fg%2F11h_bp0l4f!19sChIJr1_Ne5ux3pQRUfmeAiEF0AU,Não,,,Pendente,,,,Não,Google Maps exibe Adicionar website; verificado em 13/08/2026.,manicure
Studio Nil Martins,Manicure,47988583694,Joinville,https://www.google.com/maps/place/Studio+Nil+Martins/data=!4m7!3m6!1s0x94deb18827c9db21:0xfd4f8fc4979e4508!8m2!3d-26.3150309!4d-48.8454324!16s%2Fg%2F11zb9k48h7!19sChIJIdvJJ4ix3pQRCEWel8SPT_0,Não,,,Pendente,,,,Não,Google Maps exibe Adicionar website; verificado em 13/08/2026.,manicure
Débora Ávila Nail Designer,Manicure,47997068572,Joinville,https://www.google.com/maps/place/D%C3%A9bora+%C3%81vila+Nail+Designer/data=!4m7!3m6!1s0x94deb1aafacd8021:0xf32ffc6b790eb1eb!8m2!3d-26.3005331!4d-48.8646909!16s%2Fg%2F11ybnrl5cr!19sChIJIYDN-qqx3pQR67EOeWv8L_M,Não,,,Pendente,,,,Não,Google Maps exibe Adicionar website; verificado em 13/08/2026.,manicure
ESTUDIO GABRIELA NAILS,Manicure,47997566108,Joinville,https://www.google.com/maps/place/ESTUDIO+GABRIELA+NAILS/data=!4m7!3m6!1s0x94deb1a53fd01363:0xab253dbe0d25fd5d!8m2!3d-26.3093432!4d-48.8548362!16s%2Fg%2F11y5mpl2mh!19sChIJYxPQP6Wx3pQRXf0lDb49Jas,Não,,,Pendente,,,,Não,Google Maps exibe Adicionar website; verificado em 13/08/2026.,manicure
Fernanda Cavaliere Esmalteria,Manicure,47988258995,Joinville,https://www.google.com/maps/place/Fernanda+Cavaliere+Esmalteria/data=!4m7!3m6!1s0x94deb1cd48d1b755:0x39a42dba8a32c744!8m2!3d-26.3024425!4d-48.8562203!16s%2Fg%2F11lzn8xq3q!19sChIJVbfRSM2x3pQRRMcyirotpDk,Não,,,Pendente,,,,Não,Google Maps exibe Adicionar website; verificado em 13/08/2026.,manicure
Simone Vinotti Beauté,Manicure,47996075962,Joinville,https://www.google.com/maps/place/Simone+Vinotti+Beaut%C3%A9/data=!4m7!3m6!1s0x94deb17e3bc8b2f7:0x7b17d2496a7d6149!8m2!3d-26.300337!4d-48.853281!16s%2Fg%2F11s47qjqxr!19sChIJ97LIO36x3pQRSWF9aknSF3s,Não,,,Pendente,,,,Não,Google Maps exibe Adicionar website; verificado em 13/08/2026.,manicure
Jessica Oliveira Beauty Artist,Manicure,47999005598,Joinville,https://www.google.com/maps/place/Jessica+Oliveira+Beauty+Artist/data=!4m7!3m6!1s0x94deb1a83562402d:0x415fa61ab3fe3474!8m2!3d-26.3045441!4d-48.8594893!16s%2Fg%2F11sk3bbldk!19sChIJLUBiNaix3pQRdDT-sxqmX0E,Não,,,Pendente,,,,Não,Google Maps exibe Adicionar website; verificado em 13/08/2026.,manicure
Ateliê de unhas Silvana Gonçalves,Manicure,47997150721,Joinville,https://www.google.com/maps/place/Ateli%C3%AA+de+unhas+Silvana+Gon%C3%A7alves/data=!4m7!3m6!1s0x94deb1f9a96d0cc5:0xa65e5c760a145952!8m2!3d-26.313665!4d-48.8472153!16s%2Fg%2F11f77vkxyf!19sChIJxQxtqfmx3pQRUlkUCnZcXqY,Não,,,Pendente,,,,Não,Google Maps exibe Adicionar website; verificado em 13/08/2026.,manicure
Bru Nail Designer,Manicure,47996666953,Joinville,https://www.google.com/maps/place/Bru+Nail+Designer/data=!4m7!3m6!1s0x94deb1fe795d5af5:0xe0466240a7c903e!8m2!3d-26.3163231!4d-48.845806!16s%2Fg%2F11m6rksbkx!19sChIJ9Vpdef6x3pQRPpB8CiRmBA4,Não,,,Pendente,,,,Não,Google Maps exibe Adicionar website; verificado em 13/08/2026.,manicure
Fran Góes Nails,Manicure,47997239836,Joinville,https://www.google.com/maps/place/Fran+G%C3%B3es+Nails/data=!4m7!3m6!1s0x94deb12eef8bf909:0x34cdf9afa1c1e74!8m2!3d-26.3241262!4d-48.8552771!16s%2Fg%2F11v63106tb!19sChIJCfmL7y6x3pQRdB4c-prfTAM,Não,,,Pendente,,,,Não,Google Maps exibe Adicionar website; verificado em 13/08/2026.,manicure
Stefani Borges Nails Designer,Manicure,47996965511,Joinville,https://www.google.com/maps/place/Stefani+Borges+Nails+Designer/data=!4m7!3m6!1s0x94deb11de08e8ac9:0x78caee31930b2f6b!8m2!3d-26.3169423!4d-48.8497548!16s%2Fg%2F11mzwl145g!19sChIJyYqO4B2x3pQRay8LkzHuyng,Não,,,Pendente,,,,Não,Google Maps exibe Adicionar website; verificado em 13/08/2026.,manicure
Fabi Vieira - Nail Designer,Manicure,47999207754,Joinville,https://www.google.com/maps/place/Fabi+Vieira+-+Nail+Designer/data=!4m7!3m6!1s0x94deb1105b129a77:0xbc805475c657d4f4!8m2!3d-26.3213394!4d-48.8593704!16s%2Fg%2F11rp4f7mdw!19sChIJd5oSWxCx3pQR9NRXxnVUgLw,Não,,,Pendente,,,,Não,Google Maps exibe Adicionar website; verificado em 13/08/2026.,manicure
Mary Rocha Nail designer,Manicure,47996798161,Joinville,https://www.google.com/maps/place/Mary+Rocha+Nail+designer/data=!4m7!3m6!1s0x94deb13a75868bcd:0x5c97ef952c40ddb3!8m2!3d-26.3181212!4d-48.8506272!16s%2Fg%2F11xgkdgq8f!19sChIJzYuGdTqx3pQRs91ALJXvl1w,Não,,,Pendente,,,,Não,Google Maps exibe Adicionar website; verificado em 13/08/2026.,manicure
Jana Salvador Nail Designer,Manicure,47999641205,Joinville,https://www.google.com/maps/place/Jana+Salvador+Nail+Designer/data=!4m7!3m6!1s0x94deb12d3bd25313:0x64b16ee9cdbbc469!8m2!3d-26.3162942!4d-48.8598937!16s%2Fg%2F11qbzxcs9z!19sChIJE1PSOy2x3pQRacS7zelusWQ,Não,,,Pendente,,,,Não,Google Maps exibe Adicionar website; verificado em 13/08/2026.,manicure
Pathy Ferraz Manicure,Manicure,47988921016,Joinville,https://www.google.com/maps/place/Pathy+Ferraz+Manicure/data=!4m7!3m6!1s0x94deb17d86ae16fd:0xc3c65297f0fb213f!8m2!3d-26.3213478!4d-48.8470729!16s%2Fg%2F11ldlq8pk4!19sChIJ_Rauhn2x3pQRPyH78JdSxsM,Não,,,Pendente,,,,Não,Google Maps exibe Adicionar website; verificado em 13/08/2026.,manicure
KP Studio Nails,Manicure,47997710942,Joinville,https://www.google.com/maps/place/KP+Studio+Nails/data=!4m7!3m6!1s0x94deb7a73efc7ba7:0x52b0db702596d3ec!8m2!3d-26.375752!4d-48.8227521!16s%2Fg%2F11hfgc_pgt!19sChIJp3v8Pqe33pQR7NOWJXDbsFI,Não,,,Pendente,,,,Não,Google Maps exibe Adicionar website; verificado em 13/08/2026.,manicure
Karolyne Almeida,Manicure,47991638769,Joinville,https://www.google.com/maps/place/Karolyne+Almeida/data=!4m7!3m6!1s0x94deaf231bdb0977:0xb70ef50595ac41c2!8m2!3d-26.2826878!4d-48.8423209!16s%2Fg%2F11y19kkysc!19sChIJdwnbGyOv3pQRwkGslQX1Drc,Não,,,Pendente,,,,Não,Google Maps exibe Adicionar website; verificado em 13/08/2026.,manicure
Sara Nails Designer,Manicure,47996991037,Joinville,https://www.google.com/maps/place/Sara+Nails+Designer/data=!4m7!3m6!1s0x94deafdb7632ae49:0xb88a0114f2ec2831!8m2!3d-26.2777278!4d-48.8391252!16s%2Fg%2F11nb_mm7h7!19sChIJSa4ydtuv3pQRMSjs8hQBirg,Não,,,Pendente,,,,Não,Google Maps exibe Adicionar website; verificado em 13/08/2026.,manicure
Raquel Machado - Nail Designer,Manicure,47999568722,Joinville,https://www.google.com/maps/place/Raquel+Machado+-+Nail+Designer/data=!4m7!3m6!1s0x94deb1184a6a3257:0x529c4f381ce74d46!8m2!3d-26.2821997!4d-48.841106!16s%2Fg%2F11jz5ybk1d!19sChIJVzJqShix3pQRRk3nHDhPnFI,Não,,,Pendente,,,,Não,Google Maps exibe Adicionar website; verificado em 13/08/2026.,manicure
Érika Rocha Nails,Manicure,47988357720,Joinville,https://www.google.com/maps/place/%C3%89rika+Rocha+Nails/data=!4m7!3m6!1s0x94deafa395ed27b1:0xd1b4a81d426169c3!8m2!3d-26.2738659!4d-48.8450238!16s%2Fg%2F11mrjpgws8!19sChIJsSftlaOv3pQRw2lhQh2otNE,Não,,,Pendente,,,,Não,Google Maps exibe Adicionar website; verificado em 13/08/2026.,manicure
Mia Grein Nail Designer,Manicure,47997433536,Joinville,https://www.google.com/maps/place/Mia+Grein+Nail+Designer/data=!4m7!3m6!1s0x94deafb42adc64c3:0x4b245c2a2c7fcd16!8m2!3d-26.274927!4d-48.8739492!16s%2Fg%2F11ld885f38!19sChIJw2TcKrSv3pQRFs1_LCpcJEs,Não,,,Pendente,,,,Não,Google Maps exibe Adicionar website; verificado em 13/08/2026.,manicure
Ju Borges espaço da beleza,Manicure,47991395214,Joinville,https://www.google.com/maps/place/Ju+Borges+espa%C3%A7o+da+beleza/data=!4m7!3m6!1s0x94deaf61f0fee06f:0x427151e2d81afea9!8m2!3d-26.2707531!4d-48.833689!16s%2Fg%2F11q8rpsc6j!19sChIJb-D-8GGv3pQRqf4a2OJRcUI,Não,,,Pendente,,,,Não,Google Maps exibe Adicionar website; verificado em 13/08/2026.,manicure
Espaço da Unha Esmalteria,Manicure,47999771043,Joinville,https://www.google.com/maps/place/Espa%C3%A7o+da+Unha+Esmalteria/data=!4m7!3m6!1s0x94deb1e7dd66594f:0xcc348a2981687c0c!8m2!3d-26.2775049!4d-48.8225823!16s%2Fg%2F11bv3vw7zg!19sChIJT1lm3eex3pQRDHxogSmKNMw,Não,,,Pendente,,,,Não,Google Maps exibe Adicionar website; verificado em 13/08/2026.,manicure
Mayara Backes Makeup,Manicure,47991406507,Joinville,https://www.google.com/maps/place/Mayara+Backes+Makeup/data=!4m7!3m6!1s0x94deafe37a49ff23:0xb5fbe3fdcd13b832!8m2!3d-26.2774257!4d-48.8370016!16s%2Fg%2F11h3l2f27c!19sChIJI_9JeuOv3pQRMrgTzf3j-7U,Não,,,Pendente,,,,Não,Google Maps exibe Adicionar website; verificado em 13/08/2026.,manicure
Esmalteria Silvânia Senem,Manicure,47984174780,Joinville,https://www.google.com/maps/place/Esmalteria+Silv%C3%A2nia+Senem/data=!4m7!3m6!1s0x94dea560b9a809a7:0x2e2bc9f603a431eb!8m2!3d-26.2737399!4d-48.8842586!16s%2Fg%2F11b8tbz1w7!19sChIJpwmouWCl3pQR6zGkA_bJKy4,Não,,,Pendente,,,,Não,Google Maps exibe Adicionar website; verificado em 13/08/2026.,manicure
Manicure_unhasfeitas,Manicure,47997414533,Joinville,https://www.google.com/maps/place/Manicure_unhasfeitas/data=!4m7!3m6!1s0x94deafbc4f8111a3:0x7be12af99910acc1!8m2!3d-26.271203!4d-48.8758273!16s%2Fg%2F11nqw_05ys!19sChIJoxGBT7yv3pQRwawQmfkq4Xs,Não,,,Pendente,,,,Não,Google Maps exibe Adicionar website; verificado em 13/08/2026.,manicure
Anaýsa Studio de Beleza,Manicure,47996999150,Joinville,https://www.google.com/maps/place/Ana%C3%BDsa+Studio+de+Beleza/data=!4m7!3m6!1s0x94deaf7578e70409:0xe0cbd9b34a4d888f!8m2!3d-26.2668929!4d-48.8829767!16s%2Fg%2F11rrqllmsx!19sChIJCQTneHWv3pQRj4hNSrPZy-A,Não,,,Pendente,,,,Não,Google Maps exibe Adicionar website; verificado em 13/08/2026.,manicure
Unhas Naturais Joinville,Manicure,47989183061,Joinville,https://www.google.com/maps/place/Unhas+Naturais+Joinville/data=!4m7!3m6!1s0x94deaf5915a4ccef:0x5fb2b4789a4c6221!8m2!3d-26.2712678!4d-48.8842547!16s%2Fg%2F11lvqnslq3!19sChIJ78ykFVmv3pQRIWJMmni0sl8,Não,,,Pendente,,,,Não,Google Maps exibe Adicionar website; verificado em 13/08/2026.,manicure
Cheila Cristina Fernandes manicure e pedicure em Joinville,Manicure,47999382237,Joinville,https://www.google.com/maps/place/Cheila+Cristina+Fernandes+manicure+e+pedicure+em+Joinville/data=!4m7!3m6!1s0x94deaf8ea955f773:0x486fe60346c70f9a!8m2!3d-26.2749542!4d-48.8668732!16s%2Fg%2F11svd_7tf5!19sChIJc_dVqY6v3pQRmg_HRgPmb0g,Não,,,Pendente,,,,Não,Google Maps exibe Adicionar website; verificado em 13/08/2026.,manicure
Império das Unhas,Manicure,47933001142,Joinville,https://www.google.com/maps/place/Imp%C3%A9rio+das+Unhas/data=!4m7!3m6!1s0x94dea518f5eab27b:0x6989ddd8f35b785!8m2!3d-26.2710655!4d-48.8878651!16s%2Fg%2F11z56hc51c!19sChIJe7Lq9Ril3pQRhbc1j92dmAY,Não,,,Pendente,,,,Não,Google Maps exibe Adicionar website; verificado em 13/08/2026.,manicure
Rafaela Estevão Nails,Manicure,47996164015,Joinville,https://www.google.com/maps/place/Rafaela+Estev%C3%A3o+Nails/data=!4m7!3m6!1s0x94deaf0ae4c5db39:0x1040f8c2f4a98adc!8m2!3d-26.2700373!4d-48.8711833!16s%2Fg%2F11p_5_d5jc!19sChIJOdvF5Aqv3pQR3Iqp9ML4QBA,Não,,,Pendente,,,,Não,Google Maps exibe Adicionar website; verificado em 13/08/2026.,manicure
Espaço Nails - by Gabrielle machado,Manicure,47996537242,Joinville,https://www.google.com/maps/place/Espa%C3%A7o+Nails+-+by+Gabrielle+machado/data=!4m7!3m6!1s0x94deafe3118b4e0d:0x69fd5d129ff5f249!8m2!3d-26.2810855!4d-48.8753315!16s%2Fg%2F11t5_61w3h!19sChIJDU6LEeOv3pQRSfL1nxJd_Wk,Não,,,Pendente,,,,Não,Google Maps exibe Adicionar website; verificado em 13/08/2026.,manicure
RS Schwartz Esmalteria,Manicure,47988483977,Joinville,https://www.google.com/maps/place/RS+Schwartz+Esmalteria/data=!4m7!3m6!1s0x94deaf7145f4b791:0xae6397dbf18218b9!8m2!3d-26.2698233!4d-48.8629431!16s%2Fg%2F11pf2qcxhz!19sChIJkbf0RXGv3pQRuRiC8duXY64,Não,,,Pendente,,,,Não,Google Maps exibe Adicionar website; verificado em 13/08/2026.,manicure
Esmalteria e Studio Pâmela Magalhães,Manicure,47996683673,Joinville,https://www.google.com/maps/place/Esmalteria+e+Studio+P%C3%A2mela+Magalh%C3%A3es/data=!4m7!3m6!1s0x94deaf3afa0e2a57:0x5804fbef93c24c21!8m2!3d-26.2690889!4d-48.8774894!16s%2Fg%2F11rd2hrvcr!19sChIJVyoO-jqv3pQRIUzCk-_7BFg,Não,,,Pendente,,,,Não,Google Maps exibe Adicionar website; verificado em 13/08/2026.,manicure
By Giovanna Rodrigues nails,Manicure,47988559837,Joinville,https://www.google.com/maps/place/By+Giovanna+Rodrigues+nails/data=!4m7!3m6!1s0x94deaf5e50f86233:0x7ea0b885d4beb230!8m2!3d-26.2731895!4d-48.8723953!16s%2Fg%2F11x5dwrp8b!19sChIJM2L4UF6v3pQRMLK-1IW4oH4,Não,,,Pendente,,,,Não,Google Maps exibe Adicionar website; verificado em 13/08/2026.,manicure
Ana Maria Nail Design,Manicure,47991975182,Joinville,https://www.google.com/maps/place/Ana+Maria+Nail+Design/data=!4m7!3m6!1s0x94dea522fead92cd:0x634ffb8d7263483c!8m2!3d-26.2870499!4d-48.9057953!16s%2Fg%2F11l1nwq4ss!19sChIJzZKt_iKl3pQRPEhjco37T2M,Não,,,Pendente,,,,Não,Google Maps exibe Adicionar website; verificado em 13/08/2026.,manicure
Espaço Pami Quintino,Manicure,47996404625,Joinville,https://www.google.com/maps/place/Espa%C3%A7o+Pami+Quintino/data=!4m7!3m6!1s0x94dea52b1b0e879f:0xd6e911becb826617!8m2!3d-26.2921712!4d-48.9125779!16s%2Fg%2F11ntp6sbgs!19sChIJn4cOGyul3pQRF2aCy74R6dY,Não,,,Pendente,,,,Não,Google Maps exibe Adicionar website; verificado em 13/08/2026.,manicure
Studio Jéssica Paixão,Manicure,47997881759,Joinville,https://www.google.com/maps/place/Studio+J%C3%A9ssica+Paix%C3%A3o/data=!4m7!3m6!1s0x94deb15e388f0c35:0x3fbfc5c52fc22a92!8m2!3d-26.2903486!4d-48.9115704!16s%2Fg%2F11krkvfnld!19sChIJNQyPOF6x3pQRkirCL8XFvz8,Não,,,Pendente,,,,Não,Google Maps exibe Adicionar website; verificado em 13/08/2026.,manicure
Viviane nail designer,Manicure,47999944428,Joinville,https://www.google.com/maps/place/Viviane+nail+designer/data=!4m7!3m6!1s0x94dea54235e6bc75:0x8f003c54cf93f0d2!8m2!3d-26.2843565!4d-48.9069827!16s%2Fg%2F11t8p00ll1!19sChIJdbzmNUKl3pQR0vCTz1Q8AI8,Não,,,Pendente,,,,Não,Google Maps exibe Adicionar website; verificado em 13/08/2026.,manicure
Camila S Schlemper Beauty,Manicure,47996179184,Joinville,https://www.google.com/maps/place/Camila+S+Schlemper+Beauty/data=!4m7!3m6!1s0x94dea54f07176b0f:0x85f336f8a0fe2949!8m2!3d-26.2769374!4d-48.9046365!16s%2Fg%2F11w_hfm96m!19sChIJD2sXB0-l3pQRSSn-oPg284U,Não,,,Pendente,,,,Não,Google Maps exibe Adicionar website; verificado em 13/08/2026.,manicure
Camilla Mafra Manicure,Manicure,47984824037,Joinville,https://www.google.com/maps/place/Camilla+Mafra+Manicure/data=!4m7!3m6!1s0x94dea522da85eaef:0xa4a15d27f688e09!8m2!3d-26.2880156!4d-48.9025351!16s%2Fg%2F11n4vsz3rn!19sChIJ7-qF2iKl3pQRCY5of9IVSgo,Não,,,Pendente,,,,Não,Google Maps exibe Adicionar website; verificado em 13/08/2026.,manicure
Thaís Coutinho Studio Nails,Manicure,47997399497,Joinville,https://www.google.com/maps/place/Tha%C3%ADs+Coutinho+Studio+Nails/data=!4m7!3m6!1s0x94dea52cb9d88539:0xc87723076e849bde!8m2!3d-26.2904828!4d-48.9004708!16s%2Fg%2F11jnx9yblz!19sChIJOYXYuSyl3pQR3puEbgcjd8g,Não,,,Pendente,,,,Não,Google Maps exibe Adicionar website; verificado em 13/08/2026.,manicure
Esmalteria Amanda Rodrigues,Manicure,47996051469,Joinville,https://www.google.com/maps/place/Esmalteria+Amanda+Rodrigues/data=!4m7!3m6!1s0x94dea591fc58e2f5:0xb39b753f85075648!8m2!3d-26.2784632!4d-48.8993895!16s%2Fg%2F11pw8gzl0w!19sChIJ9eJY_JGl3pQRSFYHhT91m7M,Não,,,Pendente,,,,Não,Google Maps exibe Adicionar website; verificado em 13/08/2026.,manicure
Ale Nail Designer,Manicure,47992691984,Joinville,https://www.google.com/maps/place/Ale+Nail+Designer/data=!4m7!3m6!1s0x94dea5e5dba78529:0x1514d3186f44bc1d!8m2!3d-26.2981973!4d-48.8993676!16s%2Fg%2F11q24fwy6l!19sChIJKYWn2-Wl3pQRHbxEbxjTFBU,Não,,,Pendente,,,,Não,Google Maps exibe Adicionar website; verificado em 13/08/2026.,manicure
Egda Zerpa SPA,Spa,47988637054,Joinville,https://www.google.com/maps/place/Egda+Zerpa+SPA/data=!4m7!3m6!1s0x94deb1004183ad01:0xd5a1b19c97a077ad!8m2!3d-26.3064908!4d-48.8451835!16s%2Fg%2F11zk7x6n_p!19sChIJAa2DQQCx3pQRrXegl5yxodU,Não,,,Pendente,,,,Não,Google Maps exibe Adicionar website; verificado em 13/08/2026.,spa
Karina Spieker Massoterapia e SPA,Spa,47988083322,Joinville,https://www.google.com/maps/place/Karina+Spieker+Massoterapia+e+SPA/data=!4m7!3m6!1s0x94deb140f77214cd:0x4f5836b2bb3d9a2b!8m2!3d-26.3172404!4d-48.8502717!16s%2Fg%2F11qsmcf23r!19sChIJzRRy90Cx3pQRK5o9u7I2WE8,Não,,,Pendente,,,,Não,Google Maps exibe Adicionar website; verificado em 13/08/2026.,spa
Spa IGN Massoterapia humanizada | Top corpus | Joinville | massoterapeuta,Spa,47997584582,Joinville,https://www.google.com/maps/place/Spa+IGN+Massoterapia+humanizada+%7C+Top+corpus+%7C+Joinville+%7C+massoterapeuta/data=!4m7!3m6!1s0x94deb1e156b5dbef:0xb2a41cc4b80ed1da!8m2!3d-26.3445471!4d-48.821901!16s%2Fg%2F11mclq1xs4!19sChIJ79u1VuGx3pQR2tEOuMQcpLI,Não,,,Pendente,,,,Não,Google Maps exibe Adicionar website; verificado em 13/08/2026.,spa
Serenità Spa & Massoterapia,Spa,47996580466,Joinville,https://www.google.com/maps/place/Serenit%C3%A0+Spa+%26+Massoterapia/data=!4m7!3m6!1s0x94deb1baa1c1d11d:0xbe11e7ad858189d2!8m2!3d-26.3049518!4d-48.8468508!16s%2Fg%2F11lzxf_shq!19sChIJHdHBobqx3pQR0omBha3nEb4,Não,,,Pendente,,,,Não,Google Maps exibe Adicionar website; verificado em 13/08/2026.,spa
Mar&Cia Espaço da Beleza,Spa,47984355942,Joinville,https://www.google.com/maps/place/Mar%26Cia+Espa%C3%A7o+da+Beleza/data=!4m7!3m6!1s0x94deb757bef7896f:0xe4f00b0ebe369ae!8m2!3d-26.3597756!4d-48.8278327!16s%2Fg%2F11jcbz7m8s!19sChIJb4n3vle33pQRrmnj67AATw4,Não,,,Pendente,,,,Não,Google Maps exibe Adicionar website; verificado em 13/08/2026.,spa
Andressa Schneider Quiropraxia e Massoterapia,Spa,47996144369,Joinville,https://www.google.com/maps/place/Andressa+Schneider+Quiropraxia+e+Massoterapia/data=!4m7!3m6!1s0x94deb7832f101d8b:0xc60c2b283f154a85!8m2!3d-26.3577577!4d-48.8345727!16s%2Fg%2F11sswy0gxl!19sChIJix0QL4O33pQRhUoVPygrDMY,Não,,,Pendente,,,,Não,Google Maps exibe Adicionar website; verificado em 13/08/2026.,spa
Rô massoterapia e depilação,Spa,47984880305,Joinville,https://www.google.com/maps/place/R%C3%B4+massoterapia+e+depila%C3%A7%C3%A3o/data=!4m7!3m6!1s0x94deb7bb59429d43:0xee2f34cdc1aa0c8e!8m2!3d-26.3598438!4d-48.8295011!16s%2Fg%2F11m7505nzg!19sChIJQ51CWbu33pQRjgyqwc00L-4,Não,,,Pendente,,,,Não,Google Maps exibe Adicionar website; verificado em 13/08/2026.,spa
Benyamin Massoterapeuta,Spa,4734365722,Joinville,https://www.google.com/maps/place/Benyamin+Massoterapeuta/data=!4m7!3m6!1s0x94deb142c2cd0065:0xc80bd12e3d648c46!8m2!3d-26.328289!4d-48.8106498!16s%2Fg%2F1tq6l6q6!19sChIJZQDNwkKx3pQRRoxkPS7RC8g,Não,,,Pendente,,,,Não,Google Maps exibe Adicionar website; verificado em 13/08/2026.,spa
Dr. Masso (Massoterapia),Spa,47992812344,Joinville,https://www.google.com/maps/place/Dr.+Masso+%28Massoterapia%29/data=!4m7!3m6!1s0x94deb19cea3c975b:0xcdfabaa6145ed231!8m2!3d-26.3570701!4d-48.8415385!16s%2Fg%2F11qgl9c5_c!19sChIJW5c86pyx3pQRMdJeFKa6-s0,Não,,,Pendente,,,,Não,Google Maps exibe Adicionar website; verificado em 13/08/2026.,spa
Saúde e Bem Estar,Spa,47999066544,Joinville,https://www.google.com/maps/place/Sa%C3%BAde+e+Bem+Estar/data=!4m7!3m6!1s0x94deb6d2ce979817:0xf86799ac0c707840!8m2!3d-26.3569835!4d-48.8312259!16s%2Fg%2F11bwf80wdv!19sChIJF5iXztK23pQRQHhwDKyZZ_g,Não,,,Pendente,,,,Não,Google Maps exibe Adicionar website; verificado em 13/08/2026.,spa
Bem-Estar Massoterapia Humanizada TopCorpus,Spa,47991695932,Joinville,https://www.google.com/maps/place/Bem-Estar+Massoterapia+Humanizada+TopCorpus/data=!4m7!3m6!1s0x94deb197db70dc61:0x7c18c3477e2b36c7!8m2!3d-26.3427185!4d-48.8406427!16s%2Fg%2F11yrq9bf86!19sChIJYdxw25ex3pQRxzYrfkfDGHw,Não,,,Pendente,,,,Não,Google Maps exibe Adicionar website; verificado em 13/08/2026.,spa
Espaço Terapêutico Saúde e Bem-Estar,Spa,47984771446,Joinville,https://www.google.com/maps/place/Espa%C3%A7o+Terap%C3%AAutico+Sa%C3%BAde+e+Bem-Estar/data=!4m7!3m6!1s0x7b257378ed92825:0x6e7785adfec56daf!8m2!3d-26.272256!4d-48.8461126!16s%2Fg%2F11pz7z1cwy!19sChIJJSjZjjdXsgcRr23F_q2Fd24,Não,,,Pendente,,,,Não,Google Maps exibe Adicionar website; verificado em 13/08/2026.,spa
Clínica Casa Viva,Spa,47988974846,Joinville,https://www.google.com/maps/place/Cl%C3%ADnica+Casa+Viva/data=!4m7!3m6!1s0x94deb1323c9d9073:0x6b3d6e3bb99a90e4!8m2!3d-26.297661!4d-48.8526706!16s%2Fg%2F11yzyncqp2!19sChIJc5CdPDKx3pQR5JCauTtuPWs,Não,,,Pendente,,,,Não,Google Maps exibe Adicionar website; verificado em 13/08/2026.,spa
Centro de Estética e Bem-Estar - Daniela Fischer,Spa,47988688892,Joinville,https://www.google.com/maps/place/Centro+de+Est%C3%A9tica+e+Bem-Estar+-+Daniela+Fischer/data=!4m7!3m6!1s0x94deaf8d8ae28c57:0x5278d6f7ef2b9a40!8m2!3d-26.2753783!4d-48.8615901!16s%2Fg%2F11sjcwtqlc!19sChIJV4ziio2v3pQRQJor7_fWeFI,Não,,,Pendente,,,,Não,Google Maps exibe Adicionar website; verificado em 13/08/2026.,spa
Bruna Silva MassoETerapias,Spa,47997355880,Joinville,https://www.google.com/maps/place/Bruna+Silva+MassoETerapias/data=!4m7!3m6!1s0x94deaf56cf8b8789:0xf24630173a421112!8m2!3d-26.29934!4d-48.8436535!16s%2Fg%2F11hzpbzdgt!19sChIJiYeLz1av3pQREhFCOhcwRvI,Não,,,Pendente,,,,Não,Google Maps exibe Adicionar website; verificado em 13/08/2026.,spa
Sauna Thermas Joinville,Spa,4730255551,Joinville,https://www.google.com/maps/place/Sauna+Thermas+Joinville/data=!4m7!3m6!1s0x94deb1474750bc51:0xbe39e25cd29f505d!8m2!3d-26.3214678!4d-48.8601363!16s%2Fg%2F11ts1bddrs!19sChIJUbxQR0ex3pQRXVCf0lziOb4,Não,,,Pendente,,,,Não,Google Maps exibe Adicionar website; verificado em 13/08/2026.,spa
Harmonia do Corpo - Esteticista Massoterapeuta,Spa,47992631593,Joinville,https://www.google.com/maps/place/Harmonia+do+Corpo+-+Esteticista+Massoterapeuta/data=!4m7!3m6!1s0x94deb14b7e218bab:0x94ca1d36a3e0754c!8m2!3d-26.3064908!4d-48.8451835!16s%2Fg%2F11zcng1w8k!19sChIJq4shfkux3pQRTHXgozYdypQ,Não,,,Pendente,,,,Não,Google Maps exibe Adicionar website; verificado em 13/08/2026.,spa
Clínica Estética Massagem,Spa,4734221234,Joinville,https://www.google.com/maps/place/Cl%C3%ADnica+Est%C3%A9tica+Massagem/data=!4m7!3m6!1s0x94deb035f1ea168f:0x751b36cf09403592!8m2!3d-26.2993401!4d-48.8436536!16s%2Fg%2F1w15_llf!19sChIJjxbq8TWw3pQRkjVACc82G3U,Não,,,Pendente,,,,Não,Google Maps exibe Adicionar website; verificado em 13/08/2026.,spa
Carla Fernandes Massoterapeuta,Spa,47996332064,Joinville,https://www.google.com/maps/place/Carla+Fernandes+Massoterapeuta/data=!4m7!3m6!1s0x94deb118eec51189:0x59f93e907c03a112!8m2!3d-26.2940973!4d-48.8437298!16s%2Fg%2F11yt7sgcyn!19sChIJiRHF7hix3pQREqEDfJA--Vk,Não,,,Pendente,,,,Não,Google Maps exibe Adicionar website; verificado em 13/08/2026.,spa
KALIMERA Massoterapia Masculina,Spa,47997068322,Joinville,https://www.google.com/maps/place/KALIMERA+Massoterapia+Masculina/data=!4m7!3m6!1s0x94deb0380a13ee85:0xbd1d86363f112c94!8m2!3d-26.3049518!4d-48.8468508!16s%2Fg%2F11bx2cgrbr!19sChIJhe4TCjiw3pQRlCwRPzaGHb0,Não,,,Pendente,,,,Não,Google Maps exibe Adicionar website; verificado em 13/08/2026.,spa
Vilma Siedschlag Massagem,Spa,47991977808,Joinville,https://www.google.com/maps/place/Vilma+Siedschlag+Massagem/data=!4m7!3m6!1s0x94deb14e022ef195:0xddfadb3d7cba2916!8m2!3d-26.3028283!4d-48.8423801!16s%2Fg%2F11vcq0hk9x!19sChIJlfEuAk6x3pQRFim6fD3b-t0,Não,,,Pendente,,,,Não,Google Maps exibe Adicionar website; verificado em 13/08/2026.,spa
Jade massagens,Spa,47989148837,Joinville,https://www.google.com/maps/place/Jade+massagens/data=!4m7!3m6!1s0x94deaf930e5375b1:0xcde1db5b00974d94!8m2!3d-26.2813816!4d-48.8473563!16s%2Fg%2F11zbn07mb0!19sChIJsXVTDpOv3pQRlE2XAFvb4c0,Não,,,Pendente,,,,Não,Google Maps exibe Adicionar website; verificado em 13/08/2026.,spa
Roze & Gaya Massoterapia,Spa,47988847368,Joinville,https://www.google.com/maps/place/Roze+%26+Gaya+Massoterapia/data=!4m7!3m6!1s0x4bcb0a0387ff4541:0x396c2d10ea2422e6!8m2!3d-26.2895392!4d-48.8488192!16s%2Fg%2F11t75t3yxf!19sChIJQUX_hwMKy0sR5iIk6hAtbDk,Não,,,Pendente,,,,Não,Google Maps exibe Adicionar website; verificado em 13/08/2026.,spa
Josy Massoterapia Estética e Esportiva,Spa,47999995822,Joinville,https://www.google.com/maps/place/Josy+Massoterapia+Est%C3%A9tica+e+Esportiva/data=!4m7!3m6!1s0x94deafbc09249339:0x6bd1b1dbd397decb!8m2!3d-26.2779384!4d-48.8548476!16s%2Fg%2F11rn6g1n9n!19sChIJOZMkCbyv3pQRy96X09ux0Ws,Não,,,Pendente,,,,Não,Google Maps exibe Adicionar website; verificado em 13/08/2026.,spa
Danielle Moroski Estética e Massoterapia,Spa,47996408073,Joinville,https://www.google.com/maps/place/Danielle+Moroski+Est%C3%A9tica+e+Massoterapia/data=!4m7!3m6!1s0x94dea5cf3898e143:0x5c1ee066e6184531!8m2!3d-26.2946968!4d-48.8749018!16s%2Fg%2F11s5qnpcs4!19sChIJQ-GYOM-l3pQRMUUY5mbgHlw,Não,,,Pendente,,,,Não,Google Maps exibe Adicionar website; verificado em 13/08/2026.,spa
Chirlei Limas - Estética Avançada,Spa,47996411535,Joinville,https://www.google.com/maps/place/Chirlei+Limas+-+Est%C3%A9tica+Avan%C3%A7ada/data=!4m7!3m6!1s0x94deb1d5427de655:0x165c050c88122ccb!8m2!3d-26.3103223!4d-48.8469716!16s%2Fg%2F11kjq717td!19sChIJVeZ9QtWx3pQRyywSiAwFXBY,Não,,,Pendente,,,,Não,Google Maps exibe Adicionar website; verificado em 13/08/2026.,spa
Pillatus Massoterapia,Spa,47991200345,Joinville,https://www.google.com/maps/place/Pillatus+Massoterapia/data=!4m7!3m6!1s0x94deb1b8fff3242d:0x1bbdafe90c5650fc!8m2!3d-26.3138797!4d-48.8560915!16s%2Fg%2F11n3lnqxjw!19sChIJLSTz_7ix3pQR_FBWDOmvvRs,Não,,,Pendente,,,,Não,Google Maps exibe Adicionar website; verificado em 13/08/2026.,spa
Raphael Macedo Massoterapia,Spa,47991134774,Joinville,https://www.google.com/maps/place/Raphael+Macedo+Massoterapia/data=!4m7!3m6!1s0x94deb13b3b775395:0xd0961a222110e39c!8m2!3d-26.3135229!4d-48.8473633!16s%2Fg%2F11rtr959nd!19sChIJlVN3Ozux3pQRnOMQISIaltA,Não,,,Pendente,,,,Não,Google Maps exibe Adicionar website; verificado em 13/08/2026.,spa
Dóris Massoterapeuta,Spa,47984192474,Joinville,https://www.google.com/maps/place/D%C3%B3ris+Massoterapeuta/data=!4m7!3m6!1s0x94deb1112380de45:0xef8bab60daa95ae6!8m2!3d-26.301769!4d-48.8465058!16s%2Fg%2F11g22_1n83!19sChIJRd6AIxGx3pQR5lqp2mCri-8,Não,,,Pendente,,,,Não,Google Maps exibe Adicionar website; verificado em 13/08/2026.,spa
Eduarda Zanluchi Estética corporal & Massoterapia,Spa,47991673193,Joinville,https://www.google.com/maps/place/Eduarda+Zanluchi+Est%C3%A9tica+corporal+%26+Massoterapia/data=!4m7!3m6!1s0x94deb1cd5ba0b723:0x887329200913ebca!8m2!3d-26.2979688!4d-48.8647277!16s%2Fg%2F11j2551pt6!19sChIJI7egW82x3pQRyusTCSApc4g,Não,,,Pendente,,,,Não,Google Maps exibe Adicionar website; verificado em 13/08/2026.,spa
Nutricionista Natália Bettio Terapia alimentar,Spa,47999427100,Joinville,https://www.google.com/maps/place/Nutricionista+Nat%C3%A1lia+Bettio+Terapia+alimentar/data=!4m7!3m6!1s0x94deb179d07f8213:0xa88d41cda7b1ac48!8m2!3d-26.3060506!4d-48.8560409!16s%2Fg%2F11zcwswvtl!19sChIJE4J_0Hmx3pQRSKyxp81Bjag,Não,,,Pendente,,,,Não,Google Maps exibe Adicionar website; verificado em 13/08/2026.,spa
Centro Geriátrico Acolher,Spa,47992181425,Joinville,https://www.google.com/maps/place/Centro+Geri%C3%A1trico+Acolher/data=!4m7!3m6!1s0x94deb120cc6d871f:0xe14c922f31be1781!8m2!3d-26.3074524!4d-48.8560224!16s%2Fg%2F11ksl54sbv!19sChIJH4dtzCCx3pQRgRe-MS-STOE,Não,,,Pendente,,,,Não,Google Maps exibe Adicionar website; verificado em 13/08/2026.,spa
Évora - Clínica Integrada de Saúde,Spa,47988176845,Joinville,https://www.google.com/maps/place/%C3%89vora+-+Cl%C3%ADnica+Integrada+de+Sa%C3%BAde/data=!4m7!3m6!1s0xa9c1027d6bbee941:0x7402384be32f8bea!8m2!3d-26.2971164!4d-48.8484479!16s%2Fg%2F11sb01mymb!19sChIJQem-a30CwakR6osv40s4AnQ,Não,,,Pendente,,,,Não,Google Maps exibe Adicionar website; verificado em 13/08/2026.,spa
Rosana Borges Quiropraxia,Spa,47997533133,Joinville,https://www.google.com/maps/place/Rosana+Borges+Quiropraxia/data=!4m7!3m6!1s0x94deb1e01ab0beb5:0x773a5b85f89a90ec!8m2!3d-26.2932956!4d-48.8536496!16s%2Fg%2F11ghdrbt4j!19sChIJtb6wGuCx3pQR7JCa-IVbOnc,Não,,,Pendente,,,,Não,Google Maps exibe Adicionar website; verificado em 13/08/2026.,spa
Ana Prado Massoterapeuta,Spa,47996387580,Joinville,https://www.google.com/maps/place/Ana+Prado+Massoterapeuta/data=!4m7!3m6!1s0x94deb15545501f11:0x5032fabc19755c17!8m2!3d-26.3164243!4d-48.8485318!16s%2Fg%2F11h6dxtmnh!19sChIJER9QRVWx3pQRF1x1Gbz6MlA,Não,,,Pendente,,,,Não,Google Maps exibe Adicionar website; verificado em 13/08/2026.,spa
Gael Massoterapia,Spa,47996718145,Joinville,https://www.google.com/maps/place/Gael+Massoterapia/data=!4m7!3m6!1s0x94d8b7a8d11b0a9d:0x62518f7cb778c9c!8m2!3d-26.3213596!4d-48.8612313!16s%2Fg%2F11ss8dn_b1!19sChIJnQob0ai32JQRnIx3y_cYJQY,Não,,,Pendente,,,,Não,Google Maps exibe Adicionar website; verificado em 13/08/2026.,spa
Drenagem Linfática Humanizada,Spa,47999600479,Joinville,https://www.google.com/maps/place/Drenagem+Linf%C3%A1tica+Humanizada/data=!4m7!3m6!1s0x94deb144dbf5c289:0xd3c2402e29f0a476!8m2!3d-26.3285361!4d-48.8304416!16s%2Fg%2F11nr13kyjy!19sChIJicL120Sx3pQRdqTwKS5AwtM,Não,,,Pendente,,,,Não,Google Maps exibe Adicionar website; verificado em 13/08/2026.,spa
Nordic - Terapia de Contraste,Spa,47999648444,Joinville,https://www.google.com/maps/place/Nordic+-+Terapia+de+Contraste/data=!4m7!3m6!1s0x94deb1cd61f7ef8b:0x16c7916683187937!8m2!3d-26.3138322!4d-48.8516788!16s%2Fg%2F11nr0gp5qx!19sChIJi-_3Yc2x3pQRN3kYg2aRxxY,Não,,,Pendente,,,,Não,Google Maps exibe Adicionar website; verificado em 13/08/2026.,spa
Miúcha Estética,Spa,4730275540,Joinville,https://www.google.com/maps/place/Mi%C3%BAcha+Est%C3%A9tica/data=!4m7!3m6!1s0x94deb1a466662f4b:0x4fd561d7c4fc02e5!8m2!3d-26.305535!4d-48.8253296!16s%2Fg%2F11bv30h97p!19sChIJSy9mZqSx3pQR5QL8xNdh1U8,Não,,,Pendente,,,,Não,Google Maps exibe Adicionar website; verificado em 13/08/2026.,spa
DLUXE,Spa,4727348884,Joinville,https://www.google.com/maps/place/DLUXE/data=!4m7!3m6!1s0x94deb1d5bb9f7d9b:0xa06564d146209677!8m2!3d-26.2791222!4d-48.8364631!16s%2Fg%2F11lcsxxnkv!19sChIJm32fu9Wx3pQRd5YgRtFkZaA,Não,,,Pendente,,,,Não,Google Maps exibe Adicionar website; verificado em 13/08/2026.,spa
Rose Fernandes | Drenagem Linfática em Joinville,Spa,47991220055,Joinville,https://www.google.com/maps/place/Rose+Fernandes+%7C+Drenagem+Linf%C3%A1tica+em+Joinville/data=!4m7!3m6!1s0x94deb180fa876163:0x3b5f4de107c1d67d!8m2!3d-26.2979628!4d-48.8647206!16s%2Fg%2F11x6dkr4_4!19sChIJY2GH-oCx3pQRfdbBB-FNXzs,Não,,,Pendente,,,,Não,Google Maps exibe Adicionar website; verificado em 13/08/2026.,spa
Massoterapeuta em Joinville - Studio saúde integrative,Spa,47996499349,Joinville,https://www.google.com/maps/place/Massoterapeuta+em+Joinville+-+Studio+sa%C3%BAde+integrative/data=!4m7!3m6!1s0x94deb135863fed6f:0x85c87fa9081487d1!8m2!3d-26.3049539!4d-48.846479!16s%2Fg%2F11kqcwttvl!19sChIJb-0_hjWx3pQR0YcUCKl_yIU,Não,,,Pendente,,,,Não,Google Maps exibe Adicionar website; verificado em 13/08/2026.,spa
Terapêutica Massagem,Spa,47999534245,Joinville,https://www.google.com/maps/place/Terap%C3%AAutica+Massagem/data=!4m7!3m6!1s0x94deb1b3439c5fe3:0xa3f0d892da5a6a8c!8m2!3d-26.3034814!4d-48.8387583!16s%2Fg%2F11cnwjs7k5!19sChIJ41-cQ7Ox3pQRjGpa2pLY8KM,Não,,,Pendente,,,,Não,Google Maps exibe Adicionar website; verificado em 13/08/2026.,spa
Massoterapia Moa Medeiros,Spa,47999685846,Joinville,https://www.google.com/maps/place/Massoterapia+Moa+Medeiros/data=!4m7!3m6!1s0x94deb1f91fa38807:0x12237cae5b18e18b!8m2!3d-26.2816683!4d-48.8383444!16s%2Fg%2F11rggqsxl7!19sChIJB4ijH_mx3pQRi-EYW658IxI,Não,,,Pendente,,,,Não,Google Maps exibe Adicionar website; verificado em 13/08/2026.,spa
Marques SPA do Cabelo,Spa,47991312670,Joinville,https://www.google.com/maps/place/Marques+SPA+do+Cabelo/data=!4m7!3m6!1s0x94deaf21eb523d89:0x57ff8dde71e9755f!8m2!3d-26.2824466!4d-48.8640385!16s%2Fg%2F11t4stww5_!19sChIJiT1S6yGv3pQRX3Xpcd6N_1c,Não,,,Pendente,,,,Não,Google Maps exibe Adicionar website; verificado em 13/08/2026.,spa
Acompanhantes Bairro Costa e Silva,Spa,47996420325,Joinville,https://www.google.com/maps/place/Acompanhantes+Bairro+Costa+e+Silva/data=!4m7!3m6!1s0x94deaf52f828d97f:0x12b9187d04c37188!8m2!3d-26.2707728!4d-48.8698354!16s%2Fg%2F11t1566zsy!19sChIJf9ko-FKv3pQRiHHDBH0YuRI,Não,,,Pendente,,,,Não,Google Maps exibe Adicionar website; verificado em 13/08/2026.,spa
Amanda Carolina Massoterapia,Spa,47988026438,Joinville,https://www.google.com/maps/place/Amanda+Carolina+Massoterapia/data=!4m7!3m6!1s0x94dea54eae348247:0x58e9eb06971b2595!8m2!3d-26.2668929!4d-48.8829767!16s%2Fg%2F11mdkvnqft!19sChIJR4I0rk6l3pQRlSUblwbr6Vg,Não,,,Pendente,,,,Não,Google Maps exibe Adicionar website; verificado em 13/08/2026.,spa
Tanara Massoterapeuta,Spa,47992799952,Joinville,https://www.google.com/maps/place/Tanara+Massoterapeuta/data=!4m7!3m6!1s0x94deaffd08a57fdd:0xdb31de80da1eeecc!8m2!3d-26.2753784!4d-48.8615903!16s%2Fg%2F11l1l9z5r6!19sChIJ3X-lCP2v3pQRzO4e2oDeMds,Não,,,Pendente,,,,Não,Google Maps exibe Adicionar website; verificado em 13/08/2026.,spa
Barbearia Bem-Estar,Spa,47996300145,Joinville,https://www.google.com/maps/place/Barbearia+Bem-Estar/data=!4m7!3m6!1s0x94dea50205033ae9:0xe54ae5f7c3ceb247!8m2!3d-26.2729679!4d-48.8753981!16s%2Fg%2F11kt6kdh4g!19sChIJ6ToDBQKl3pQRR7LOw_flSuU,Não,,,Pendente,,,,Não,Google Maps exibe Adicionar website; verificado em 13/08/2026.,spa
Condomínio Residencial Costa e Silva,Spa,4730266882,Joinville,https://www.google.com/maps/place/Condom%C3%ADnio+Residencial+Costa+e+Silva/data=!4m7!3m6!1s0x94dea5657fce6e3d:0x1839459bda99ed6a!8m2!3d-26.2690361!4d-48.8900954!16s%2Fg%2F1tcvk7qx!19sChIJPW7Of2Wl3pQRau2Z2ptFORg,Não,,,Pendente,,,,Não,Google Maps exibe Adicionar website; verificado em 13/08/2026.,spa
MovLife Academia - Costa e Silva,Spa,4730239688,Joinville,https://www.google.com/maps/place/MovLife+Academia+-+Costa+e+Silva/data=!4m7!3m6!1s0x94deaf493882653d:0xbddc5d254c05f18d!8m2!3d-26.2692354!4d-48.874017!16s%2Fg%2F11v5y3y23x!19sChIJPWWCOEmv3pQRjfEFTCVd3L0,Não,,,Pendente,,,,Não,Google Maps exibe Adicionar website; verificado em 13/08/2026.,spa
Simone Massoterapia e Acupuntura,Spa,47989043561,Joinville,https://www.google.com/maps/place/Simone+Massoterapia+e+Acupuntura/data=!4m7!3m6!1s0x94dea57f308b9425:0x33fb14175d0fe4a5!8m2!3d-26.2922619!4d-48.9137438!16s%2Fg%2F11zd384324!19sChIJJZSLMH-l3pQRpeQPXRcU-zM,Não,,,Pendente,,,,Não,Google Maps exibe Adicionar website; verificado em 13/08/2026.,spa
Patricia França Massoterapia e Estética,Spa,47991758468,Joinville,https://www.google.com/maps/place/Patricia+Fran%C3%A7a+Massoterapia+e+Est%C3%A9tica/data=!4m7!3m6!1s0x94deb152b268decf:0x549421efc8f8fd6d!8m2!3d-26.3337661!4d-48.8741837!16s%2Fg%2F11z7fthlm4!19sChIJz95oslKx3pQRbf34yO8hlFQ,Não,,,Pendente,,,,Não,Google Maps exibe Adicionar website; verificado em 13/08/2026.,spa
Vanda Arcini Massoterapeuta/ Terapia Plasmática e Consteladora Familiar - Vila Nova Jlle,Spa,47999853860,Joinville,https://www.google.com/maps/place/Vanda+Arcini+Massoterapeuta%2F+Terapia+Plasm%C3%A1tica+e+Consteladora+Familiar+-+Vila+Nova+Jlle/data=!4m7!3m6!1s0x94dea5113088a4f9:0x4005fd9bd93a95b4!8m2!3d-26.2802593!4d-48.9085688!16s%2Fg%2F11rxttw6zv!19sChIJ-aSIMBGl3pQRtJU62Zv9BUA,Não,,,Pendente,,,,Não,Google Maps exibe Adicionar website; verificado em 13/08/2026.,spa
SPA do Sono,Spa,4730276072,Joinville,https://www.google.com/maps/place/SPA+do+Sono/data=!4m7!3m6!1s0x94deb0da5b847f55:0x7fa778c8ab28c48a!8m2!3d-26.3477176!4d-48.8468233!16s%2Fg%2F11hcd_d7nb!19sChIJVX-EW9qw3pQRisQoq8h4p38,Não,,,Pendente,,,,Não,Google Maps exibe Adicionar website; verificado em 13/08/2026.,spa
MASSAGGIATORE MASSOTERAPIA,Spa,47984949373,Joinville,https://www.google.com/maps/place/MASSAGGIATORE+MASSOTERAPIA/data=!4m7!3m6!1s0x94deb0e193d3ffff:0x63d0b1f5ca01b8c4!8m2!3d-26.3335488!4d-48.8412926!16s%2Fg%2F11ggz57mhb!19sChIJ___Tk-Gw3pQRxLgByvWx0GM,Não,,,Pendente,,,,Não,Google Maps exibe Adicionar website; verificado em 13/08/2026.,spa
Escola Municipal Professor Orestes Guimarães,Escola,4734650027,Joinville,https://www.google.com/maps/place/Escola+Municipal+Professor+Orestes+Guimar%C3%A3es/data=!4m7!3m6!1s0x94deb72b2e1ebb9d:0x429d0df5087c6bcc!8m2!3d-26.3631566!4d-48.8226017!16s%2Fg%2F1tq4s6vt!19sChIJnbseLiu33pQRzGt8CPUNnUI,Não,,,Pendente,,,,Não,Google Maps exibe Adicionar website; verificado em 13/08/2026.,escola
Escola Municipal Doutor Abdon Baptista,Escola,4734360351,Joinville,https://www.google.com/maps/place/Escola+Municipal+Doutor+Abdon+Baptista/data=!4m7!3m6!1s0x94deb129289fbbd1:0xa6c7104931fde548!8m2!3d-26.3476307!4d-48.8353963!16s%2Fg%2F1tgs225j!19sChIJ0bufKCmx3pQRSOX9MUkQx6Y,Não,,,Pendente,,,,Não,Google Maps exibe Adicionar website; verificado em 13/08/2026.,escola
EEB Dom Pio de Freitas,Escola,4734611259,Joinville,https://www.google.com/maps/place/EEB+Dom+Pio+de+Freitas/data=!4m7!3m6!1s0x94deb0e0cf06338d:0x8275276902812112!8m2!3d-26.337006!4d-48.8444897!16s%2Fg%2F1tgl_426!19sChIJjTMGz-Cw3pQREiGBAmkndYI,Não,,,Pendente,,,,Não,Google Maps exibe Adicionar website; verificado em 13/08/2026.,escola
Escola Municipal Plácido Xavier Vieira,Escola,4734632517,Joinville,https://www.google.com/maps/place/Escola+Municipal+Pl%C3%A1cido+Xavier+Vieira/data=!4m7!3m6!1s0x94deb0d10b172767:0x946392765bdc4332!8m2!3d-26.352744!4d-48.844509!16s%2Fg%2F1tkb67vb!19sChIJZycXC9Gw3pQRMkPcW3aSY5Q,Não,,,Pendente,,,,Não,Google Maps exibe Adicionar website; verificado em 13/08/2026.,escola
Escola Municipal Professora Virgínia Soares,Escola,4734360170,Joinville,https://www.google.com/maps/place/Escola+Municipal+Professora+Virg%C3%ADnia+Soares/data=!4m7!3m6!1s0x94deb0c27d36095d:0x347159a852bce7e5!8m2!3d-26.3426862!4d-48.8526044!16s%2Fg%2F1tfxz5gy!19sChIJXQk2fcKw3pQR5ee8UqhZcTQ,Não,,,Pendente,,,,Não,Google Maps exibe Adicionar website; verificado em 13/08/2026.,escola
CEJA de Joinville,Escola,4734311493,Joinville,https://www.google.com/maps/place/CEJA+de+Joinville/data=!4m7!3m6!1s0x94deb0530c94db87:0xcf9d8d8dca9927bc!8m2!3d-26.3122157!4d-48.8418845!16s%2Fg%2F11c58nb0rf!19sChIJh9uUDFOw3pQRvCeZyo2Nnc8,Não,,,Pendente,,,,Não,Google Maps exibe Adicionar website; verificado em 13/08/2026.,escola
Autoescola Canaã,Escola,47992686464,Joinville,https://www.google.com/maps/place/Autoescola+Cana%C3%A3/data=!4m7!3m6!1s0x94deb7fba0997b3b:0x114408f7e6ba8b94!8m2!3d-26.3600637!4d-48.8294494!16s%2Fg%2F11rxpdjgh5!19sChIJO3uZoPu33pQRlIu65vcIRBE,Não,,,Pendente,,,,Não,Google Maps exibe Adicionar website; verificado em 13/08/2026.,escola
EEB Prof Gertrudes Benta Costa,Escola,4734611282,Joinville,https://www.google.com/maps/place/EEB+Prof+Gertrudes+Benta+Costa/data=!4m7!3m6!1s0x94deb6d1a20a65d7:0x12415a7d422310ef!8m2!3d-26.3483875!4d-48.8317486!16s%2Fg%2F1tdb9_6q!19sChIJ12UKotG23pQR7xAjQn1aQRI,Não,,,Pendente,,,,Não,Google Maps exibe Adicionar website; verificado em 13/08/2026.,escola
Escola Vida Nova,Escola,4734369714,Joinville,https://www.google.com/maps/place/Escola+Vida+Nova/data=!4m7!3m6!1s0x94deb0c1f2ce8729:0x16c34a13fca520ea!8m2!3d-26.3439082!4d-48.8550445!16s%2Fg%2F1tm2bv22!19sChIJKYfO8sGw3pQR6iCl_BNKwxY,Não,,,Pendente,,,,Não,Google Maps exibe Adicionar website; verificado em 13/08/2026.,escola
Cei Amiguinhos Unidos,Escola,47999764414,Joinville,https://www.google.com/maps/place/Cei+Amiguinhos+Unidos/data=!4m7!3m6!1s0x94deb731d14310fb:0xff46bdb8abfbb343!8m2!3d-26.3624393!4d-48.8288217!16s%2Fg%2F11h37pzz52!19sChIJ-xBD0TG33pQRQ7P7q7i9Rv8,Não,,,Pendente,,,,Não,Google Maps exibe Adicionar website; verificado em 13/08/2026.,escola
Centro de Educação Infantil (CEI) Beija-Flor,Escola,4734261504,Joinville,https://www.google.com/maps/place/Centro+de+Educa%C3%A7%C3%A3o+Infantil+%28CEI%29+Beija-Flor/data=!4m7!3m6!1s0x94deb12c281739b5:0xe0d6ae196b1ee295!8m2!3d-26.3488568!4d-48.8326796!16s%2Fg%2F1tcx_z__!19sChIJtTkXKCyx3pQRleIeaxmu1uA,Não,,,Pendente,,,,Não,Google Maps exibe Adicionar website; verificado em 13/08/2026.,escola
CEI Novos Sonhos,Escola,4733077621,Joinville,https://www.google.com/maps/place/CEI+Novos+Sonhos/data=!4m7!3m6!1s0x94deb7f75f9caedd:0x98776254debc81a7!8m2!3d-26.3575639!4d-48.8148104!16s%2Fg%2F11fk3xlpkc!19sChIJ3a6cX_e33pQRp4G83lRid5g,Não,,,Pendente,,,,Não,Google Maps exibe Adicionar website; verificado em 13/08/2026.,escola
Centro de Educação Infantil (CEI) Parque Guarani,Escola,4734667199,Joinville,https://www.google.com/maps/place/Centro+de+Educa%C3%A7%C3%A3o+Infantil+%28CEI%29+Parque+Guarani/data=!4m7!3m6!1s0x94deb7527dfb47f1:0xc8c37c2262ea70ac!8m2!3d-26.3615903!4d-48.8127838!16s%2Fg%2F11gl0_5sy7!19sChIJ8Uf7fVK33pQRrHDqYiJ8w8g,Não,,,Pendente,,,,Não,Google Maps exibe Adicionar website; verificado em 13/08/2026.,escola
Centro de Educação Infantil Profipo,Escola,4734630300,Joinville,https://www.google.com/maps/place/Centro+de+Educa%C3%A7%C3%A3o+Infantil+Profipo/data=!4m7!3m6!1s0x94deb6dc89074243:0x2f7712ce580bb5d0!8m2!3d-26.36904!4d-48.8319541!16s%2Fg%2F1v2y_018!19sChIJQ0IHidy23pQR0LULWM4Sdy8,Não,,,Pendente,,,,Não,Google Maps exibe Adicionar website; verificado em 13/08/2026.,escola
CEI Zilda Arns Neumann,Escola,4734632257,Joinville,https://www.google.com/maps/place/CEI+Zilda+Arns+Neumann/data=!4m7!3m6!1s0x94deb6b9fd53c955:0xf38958c1f298a791!8m2!3d-26.3580821!4d-48.8168118!16s%2Fg%2F11df7xv7dx!19sChIJVclT_bm23pQRkaeY8sFYifM,Não,,,Pendente,,,,Não,Google Maps exibe Adicionar website; verificado em 13/08/2026.,escola
Centro de Educação Infantil (CEI) Sílvia Regina Cavalheiro,Escola,4734630606,Joinville,https://www.google.com/maps/place/Centro+de+Educa%C3%A7%C3%A3o+Infantil+%28CEI%29+S%C3%ADlvia+Regina+Cavalheiro/data=!4m7!3m6!1s0x94deb6bb55f97087:0xa829d9c325772dbc!8m2!3d-26.3602306!4d-48.8079247!16s%2Fg%2F11b76bmyfl!19sChIJh3D5Vbu23pQRvC13JcPZKag,Não,,,Pendente,,,,Não,Google Maps exibe Adicionar website; verificado em 13/08/2026.,escola
Semear e Colher Centro de Educação Infantil,Escola,4734260504,Joinville,https://www.google.com/maps/place/Semear+e+Colher+Centro+de+Educa%C3%A7%C3%A3o+Infantil/data=!4m7!3m6!1s0x94deb1197e9c6e91:0xfa576ca55a2d3a7f!8m2!3d-26.3295747!4d-48.8328633!16s%2Fg%2F11bv30jpjt!19sChIJkW6cfhmx3pQRfzotWqVsV_o,Não,,,Pendente,,,,Não,Google Maps exibe Adicionar website; verificado em 13/08/2026.,escola
CEI Anjinho Sapeca,Escola,47999379083,Joinville,https://www.google.com/maps/place/CEI+Anjinho+Sapeca/data=!4m7!3m6!1s0x94deb6c236974def:0xfc4feee6c56d7931!8m2!3d-26.3690495!4d-48.8255478!16s%2Fg%2F1tfs26p9!19sChIJ702XNsK23pQRMXltxebuT_w,Não,,,Pendente,,,,Não,Google Maps exibe Adicionar website; verificado em 13/08/2026.,escola
Centro de Educação Infantil (CEI) Jorge Luiz Vanderwegen,Escola,4734265774,Joinville,https://www.google.com/maps/place/Centro+de+Educa%C3%A7%C3%A3o+Infantil+%28CEI%29+Jorge+Luiz+Vanderwegen/data=!4m7!3m6!1s0x94deb0df8c8c9489:0xbea52202f5b4dab1!8m2!3d-26.3386558!4d-48.8401779!16s%2Fg%2F11c1nz51mw!19sChIJiZSMjN-w3pQRsdq09QIipb4,Não,,,Pendente,,,,Não,Google Maps exibe Adicionar website; verificado em 13/08/2026.,escola
Centro de Educação Infantil (CEI) Itaum,Escola,4734650823,Joinville,https://www.google.com/maps/place/Centro+de+Educa%C3%A7%C3%A3o+Infantil+%28CEI%29+Itaum/data=!4m7!3m6!1s0x94deb0fd5430dae7:0xfab59337e506b6fe!8m2!3d-26.3276969!4d-48.8440511!16s%2Fg%2F1tjmftc6!19sChIJ59owVP2w3pQR_rYG5TeTtfo,Não,,,Pendente,,,,Não,Google Maps exibe Adicionar website; verificado em 13/08/2026.,escola
Centro de Educação Infantil (CEI) Antônio Brühmüller,Escola,4734369019,Joinville,https://www.google.com/maps/place/Centro+de+Educa%C3%A7%C3%A3o+Infantil+%28CEI%29+Ant%C3%B4nio+Br%C3%BChm%C3%BCller/data=!4m7!3m6!1s0x94deb6aae22a75c5:0x950565ac56d1a56f!8m2!3d-26.3444273!4d-48.8021056!16s%2Fg%2F11c58q_b6v!19sChIJxXUq4qq23pQRb6XRVqxlBZU,Não,,,Pendente,,,,Não,Google Maps exibe Adicionar website; verificado em 13/08/2026.,escola
Centro de Educação Infantil (CEI) Pedro Paulo Hings Colin,Escola,4734664312,Joinville,https://www.google.com/maps/place/Centro+de+Educa%C3%A7%C3%A3o+Infantil+%28CEI%29+Pedro+Paulo+Hings+Colin/data=!4m7!3m6!1s0x94deb6f36d669d47:0xca6ac9ff7b6d376!8m2!3d-26.3830838!4d-48.8204512!16s%2Fg%2F11ckqs70bp!19sChIJR51mbfO23pQRdtO295-spgw,Não,,,Pendente,,,,Não,Google Maps exibe Adicionar website; verificado em 13/08/2026.,escola
Centro de Educação Infantil (CEI) Estrelinha Brilhante,Escola,4734660778,Joinville,https://www.google.com/maps/place/Centro+de+Educa%C3%A7%C3%A3o+Infantil+%28CEI%29+Estrelinha+Brilhante/data=!4m7!3m6!1s0x94deb14eb85c86a5:0x1910002b280b5283!8m2!3d-26.3416864!4d-48.8141523!16s%2Fg%2F1tgnn6yq!19sChIJpYZcuE6x3pQRg1ILKCsAEBk,Não,,,Pendente,,,,Não,Google Maps exibe Adicionar website; verificado em 13/08/2026.,escola
CEI Pequeno Príncipe,Escola,47996846775,Joinville,https://www.google.com/maps/place/CEI+Pequeno+Pr%C3%ADncipe/data=!4m7!3m6!1s0x94deb6df6e2a6419:0x90fb46dbf674c423!8m2!3d-26.3719576!4d-48.8407151!16s%2Fg%2F11clwlpf83!19sChIJGWQqbt-23pQRI8R09ttG-5A,Não,,,Pendente,,,,Não,Google Maps exibe Adicionar website; verificado em 13/08/2026.,escola
Centro de Educação Infantil (CEI) Zé Carioca,Escola,4734360128,Joinville,https://www.google.com/maps/place/Centro+de+Educa%C3%A7%C3%A3o+Infantil+%28CEI%29+Z%C3%A9+Carioca/data=!4m7!3m6!1s0x94deb11c2e5afc69:0xe5408db74ddca34b!8m2!3d-26.3304507!4d-48.836415!16s%2Fg%2F1tzl_39l!19sChIJafxaLhyx3pQRS6PcTbeNQOU,Não,,,Pendente,,,,Não,Google Maps exibe Adicionar website; verificado em 13/08/2026.,escola
Centro de Educação Infantil (CEI) Iraci Schmidlin,Escola,4734631253,Joinville,https://www.google.com/maps/place/Centro+de+Educa%C3%A7%C3%A3o+Infantil+%28CEI%29+Iraci+Schmidlin/data=!4m7!3m6!1s0x94deb145731acc83:0x4cfcdfaf64b272c2!8m2!3d-26.3360439!4d-48.8120018!16s%2Fg%2F11clyd4w_f!19sChIJg8wac0Wx3pQRwnKyZK_f_Ew,Não,,,Pendente,,,,Não,Google Maps exibe Adicionar website; verificado em 13/08/2026.,escola
CEI PEQUENO CÉU,Escola,4734260479,Joinville,https://www.google.com/maps/place/CEI+PEQUENO+C%C3%89U/data=!4m7!3m6!1s0x94deb0e73e38ff07:0x73527b99b59b69f8!8m2!3d-26.3377443!4d-48.8454249!16s%2Fg%2F1tff8rwx!19sChIJB_84Puew3pQR-GmbtZl7UnM,Não,,,Pendente,,,,Não,Google Maps exibe Adicionar website; verificado em 13/08/2026.,escola
Escola Infantil Sensory Park,Escola,47992117382,Joinville,https://www.google.com/maps/place/Escola+Infantil+Sensory+Park/data=!4m7!3m6!1s0x94deb15b4ede504f:0x4580921c579c0d2!8m2!3d-26.3342768!4d-48.8529891!16s%2Fg%2F11fm9nfylm!19sChIJT1DeTlux3pQR0sB5xSEJWAQ,Não,,,Pendente,,,,Não,Google Maps exibe Adicionar website; verificado em 13/08/2026.,escola
CEI Espaço do Parque,Escola,4730310828,Joinville,https://www.google.com/maps/place/CEI+Espa%C3%A7o+do+Parque/data=!4m7!3m6!1s0x94deb6bd2bccce93:0x803936b414849742!8m2!3d-26.3635513!4d-48.8097161!16s%2Fg%2F1tgljgjc!19sChIJk87MK7223pQRQpeEFLQ2OYA,Não,,,Pendente,,,,Não,Google Maps exibe Adicionar website; verificado em 13/08/2026.,escola
Aquarela Kids Centro de Educação Infantil Ltda,Escola,4734550887,Joinville,https://www.google.com/maps/place/Aquarela+Kids+Centro+de+Educa%C3%A7%C3%A3o+Infantil+Ltda/data=!4m7!3m6!1s0x94deb0ffebda84e7:0x10d3d7a8d03e8c28!8m2!3d-26.3190067!4d-48.840732!16s%2Fg%2F11b867x5nk!19sChIJ54Ta6_-w3pQRKIw-0KjX0xA,Não,,,Pendente,,,,Não,Google Maps exibe Adicionar website; verificado em 13/08/2026.,escola
C.E.I Três Rosas,Escola,4734382507,Joinville,https://www.google.com/maps/place/C.E.I+Tr%C3%AAs+Rosas/data=!4m7!3m6!1s0x94deb16cec4a0a1d:0xec4659210edfe88e!8m2!3d-26.3230894!4d-48.8178732!16s%2Fg%2F11b8c2gty1!19sChIJHQpK7Gyx3pQRjujfDiFZRuw,Não,,,Pendente,,,,Não,Google Maps exibe Adicionar website; verificado em 13/08/2026.,escola
Centro de Educação Infantil (CEI) Luíza Maria da Veiga (Ex-Guanabara),Escola,4734266139,Joinville,https://www.google.com/maps/place/Centro+de+Educa%C3%A7%C3%A3o+Infantil+%28CEI%29+Lu%C3%ADza+Maria+da+Veiga+%28Ex-Guanabara%29/data=!4m7!3m6!1s0x94deb1055adae8ad:0xab75c839ee17f801!8m2!3d-26.3232042!4d-48.8303782!16s%2Fg%2F1tklrq72!19sChIJrejaWgWx3pQRAfgX7jnIdas,Não,,,Pendente,,,,Não,Google Maps exibe Adicionar website; verificado em 13/08/2026.,escola
CENTRO INFANTIL DOCE CASTELO,Escola,47999385824,Joinville,https://www.google.com/maps/place/CENTRO+INFANTIL+DOCE+CASTELO/data=!4m7!3m6!1s0x94deb19c5c7a9ff1:0xf739c8b7bfbb4dac!8m2!3d-26.30766!4d-48.859024!16s%2Fg%2F11nmn27f5m!19sChIJ8Z96XJyx3pQRrE27v7fIOfc,Não,,,Pendente,,,,Não,Google Maps exibe Adicionar website; verificado em 13/08/2026.,escola
Centro de Educação Continuada dos Profissionais da Educação de Joinville,Escola,4734532555,Joinville,https://www.google.com/maps/place/Centro+de+Educa%C3%A7%C3%A3o+Continuada+dos+Profissionais+da+Educa%C3%A7%C3%A3o+de+Joinville/data=!4m7!3m6!1s0x94deb003c5739ceb:0xb441c53a3ffeb0cd!8m2!3d-26.2944889!4d-48.8741264!16s%2Fg%2F1jgm5gjhs!19sChIJ65xzxQOw3pQRzbD-PzrFQbQ,Não,,,Pendente,,,,Não,Google Maps exibe Adicionar website; verificado em 13/08/2026.,escola
Autoescola Água Viva Centro,Escola,47999011266,Joinville,https://www.google.com/maps/place/Autoescola+%C3%81gua+Viva+Centro/data=!4m7!3m6!1s0x94deb04bc757b795:0x21107f88e3c9c614!8m2!3d-26.3028235!4d-48.8435189!16s%2Fg%2F11bv1r6yz1!19sChIJlbdXx0uw3pQRFMbJ44h_ECE,Não,,,Pendente,,,,Não,Google Maps exibe Adicionar website; verificado em 13/08/2026.,escola
Centro de Educação Infantil (CEI) Espaço Encantado (Ex-Bucarein II),Escola,4734231678,Joinville,https://www.google.com/maps/place/Centro+de+Educa%C3%A7%C3%A3o+Infantil+%28CEI%29+Espa%C3%A7o+Encantado+%28Ex-Bucarein+II%29/data=!4m7!3m6!1s0x94deb0535ba36d2b:0x200dd52c1bbb60f1!8m2!3d-26.312511!4d-48.8405324!16s%2Fg%2F1tjtkf6t!19sChIJK22jW1Ow3pQR8WC7GyzVDSA,Não,,,Pendente,,,,Não,Google Maps exibe Adicionar website; verificado em 13/08/2026.,escola
Centro de Educação Infantil Sonho Colorido,Escola,47997059889,Joinville,https://www.google.com/maps/place/Centro+de+Educa%C3%A7%C3%A3o+Infantil+Sonho+Colorido/data=!4m7!3m6!1s0x94deb1a37eda774d:0x8de67b479b7c84fb!8m2!3d-26.3048519!4d-48.8245955!16s%2Fg%2F1tdbxxst!19sChIJTXfafqOx3pQR-4R8m0d75o0,Não,,,Pendente,,,,Não,Google Maps exibe Adicionar website; verificado em 13/08/2026.,escola
Centro de Educação Infantil Kindergarten,Escola,4730266918,Joinville,https://www.google.com/maps/place/Centro+de+Educa%C3%A7%C3%A3o+Infantil+Kindergarten/data=!4m7!3m6!1s0x94deafdf844c428d:0xb6edbedede554af3!8m2!3d-26.284836!4d-48.8582558!16s%2Fg%2F1tf5fxj_!19sChIJjUJMhN-v3pQR80pV3t6-7bY,Não,,,Pendente,,,,Não,Google Maps exibe Adicionar website; verificado em 13/08/2026.,escola
ABC da Criança,Escola,4734259999,Joinville,https://www.google.com/maps/place/ABC+da+Crian%C3%A7a/data=!4m7!3m6!1s0x94deafdb23635b9d:0x52a4d61d0f0869a1!8m2!3d-26.2745431!4d-48.8527367!16s%2Fg%2F11bv2ltt77!19sChIJnVtjI9uv3pQRoWkIDx3WpFI,Não,,,Pendente,,,,Não,Google Maps exibe Adicionar website; verificado em 13/08/2026.,escola
NADOVILLE,Escola,4730271095,Joinville,https://www.google.com/maps/place/NADOVILLE/data=!4m7!3m6!1s0x94deb0377399939b:0x94ca03c44fee1f4d!8m2!3d-26.2857365!4d-48.8473318!16s%2Fg%2F11byyj8pv_!19sChIJm5OZczew3pQRTR_uT8QDypQ,Não,,,Pendente,,,,Não,Google Maps exibe Adicionar website; verificado em 13/08/2026.,escola
Centro de Educação Infantil (CEI) Pequena Sereia,Escola,4734737754,Joinville,https://www.google.com/maps/place/Centro+de+Educa%C3%A7%C3%A3o+Infantil+%28CEI%29+Pequena+Sereia/data=!4m7!3m6!1s0x94dea55833ec62f1:0xcecc6732f39f7c54!8m2!3d-26.2827383!4d-48.8821465!16s%2Fg%2F11bzywm8_y!19sChIJ8WLsM1il3pQRVHyf8zJnzM4,Não,,,Pendente,,,,Não,Google Maps exibe Adicionar website; verificado em 13/08/2026.,escola
Centro de Educação Infantil (CEI) Sementinha,Escola,4734271617,Joinville,https://www.google.com/maps/place/Centro+de+Educa%C3%A7%C3%A3o+Infantil+%28CEI%29+Sementinha/data=!4m7!3m6!1s0x94deb1b621eaff93:0x93e8ff4335f8e3ee!8m2!3d-26.2728896!4d-48.8133732!16s%2Fg%2F11g2wp7k4z!19sChIJk__qIbax3pQR7uP4NUP_6JM,Não,,,Pendente,,,,Não,Google Maps exibe Adicionar website; verificado em 13/08/2026.,escola
EM Avelino Marcante Extensão (Léa Lepper),Escola,4734246055,Joinville,https://www.google.com/maps/place/EM+Avelino+Marcante+Extens%C3%A3o+%28L%C3%A9a+Lepper%29/data=!4m7!3m6!1s0x94deaf657a7219cd:0x536059721bff377f!8m2!3d-26.2718333!4d-48.8390745!16s%2Fg%2F1tggc3gm!19sChIJzRlyemWv3pQRfzf_G3JZYFM,Não,,,Pendente,,,,Não,Google Maps exibe Adicionar website; verificado em 13/08/2026.,escola
Centro de Educação Infantil Tia Sula - Unidade Piratuba,Escola,4732272430,Joinville,https://www.google.com/maps/place/Centro+de+Educa%C3%A7%C3%A3o+Infantil+Tia+Sula+-+Unidade+Piratuba/data=!4m7!3m6!1s0x94deafdd9855cbfd:0x5e608bd054edff5b!8m2!3d-26.2691536!4d-48.8345126!16s%2Fg%2F11f77v699p!19sChIJ_ctVmN2v3pQRW__tVNCLYF4,Não,,,Pendente,,,,Não,Google Maps exibe Adicionar website; verificado em 13/08/2026.,escola
Centro de Educação Infantil Fazendinha,Escola,4734722149,Joinville,https://www.google.com/maps/place/Centro+de+Educa%C3%A7%C3%A3o+Infantil+Fazendinha/data=!4m7!3m6!1s0x94deae274e1becbf:0x156e35c588cecd75!8m2!3d-26.2730203!4d-48.8250102!16s%2Fg%2F11gdjpssc3!19sChIJv-wbTieu3pQRdc3OiMU1bhU,Não,,,Pendente,,,,Não,Google Maps exibe Adicionar website; verificado em 13/08/2026.,escola
Escola de Educação Básica Arnaldo Moreira Douat,Escola,4734812428,Joinville,https://www.google.com/maps/place/Escola+de+Educa%C3%A7%C3%A3o+B%C3%A1sica+Arnaldo+Moreira+Douat/data=!4m7!3m6!1s0x94deaff168935c85:0xe1e71c3d60a1db09!8m2!3d-26.276644!4d-48.872212!16s%2Fg%2F1th6f_bc!19sChIJhVyTaPGv3pQRCduhYD0c5-E,Não,,,Pendente,,,,Não,Google Maps exibe Adicionar website; verificado em 13/08/2026.,escola
Professora Particular Reforço Joinville Santa Catarina,Escola,47997894614,Joinville,https://www.google.com/maps/place/Professora+Particular+Refor%C3%A7o+Joinville+Santa+Catarina/data=!4m7!3m6!1s0x94dea5f3ebc3d977:0x7919c3c13bf29fb4!8m2!3d-26.273394!4d-48.8833971!16s%2Fg%2F11yz21gbty!19sChIJd9nD6_Ol3pQRtJ_yO8HDGXk,Não,,,Pendente,,,,Não,Google Maps exibe Adicionar website; verificado em 13/08/2026.,escola
CEI Felícia Cardoso Vieira,Escola,4734373804,Joinville,https://www.google.com/maps/place/CEI+Fel%C3%ADcia+Cardoso+Vieira/data=!4m7!3m6!1s0x94dea565c2b0b72d:0x7a89ac993fd2baeb!8m2!3d-26.2707246!4d-48.8893915!16s%2Fg%2F11f3zvrycb!19sChIJLbewwmWl3pQR67rSP5msiXo,Não,,,Pendente,,,,Não,Google Maps exibe Adicionar website; verificado em 13/08/2026.,escola
CEI PEQUENOS BAMBINOS,Escola,4734351805,Joinville,https://www.google.com/maps/place/CEI+PEQUENOS+BAMBINOS/data=!4m7!3m6!1s0x94deaff020f140ed:0xa39aab3f7ae7f2!8m2!3d-26.2727226!4d-48.8711842!16s%2Fg%2F11bv6l5n53!19sChIJ7UDxIPCv3pQR8ud6P6uaowA,Não,,,Pendente,,,,Não,Google Maps exibe Adicionar website; verificado em 13/08/2026.,escola
Centro Educação Infantil Costa e Silva,Escola,4734736753,Joinville,https://www.google.com/maps/place/Centro+Educa%C3%A7%C3%A3o+Infantil+Costa+e+Silva/data=!4m7!3m6!1s0x94dea56073aa2ebb:0x415a1b6a599534db!8m2!3d-26.2733169!4d-48.8814214!16s%2Fg%2F11b6ht_9j4!19sChIJuy6qc2Cl3pQR2zSVWWobWkE,Não,,,Pendente,,,,Não,Google Maps exibe Adicionar website; verificado em 13/08/2026.,escola
Cria e Recria Centro Recreativo,Escola,47991225083,Joinville,https://www.google.com/maps/place/Cria+e+Recria+Centro+Recreativo/data=!4m7!3m6!1s0x94dea547e78d2ec7:0xaba10badbad9a63a!8m2!3d-26.277638!4d-48.8851181!16s%2Fg%2F11vdncgl8c!19sChIJxy6N50el3pQROqbZuq0Loas,Não,,,Pendente,,,,Não,Google Maps exibe Adicionar website; verificado em 13/08/2026.,escola
CEI Pintando o 7 no Florescer,Escola,47988150663,Joinville,https://www.google.com/maps/place/CEI+Pintando+o+7+no+Florescer/data=!4m7!3m6!1s0x94dea50067e191d1:0x929f6741bc2d549c!8m2!3d-26.2653383!4d-48.8870176!16s%2Fg%2F11vqry48bp!19sChIJ0ZHhZwCl3pQRnFQtvEFnn5I,Não,,,Pendente,,,,Não,Google Maps exibe Adicionar website; verificado em 13/08/2026.,escola
Escola Municipal Valentim João da Rocha,Escola,4734378700,Joinville,https://www.google.com/maps/place/Escola+Municipal+Valentim+Jo%C3%A3o+da+Rocha/data=!4m7!3m6!1s0x94dea5391f6a7df1:0xe854caa6d092b9c6!8m2!3d-26.2871286!4d-48.9030534!16s%2Fg%2F1tdgldpx!19sChIJ8X1qHzml3pQRxrmS0KbKVOg,Não,,,Pendente,,,,Não,Google Maps exibe Adicionar website; verificado em 13/08/2026.,escola
Centro de Educação Infantil (CEI) Sigelfrid Poffo,Escola,4734390489,Joinville,https://www.google.com/maps/place/Centro+de+Educa%C3%A7%C3%A3o+Infantil+%28CEI%29+Sigelfrid+Poffo/data=!4m7!3m6!1s0x94dea53ed15d3617:0x8b3dadefbfea7987!8m2!3d-26.2856566!4d-48.9031321!16s%2Fg%2F11c1p4lcsy!19sChIJFzZd0T6l3pQRh3nqv--tPYs,Não,,,Pendente,,,,Não,Google Maps exibe Adicionar website; verificado em 13/08/2026.,escola
Escola Municipal Vereador Arinor Vogelsanger,Escola,4734530160,Joinville,https://www.google.com/maps/place/Escola+Municipal+Vereador+Arinor+Vogelsanger/data=!4m7!3m6!1s0x94dea53955555555:0xaf881e2c749f9d7b!8m2!3d-26.2772091!4d-48.9068337!16s%2Fg%2F1vn19p34!19sChIJVVVVVTml3pQRe52fdCweiK8,Não,,,Pendente,,,,Não,Google Maps exibe Adicionar website; verificado em 13/08/2026.,escola
Escola Municipal Professor Bernardo Tank,Escola,4734395159,Joinville,https://www.google.com/maps/place/Escola+Municipal+Professor+Bernardo+Tank/data=!4m7!3m6!1s0x94dea5201837e509:0x3628c59da472255d!8m2!3d-26.2872924!4d-48.9224144!16s%2Fg%2F1whdkhx4!19sChIJCeU3GCCl3pQRXSVypJ3FKDY,Não,,,Pendente,,,,Não,Google Maps exibe Adicionar website; verificado em 13/08/2026.,escola
CEI Fazendo Eu Aprendo,Escola,47997573396,Joinville,https://www.google.com/maps/place/CEI+Fazendo+Eu+Aprendo/data=!4m7!3m6!1s0x94dea5475a933e79:0xf80ce118e682f391!8m2!3d-26.2853925!4d-48.8995445!16s%2Fg%2F1tfg8t_c!19sChIJeT6TWkel3pQRkfOC5hjhDPg,Não,,,Pendente,,,,Não,Google Maps exibe Adicionar website; verificado em 13/08/2026.,escola
CEI Paschoa Poffo,Escola,4735091447,Joinville,https://www.google.com/maps/place/CEI+Paschoa+Poffo/data=!4m7!3m6!1s0x94dea5005a4d1667:0xfc6b804e9b742082!8m2!3d-26.287089!4d-48.9176858!16s%2Fg%2F11w84m5srm!19sChIJZxZNWgCl3pQRgiB0m06Aa_w,Não,,,Pendente,,,,Não,Google Maps exibe Adicionar website; verificado em 13/08/2026.,escola
Escola Municipal Professora Karin Barkemeyer - Extensão,Escola,4734373827,Joinville,https://www.google.com/maps/place/Escola+Municipal+Professora+Karin+Barkemeyer+-+Extens%C3%A3o/data=!4m7!3m6!1s0x94dea546ce6be6c1:0xec129ca4b599c90b!8m2!3d-26.286997!4d-48.917102!16s%2Fg%2F11tfkgj6m9!19sChIJweZrzkal3pQRC8mZtaScEuw,Não,,,Pendente,,,,Não,Google Maps exibe Adicionar website; verificado em 13/08/2026.,escola
Escola Municipal Anaburgo,Escola,4734395947,Joinville,https://www.google.com/maps/place/Escola+Municipal+Anaburgo/data=!4m7!3m6!1s0x94dea4ff5d357c3b:0xea474aa291e43a4d!8m2!3d-26.2681154!4d-48.9243866!16s%2Fg%2F1tdzs8v8!19sChIJO3w1Xf-k3pQRTTrkkaJKR-o,Não,,,Pendente,,,,Não,Google Maps exibe Adicionar website; verificado em 13/08/2026.,escola
CEI Turminha Legal,Escola,47997052958,Joinville,https://www.google.com/maps/place/CEI+Turminha+Legal/data=!4m7!3m6!1s0x94dea53887e7d3e9:0xa5498bc6725f14fc!8m2!3d-26.2876346!4d-48.9006176!16s%2Fg%2F11bv6phqz9!19sChIJ6dPnhzil3pQR_BRfcsaLSaU,Não,,,Pendente,,,,Não,Google Maps exibe Adicionar website; verificado em 13/08/2026.,escola
Centro de Educação Infantil João e Maria,Escola,47996115660,Joinville,https://www.google.com/maps/place/Centro+de+Educa%C3%A7%C3%A3o+Infantil+Jo%C3%A3o+e+Maria/data=!4m7!3m6!1s0x94dea51b64e8dcb3:0x553fcf209616abb9!8m2!3d-26.2925128!4d-48.9109356!16s%2Fg%2F11lt3n3r77!19sChIJs9zoZBul3pQRuasWliDPP1U,Não,,,Pendente,,,,Não,Google Maps exibe Adicionar website; verificado em 13/08/2026.,escola
Lolo Kids,Escola,47991126872,Joinville,https://www.google.com/maps/place/Lolo+Kids/data=!4m7!3m6!1s0x94dea529e0c7b6e5:0x3abcd378b7cd3745!8m2!3d-26.2864921!4d-48.9122443!16s%2Fg%2F11gyxjc6h7!19sChIJ5bbH4Cml3pQRRTfNt3jTvDo,Não,,,Pendente,,,,Não,Google Maps exibe Adicionar website; verificado em 13/08/2026.,escola
VIP- CENTRO DE EDUCAÇÃO INFANTIL,Escola,47991060955,Joinville,https://www.google.com/maps/place/VIP-+CENTRO+DE+EDUCA%C3%87%C3%83O+INFANTIL/data=!4m7!3m6!1s0x94dea5e44f8fda8f:0x91a19fa5a7128860!8m2!3d-26.2852699!4d-48.9197949!16s%2Fg%2F11ympgq8vm!19sChIJj9qPT-Sl3pQRYIgSp6WfoZE,Não,,,Pendente,,,,Não,Google Maps exibe Adicionar website; verificado em 13/08/2026.,escola
Centro de Treinamento Futvila,Escola,47999775081,Joinville,https://www.google.com/maps/place/Centro+de+Treinamento+Futvila/data=!4m7!3m6!1s0x94dea59dd966b8cf:0xd1553e2189068352!8m2!3d-26.2848069!4d-48.9138886!16s%2Fg%2F11l66tpz1v!19sChIJz7hm2Z2l3pQRUoMGiSE-VdE,Não,,,Pendente,,,,Não,Google Maps exibe Adicionar website; verificado em 13/08/2026.,escola
CEI Cantinho dos Sonhos,Escola,47997496537,Joinville,https://www.google.com/maps/place/CEI+Cantinho+dos+Sonhos/data=!4m7!3m6!1s0x94dea5bcf2a01579:0xd3bf893f6990f7e1!8m2!3d-26.2863302!4d-48.9107818!16s%2Fg%2F11j970wlz7!19sChIJeRWg8ryl3pQR4feQaT-Jv9M,Não,,,Pendente,,,,Não,Google Maps exibe Adicionar website; verificado em 13/08/2026.,escola
CESITA - Centro Educacional e Social do Itaum,Cursos,4734897900,Joinville,https://www.google.com/maps/place/CESITA+-+Centro+Educacional+e+Social+do+Itaum/data=!4m7!3m6!1s0x94deb11d0670cbe9:0x6e717a5d4d312aa4!8m2!3d-26.3287422!4d-48.838002!16s%2Fg%2F12cpgdz5m!19sChIJ6ctwBh2x3pQRpCoxTV16cW4,Não,,,Pendente,,,,Não,Google Maps exibe Adicionar website; verificado em 13/08/2026.,cursos
Lupa Assessoria e Treinamento,Cursos,4734666529,Joinville,https://www.google.com/maps/place/Lupa+Assessoria+e+Treinamento/data=!4m7!3m6!1s0x94deb148e1239ff7:0xe9b9ba93bd410ece!8m2!3d-26.3407619!4d-48.8160378!16s%2Fg%2F11b6rvv_s6!19sChIJ958j4Uix3pQRzg5BvZO6uek,Não,,,Pendente,,,,Não,Google Maps exibe Adicionar website; verificado em 13/08/2026.,cursos
Enfael Cursos - Ensino Fácil de Elétrica,Cursos,47996930909,Joinville,https://www.google.com/maps/place/Enfael+Cursos+-+Ensino+F%C3%A1cil+de+El%C3%A9trica/data=!4m7!3m6!1s0x94deb16ca111a77b:0xcbbbfff64efb5e26!8m2!3d-26.3312368!4d-48.8322462!16s%2Fg%2F11fr3qvhjt!19sChIJe6cRoWyx3pQRJl77Tvb_u8s,Não,,,Pendente,,,,Não,Google Maps exibe Adicionar website; verificado em 13/08/2026.,cursos
JP Cursos,Cursos,47992651011,Joinville,https://www.google.com/maps/place/JP+Cursos/data=!4m7!3m6!1s0x94deb1c2eda81bbb:0x2510e45895b5b714!8m2!3d-26.3136759!4d-48.8517848!16s%2Fg%2F11h045vjf6!19sChIJuxuo7cKx3pQRFLe1lVjkECU,Não,,,Pendente,,,,Não,Google Maps exibe Adicionar website; verificado em 13/08/2026.,cursos
Recentralize Studio de Pilates,Cursos,47996082470,Joinville,https://www.google.com/maps/place/Recentralize+Studio+de+Pilates/data=!4m7!3m6!1s0x94deb1aff4876be5:0xaeaa48f351e331ea!8m2!3d-26.3637847!4d-48.8292483!16s%2Fg%2F11h3dwksx_!19sChIJ5WuH9K-x3pQR6jHjUfNIqq4,Não,,,Pendente,,,,Não,Google Maps exibe Adicionar website; verificado em 13/08/2026.,cursos
GRUPO CERTO - PROTEÇÃO VEICULAR,Cursos,4734368689,Joinville,https://www.google.com/maps/place/GRUPO+CERTO+-+PROTE%C3%87%C3%83O+VEICULAR/data=!4m7!3m6!1s0x94deb7381e6fe549:0x8b918a6a58e73566!8m2!3d-26.3640839!4d-48.8319097!16s%2Fg%2F11f6ncj83n!19sChIJSeVvHji33pQRZjXnWGqKkYs,Não,,,Pendente,,,,Não,Google Maps exibe Adicionar website; verificado em 13/08/2026.,cursos
Centro de Treinamento Spartacus,Cursos,47992532421,Joinville,https://www.google.com/maps/place/Centro+de+Treinamento+Spartacus/data=!4m7!3m6!1s0x94deb7f40715c3c3:0x8b06e05bc25ad9f2!8m2!3d-26.367169!4d-48.8348281!16s%2Fg%2F11m2j_0g6z!19sChIJw8MVB_S33pQR8tlawlvgBos,Não,,,Pendente,,,,Não,Google Maps exibe Adicionar website; verificado em 13/08/2026.,cursos
2e studio de treinamento,Cursos,47999624201,Joinville,https://www.google.com/maps/place/2e+studio+de+treinamento/data=!4m7!3m6!1s0x94deb1e979f269ad:0xa11e3d6f3c93106f!8m2!3d-26.3407456!4d-48.8229488!16s%2Fg%2F11gjm7cpn9!19sChIJrWnyeemx3pQRbxCTPG89HqE,Não,,,Pendente,,,,Não,Google Maps exibe Adicionar website; verificado em 13/08/2026.,cursos
Altus Treinamento Personalizado,Cursos,47992845546,Joinville,https://www.google.com/maps/place/Altus+Treinamento+Personalizado/data=!4m7!3m6!1s0x94deb1480af1101b:0x92bd2cfc49ff7d5f!8m2!3d-26.2968772!4d-48.8711814!16s%2Fg%2F11yx4b14k9!19sChIJGxDxCkix3pQRX33_SfwsvZI,Não,,,Pendente,,,,Não,Google Maps exibe Adicionar website; verificado em 13/08/2026.,cursos
Centro de Treinamento Union Of Fight,Cursos,47999038711,Joinville,https://www.google.com/maps/place/Centro+de+Treinamento+Union+Of+Fight/data=!4m7!3m6!1s0x94deb3ddc61a5245:0xa6cf61ca184d8569!8m2!3d-26.3386651!4d-48.7964684!16s%2Fg%2F11t2_x9qss!19sChIJRVIaxt2z3pQRaYVNGMphz6Y,Não,,,Pendente,,,,Não,Google Maps exibe Adicionar website; verificado em 13/08/2026.,cursos
Corpori Sani - Curso técnico de Enfermagem e Radiologia,Cursos,47992417579,Joinville,https://www.google.com/maps/place/Corpori+Sani+-+Curso+t%C3%A9cnico+de+Enfermagem+e+Radiologia/data=!4m7!3m6!1s0x94deb05b2c157ef3:0xe5c6ac5dfb89355b!8m2!3d-26.3072593!4d-48.8421326!16s%2Fg%2F1pv5ykn8v!19sChIJ834VLFuw3pQRWzWJ-12sxuU,Não,,,Pendente,,,,Não,Google Maps exibe Adicionar website; verificado em 13/08/2026.,cursos
Enjoy,Cursos,47996410635,Joinville,https://www.google.com/maps/place/Enjoy/data=!4m7!3m6!1s0x94deb1a1c6694a23:0x9e412052b1c96843!8m2!3d-26.304812!4d-48.8448744!16s%2Fg%2F11ttb74785!19sChIJI0ppxqGx3pQRQ2jJsVIgQZ4,Não,,,Pendente,,,,Não,Google Maps exibe Adicionar website; verificado em 13/08/2026.,cursos
INOVE CROSS TRAINING,Cursos,47984576441,Joinville,https://www.google.com/maps/place/INOVE+CROSS+TRAINING/data=!4m7!3m6!1s0x94deb1305b079dab:0xd76ab19c5251b029!8m2!3d-26.3011949!4d-48.8506076!16s%2Fg%2F11nl80nn78!19sChIJq50HWzCx3pQRKbBRUpyxatc,Não,,,Pendente,,,,Não,Google Maps exibe Adicionar website; verificado em 13/08/2026.,cursos
CENTRO DE TREINAMENTO KING BOXING,Cursos,47991295930,Joinville,https://www.google.com/maps/place/CENTRO+DE+TREINAMENTO+KING+BOXING/data=!4m7!3m6!1s0x94deb176e2fe7695:0x2aa319a57b8f45b7!8m2!3d-26.2980448!4d-48.8486591!16s%2Fg%2F11khcnc3t6!19sChIJlXb-4nax3pQRt0WPe6UZoyo,Não,,,Pendente,,,,Não,Google Maps exibe Adicionar website; verificado em 13/08/2026.,cursos
Top face cursos,Cursos,47991040472,Joinville,https://www.google.com/maps/place/Top+face+cursos/data=!4m7!3m6!1s0x85458312303977bf:0xd221eb11e530518b!8m2!3d-26.2790162!4d-48.8445892!16s%2Fg%2F11qg03pfdf!19sChIJv3c5MBKDRYURi1Ew5RHrIdI,Não,,,Pendente,,,,Não,Google Maps exibe Adicionar website; verificado em 13/08/2026.,cursos
GNS - Genesis Academy Joinville - JiuJitsu,Cursos,4735136631,Joinville,https://www.google.com/maps/place/GNS+-+Genesis+Academy+Joinville+-+JiuJitsu/data=!4m7!3m6!1s0x94deaff64b1f9e3f:0x5c465fe49c58d274!8m2!3d-26.2816285!4d-48.8505518!16s%2Fg%2F11n40sgq9v!19sChIJP54fS_av3pQRdNJYnORfRlw,Não,,,Pendente,,,,Não,Google Maps exibe Adicionar website; verificado em 13/08/2026.,cursos
CESAF - Centro de Saúde e Atividade Física,Cursos,47999237337,Joinville,https://www.google.com/maps/place/CESAF+-+Centro+de+Sa%C3%BAde+e+Atividade+F%C3%ADsica/data=!4m7!3m6!1s0x94deb1ebe83c7f43:0xf247a484fcd8ede9!8m2!3d-26.2845767!4d-48.8541011!16s%2Fg%2F11s0jrg7js!19sChIJQ3886Oux3pQR6e3Y_ISkR_I,Não,,,Pendente,,,,Não,Google Maps exibe Adicionar website; verificado em 13/08/2026.,cursos
Bio Balance Studio Treinamento Funcional,Cursos,47988204638,Joinville,https://www.google.com/maps/place/Bio+Balance+Studio+Treinamento+Funcional/data=!4m7!3m6!1s0x94deb1ea1e010177:0x64ac196234eefd21!8m2!3d-26.2859445!4d-48.847282!16s%2Fg%2F11zb2zyzd2!19sChIJdwEBHuqx3pQRIf3uNGIZrGQ,Não,,,Pendente,,,,Não,Google Maps exibe Adicionar website; verificado em 13/08/2026.,cursos
Living Fitness Academia,Cursos,4730288949,Joinville,https://www.google.com/maps/place/Living+Fitness+Academia/data=!4m7!3m6!1s0x94deb028cde230c9:0x180d22b35b2c862!8m2!3d-26.2859805!4d-48.8473036!16s%2Fg%2F124ydvsc4!19sChIJyTDizSiw3pQRYsiyNSvSgAE,Não,,,Pendente,,,,Não,Google Maps exibe Adicionar website; verificado em 13/08/2026.,cursos
Tigre S/A | Centro de Treinamento João Hansen Júnior,Cursos,47999832095,Joinville,https://www.google.com/maps/place/Tigre+S%2FA+%7C+Centro+de+Treinamento+Jo%C3%A3o+Hansen+J%C3%BAnior/data=!4m7!3m6!1s0x94deb066119ce8f5:0x8824b443decd4da6!8m2!3d-26.3172603!4d-48.8642404!16s%2Fg%2F11dx8mfkwq!19sChIJ9eicEWaw3pQRpk3N3kO0JIg,Não,,,Pendente,,,,Não,Google Maps exibe Adicionar website; verificado em 13/08/2026.,cursos
Seth Anita Garibaldi,Cursos,47984842201,Joinville,https://www.google.com/maps/place/Seth+Anita+Garibaldi/data=!4m7!3m6!1s0x94deb15dda7c9799:0xea4e50ca66e777fd!8m2!3d-26.3164495!4d-48.8530975!16s%2Fg%2F11kjg9hnms!19sChIJmZd82l2x3pQR_XfnZspQTuo,Não,,,Pendente,,,,Não,Google Maps exibe Adicionar website; verificado em 13/08/2026.,cursos
Academia Sparta,Cursos,47988434468,Joinville,https://www.google.com/maps/place/Academia+Sparta/data=!4m7!3m6!1s0x94deb17e5caf7463:0x9150ced07ea6ce1c!8m2!3d-26.3135265!4d-48.8473862!16s%2Fg%2F11fn72d7rd!19sChIJY3SvXH6x3pQRHM6mftDOUJE,Não,,,Pendente,,,,Não,Google Maps exibe Adicionar website; verificado em 13/08/2026.,cursos
Atos Joinville,Cursos,47992498642,Joinville,https://www.google.com/maps/place/Atos+Joinville/data=!4m7!3m6!1s0x94deb1a68250f12f:0xadc3555d5e81604!8m2!3d-26.3240096!4d-48.857555!16s%2Fg%2F11wbhgzykm!19sChIJL_FQgqax3pQRBBbo1VU13Ao,Não,,,Pendente,,,,Não,Google Maps exibe Adicionar website; verificado em 13/08/2026.,cursos
REALIIZA EVENTOS TEAM FUNCIONALBALL,Cursos,47999174726,Joinville,https://www.google.com/maps/place/REALIIZA+EVENTOS+TEAM+FUNCIONALBALL/data=!4m7!3m6!1s0x94deb126f723ee53:0x14ed0bef0f9ab1e4!8m2!3d-26.3135229!4d-48.8473633!16s%2Fg%2F11fkt7wnr9!19sChIJU-4j9yax3pQR5LGaD-8L7RQ,Não,,,Pendente,,,,Não,Google Maps exibe Adicionar website; verificado em 13/08/2026.,cursos
CF047 Fitness,Cursos,47988991828,Joinville,https://www.google.com/maps/place/CF047+Fitness/data=!4m7!3m6!1s0x94deb17a9a0bd1f5:0xa0623c05ffad21fb!8m2!3d-26.2884639!4d-48.8412337!16s%2Fg%2F11w26njqrb!19sChIJ9dELmnqx3pQR-yGt_wU8YqA,Não,,,Pendente,,,,Não,Google Maps exibe Adicionar website; verificado em 13/08/2026.,cursos
Fran Alves Cílios e Cursos,Cursos,47988461696,Joinville,https://www.google.com/maps/place/Fran+Alves+C%C3%ADlios+e+Cursos/data=!4m7!3m6!1s0x94deaf21fabdef47:0xc7cb73df9c51ff60!8m2!3d-26.2810855!4d-48.8753315!16s%2Fg%2F11nttk8n_8!19sChIJR--9-iGv3pQRYP9RnN9zy8c,Não,,,Pendente,,,,Não,Google Maps exibe Adicionar website; verificado em 13/08/2026.,cursos
Escola de Costura Catarina Coral,Cursos,47996122040,Joinville,https://www.google.com/maps/place/Escola+de+Costura+Catarina+Coral/data=!4m7!3m6!1s0x94deb104f2a2c7ef:0x89cbb4b1a0ae131f!8m2!3d-26.2830037!4d-48.8630444!16s%2Fg%2F11v6747xc0!19sChIJ78ei8gSx3pQRHxOuoLG0y4k,Não,,,Pendente,,,,Não,Google Maps exibe Adicionar website; verificado em 13/08/2026.,cursos
Monitorias Reforço Escolar - Unidade Costa e Silva,Cursos,47988575459,Joinville,https://www.google.com/maps/place/Monitorias+Refor%C3%A7o+Escolar+-+Unidade+Costa+e+Silva/data=!4m7!3m6!1s0x94deaf15c004de45:0x6a2065fa4fc9abac!8m2!3d-26.2740438!4d-48.8709251!16s%2Fg%2F11xh861n4f!19sChIJRd4EwBWv3pQRrKvJT_plIGo,Não,,,Pendente,,,,Não,Google Maps exibe Adicionar website; verificado em 13/08/2026.,cursos
ATP Joinville - Academia de Treinamento Personalizado,Cursos,47991326051,Joinville,https://www.google.com/maps/place/ATP+Joinville+-+Academia+de+Treinamento+Personalizado/data=!4m7!3m6!1s0x94deaf0033855f7d:0x818f279489dae320!8m2!3d-26.2700438!4d-48.8717895!16s%2Fg%2F11vs1m5ntl!19sChIJfV-FMwCv3pQRIOPaiZQnj4E,Não,,,Pendente,,,,Não,Google Maps exibe Adicionar website; verificado em 13/08/2026.,cursos
CBC Treinamento,Cursos,47988806745,Joinville,https://www.google.com/maps/place/CBC+Treinamento/data=!4m7!3m6!1s0x94deaff5241346d3:0xbdec6c799715b2a1!8m2!3d-26.2837865!4d-48.8775289!16s%2Fg%2F11gm7qrk_z!19sChIJ00YTJPWv3pQRobIVl3ls7L0,Não,,,Pendente,,,,Não,Google Maps exibe Adicionar website; verificado em 13/08/2026.,cursos
Team Jeanis - Treinamento personalizado,Cursos,47996518001,Joinville,https://www.google.com/maps/place/Team+Jeanis+-+Treinamento+personalizado/data=!4m7!3m6!1s0x94deaf0cc37c589d:0x3c8e514823a2a886!8m2!3d-26.2708444!4d-48.8759269!16s%2Fg%2F11vsqxky5x!19sChIJnVh8wwyv3pQRhqiiI0hRjjw,Não,,,Pendente,,,,Não,Google Maps exibe Adicionar website; verificado em 13/08/2026.,cursos
Studio Gicélia Lima | Cursos Cílios e Sobrancelhas | Joinville,Cursos,47996741140,Joinville,https://www.google.com/maps/place/Studio+Gic%C3%A9lia+Lima+%7C+Cursos+C%C3%ADlios+e+Sobrancelhas+%7C+Joinville/data=!4m7!3m6!1s0x94dea534743c04bb:0x9c4a4cbab3630a8f!8m2!3d-26.2894949!4d-48.9001731!16s%2Fg%2F11mzt3_4n3!19sChIJuwQ8dDSl3pQRjwpjs7pMSpw,Não,,,Pendente,,,,Não,Google Maps exibe Adicionar website; verificado em 13/08/2026.,cursos
Sousar Serviços Técnicos | Curso de Ar Condicionado,Cursos,47988270259,Joinville,https://www.google.com/maps/place/Sousar+Servi%C3%A7os+T%C3%A9cnicos+%7C+Curso+de+Ar+Condicionado/data=!4m7!3m6!1s0xa09c4151b5dcd009:0xc9489f43cc505bd!8m2!3d-26.283487!4d-48.9020414!16s%2Fg%2F11nb3bm705!19sChIJCdDctVFBnKARvQXFPPSJlAw,Não,,,Pendente,,,,Não,Google Maps exibe Adicionar website; verificado em 13/08/2026.,cursos
"Tatiane Sousa Beauty - Extensão de cílios, maquiagem, penteado e cursos",Cursos,47996911104,Joinville,"https://www.google.com/maps/place/Tatiane+Sousa+Beauty+-+Extens%C3%A3o+de+c%C3%ADlios,+maquiagem,+penteado+e+cursos/data=!4m7!3m6!1s0x94dea52f127701f1:0x6125b519f5a400cc!8m2!3d-26.2959603!4d-48.9011807!16s%2Fg%2F11nw9__f6z!19sChIJ8QF3Ei-l3pQRzACk9Rm1JWE",Não,,,Pendente,,,,Não,Google Maps exibe Adicionar website; verificado em 13/08/2026.,cursos
Escola/curso Inglês Smarter Idiomas,Idiomas,4730231000,Joinville,https://www.google.com/maps/place/Escola%2Fcurso+Ingl%C3%AAs+Smarter+Idiomas/data=!4m7!3m6!1s0x94deb04d98b41f9b:0xaea3b6344cf8ffd8!8m2!3d-26.3076242!4d-48.8423902!16s%2Fg%2F11b81rvrx_!19sChIJmx-0mE2w3pQR2P_4TDS2o64,Não,,,Pendente,,,,Não,Google Maps exibe Adicionar website; verificado em 13/08/2026.,idiomas
Mundus - Idiomas e Treinamento Cultural,Idiomas,47996979940,Joinville,https://www.google.com/maps/place/Mundus+-+Idiomas+e+Treinamento+Cultural/data=!4m7!3m6!1s0x94deafd08b1cc065:0xa1041eaa24bb3798!8m2!3d-26.2746195!4d-48.8487189!16s%2Fg%2F11b6lmhbzn!19sChIJZcAci9Cv3pQRmDe7JKoeBKE,Não,,,Pendente,,,,Não,Google Maps exibe Adicionar website; verificado em 13/08/2026.,idiomas
TCAMACHO IDIOMAS E SERVIÇOS,Idiomas,47999034074,Joinville,https://www.google.com/maps/place/TCAMACHO+IDIOMAS+E+SERVI%C3%87OS/data=!4m7!3m6!1s0x94deb174c72c60cf:0x7f0dce464cc7611f!8m2!3d-26.3120727!4d-48.8530397!16s%2Fg%2F11x07_rx_t!19sChIJz2Asx3Sx3pQRH2HHTEbODX8,Não,,,Pendente,,,,Não,Google Maps exibe Adicionar website; verificado em 13/08/2026.,idiomas
CRO - Cursos Ricardo Ojeda,Idiomas,47997076654,Joinville,https://www.google.com/maps/place/CRO+-+Cursos+Ricardo+Ojeda/data=!4m7!3m6!1s0x94deaf095e5cc0e3:0x31cf46901d7d67c0!8m2!3d-26.2696608!4d-48.8735642!16s%2Fg%2F11fnr5l992!19sChIJ48BcXgmv3pQRwGd9HZBGzzE,Não,,,Pendente,,,,Não,Google Maps exibe Adicionar website; verificado em 13/08/2026.,idiomas
ReEnglish - Improve Your Vocabulary,Idiomas,47996220604,Joinville,https://www.google.com/maps/place/ReEnglish+-+Improve+Your+Vocabulary/data=!4m7!3m6!1s0x94deb1610ae42ee5:0x81b45689967482f1!8m2!3d-26.3069713!4d-48.8552657!16s%2Fg%2F11zfxmndkm!19sChIJ5S7kCmGx3pQR8YJ0lolWtIE,Não,,,Pendente,,,,Não,Google Maps exibe Adicionar website; verificado em 13/08/2026.,idiomas
Bright English Joinville,Idiomas,47997805541,Joinville,https://www.google.com/maps/place/Bright+English+Joinville/data=!4m7!3m6!1s0x94deb1df82694b3d:0xdbbb424365209ab6!8m2!3d-26.310301!4d-48.8530797!16s%2Fg%2F11p6wxdfb8!19sChIJPUtpgt-x3pQRtpogZUNCu9s,Não,,,Pendente,,,,Não,Google Maps exibe Adicionar website; verificado em 13/08/2026.,idiomas
Think Smart Joinville - Aula e Curso de Inglês / Idiomas,Idiomas,47920008162,Joinville,https://www.google.com/maps/place/Think+Smart+Joinville+-+Aula+e+Curso+de+Ingl%C3%AAs+%2F+Idiomas/data=!4m7!3m6!1s0x94deb1496ca91a8d:0x5307956200447046!8m2!3d-26.3391426!4d-48.8477965!16s%2Fg%2F11vkrx841k!19sChIJjRqpbEmx3pQRRnBEAGKVB1M,Não,,,Pendente,,,,Não,Google Maps exibe Adicionar website; verificado em 13/08/2026.,idiomas
Aulas de espanhol,Idiomas,47988425626,Joinville,https://www.google.com/maps/place/Aulas+de+espanhol/data=!4m7!3m6!1s0x94deaf970434ad33:0xcae96d23697ce685!8m2!3d-26.2266918!4d-48.855134!16s%2Fg%2F11wthfv8l9!19sChIJM600BJev3pQRheZ8aSNt6co,Não,,,Pendente,,,,Não,Google Maps exibe Adicionar website; verificado em 13/08/2026.,idiomas
Next Idiomas e Profissões,Idiomas,4732272611,Joinville,https://www.google.com/maps/place/Next+Idiomas+e+Profiss%C3%B5es/data=!4m7!3m6!1s0x94deaf9c354e753b:0x3b89f4bd8af64444!8m2!3d-26.2551052!4d-48.8203464!16s%2Fg%2F11f6mw3jpj!19sChIJO3VONZyv3pQRRET2ir30iTs,Não,,,Pendente,,,,Não,Google Maps exibe Adicionar website; verificado em 13/08/2026.,idiomas
Upbras Cursos,Idiomas,4732783933,Joinville,https://www.google.com/maps/place/Upbras+Cursos/data=!4m7!3m6!1s0x94deafad6e280fe5:0xb4f27fbf166a8f62!8m2!3d-26.2729899!4d-48.8289103!16s%2Fg%2F11sjv545lc!19sChIJ5Q8obq2v3pQRYo9qFr9_8rQ,Não,,,Pendente,,,,Não,Google Maps exibe Adicionar website; verificado em 13/08/2026.,idiomas
Seth Jiu-Jitsu Boa Vista Joinville,Idiomas,47974000145,Joinville,https://www.google.com/maps/place/Seth+Jiu-Jitsu+Boa+Vista+Joinville/data=!4m7!3m6!1s0x94deb1318e569851:0xed724357ccfd9bad!8m2!3d-26.301251!4d-48.8223628!16s%2Fg%2F11myj54jdm!19sChIJUZhWjjGx3pQRrZv9zFdDcu0,Não,,,Pendente,,,,Não,Google Maps exibe Adicionar website; verificado em 13/08/2026.,idiomas
CEI Pedacinho do Céu,Idiomas,4734342063,Joinville,https://www.google.com/maps/place/CEI+Pedacinho+do+C%C3%A9u/data=!4m7!3m6!1s0x94deb199d0851179:0xf24ceb7ac4d634f6!8m2!3d-26.3034037!4d-48.8145677!16s%2Fg%2F1vb9f6fs!19sChIJeRGF0Jmx3pQR9jTWxHrrTPI,Não,,,Pendente,,,,Não,Google Maps exibe Adicionar website; verificado em 13/08/2026.,idiomas
Tati Uliano- English Teacher,Idiomas,47992066685,Joinville,https://www.google.com/maps/place/Tati+Uliano-+English+Teacher/data=!4m7!3m6!1s0x94deb14d4a233e11:0xafc19fc0ebf21ebc!8m2!3d-26.2949812!4d-48.8164674!16s%2Fg%2F11z8gr9520!19sChIJET4jSk2x3pQRvB7y68Cfwa8,Não,,,Pendente,,,,Não,Google Maps exibe Adicionar website; verificado em 13/08/2026.,idiomas
CEI Príncipe da Paz,Idiomas,4730319450,Joinville,https://www.google.com/maps/place/CEI+Pr%C3%ADncipe+da+Paz/data=!4m7!3m6!1s0x94deb1699c046687:0x6bc74b0bd5d00a07!8m2!3d-26.3257851!4d-48.8136611!16s%2Fg%2F11f3rcz8h9!19sChIJh2YEnGmx3pQRBwrQ1QtLx2s,Não,,,Pendente,,,,Não,Google Maps exibe Adicionar website; verificado em 13/08/2026.,idiomas
Do you speak english?,Idiomas,47997520145,Joinville,https://www.google.com/maps/place/Do+you+speak+english%3F/data=!4m7!3m6!1s0x94deb1ccca952e21:0x623ee45eec4c6afd!8m2!3d-26.3159198!4d-48.8181736!16s%2Fg%2F11fvvrbtbt!19sChIJIS6Vysyx3pQR_WpM7F7kPmI,Não,,,Pendente,,,,Não,Google Maps exibe Adicionar website; verificado em 13/08/2026.,idiomas
Autoescola Atlântida,Idiomas,47996483737,Joinville,https://www.google.com/maps/place/Autoescola+Atl%C3%A2ntida/data=!4m7!3m6!1s0x94deb140360007e7:0x43b84cbae576e794!8m2!3d-26.3296422!4d-48.8173308!16s%2Fg%2F1w0r11fj!19sChIJ5wcANkCx3pQRlOd25bpMuEM,Não,,,Pendente,,,,Não,Google Maps exibe Adicionar website; verificado em 13/08/2026.,idiomas
ANDRE SUCATA,Idiomas,47996158984,Joinville,https://www.google.com/maps/place/ANDRE+SUCATA/data=!4m7!3m6!1s0x94deb18817d14fb1:0xfc62076caac14454!8m2!3d-26.3273297!4d-48.8139855!16s%2Fg%2F11yskcj9kp!19sChIJsU_RF4ix3pQRVETBqmwHYvw,Não,,,Pendente,,,,Não,Google Maps exibe Adicionar website; verificado em 13/08/2026.,idiomas
MK2 Centro Técnico Automotivo,Idiomas,47997168053,Joinville,https://www.google.com/maps/place/MK2+Centro+T%C3%A9cnico+Automotivo/data=!4m7!3m6!1s0x94deb146d747af3d:0x99aa2d0afdfa0610!8m2!3d-26.3295477!4d-48.8145905!16s%2Fg%2F1twy_q2n!19sChIJPa9H10ax3pQREAb6_Qotqpk,Não,,,Pendente,,,,Não,Google Maps exibe Adicionar website; verificado em 13/08/2026.,idiomas
ESCOLA MUNICIPAL JOÃO DE OLIVEIRA,Idiomas,4734360341,Joinville,https://www.google.com/maps/place/ESCOLA+MUNICIPAL+JO%C3%83O+DE+OLIVEIRA/data=!4m7!3m6!1s0x94deb167ee3e8a39:0x317eae3c2d6879ef!8m2!3d-26.3252939!4d-48.8089773!16s%2Fg%2F1thbxttb!19sChIJOYo-7mex3pQR73loLTyufjE,Não,,,Pendente,,,,Não,Google Maps exibe Adicionar website; verificado em 13/08/2026.,idiomas
Mavipel Mavimoda,Idiomas,4734660119,Joinville,https://www.google.com/maps/place/Mavipel+Mavimoda/data=!4m7!3m6!1s0x94deb1411d264ac7:0x2afcf63d4b9ede62!8m2!3d-26.3314615!4d-48.8170588!16s%2Fg%2F1ty75dv5!19sChIJx0omHUGx3pQRYt6eSz32_Co,Não,,,Pendente,,,,Não,Google Maps exibe Adicionar website; verificado em 13/08/2026.,idiomas
Muay Thai Ivan Santos - Jardim Iririú,Idiomas,47997434165,Joinville,https://www.google.com/maps/place/Muay+Thai+Ivan+Santos+-+Jardim+Iriri%C3%BA/data=!4m7!3m6!1s0x94deb1eb4a90cf8d:0xd38ac51e6f7774c!8m2!3d-26.2693474!4d-48.8068952!16s%2Fg%2F11yrn1flbk!19sChIJjc-QSuux3pQRTHf35lGsOA0,Não,,,Pendente,,,,Não,Google Maps exibe Adicionar website; verificado em 13/08/2026.,idiomas
Centro de Educação Infantil Educando com Amor,Idiomas,4732028463,Joinville,https://www.google.com/maps/place/Centro+de+Educa%C3%A7%C3%A3o+Infantil+Educando+com+Amor/data=!4m7!3m6!1s0x94deae195da52c95:0xe731d788859d58b9!8m2!3d-26.2633289!4d-48.8155998!16s%2Fg%2F1tdh0fxg!19sChIJlSylXRmu3pQRuVidhYjXMec,Não,,,Pendente,,,,Não,Google Maps exibe Adicionar website; verificado em 13/08/2026.,idiomas
RENATO HEINZEN Treinamento & Consultoria,Idiomas,47997085051,Joinville,https://www.google.com/maps/place/RENATO+HEINZEN+Treinamento+%26+Consultoria/data=!4m7!3m6!1s0x94deae6cf5ca468f:0x57ce79a245c8b19c!8m2!3d-26.2686965!4d-48.8123789!16s%2Fg%2F1tgh43pg!19sChIJj0bK9Wyu3pQRnLHIRaJ5zlc,Não,,,Pendente,,,,Não,Google Maps exibe Adicionar website; verificado em 13/08/2026.,idiomas
Alternative Treinamento e Consultoria de Inglês,Idiomas,47997202054,Joinville,https://www.google.com/maps/place/Alternative+Treinamento+e+Consultoria+de+Ingl%C3%AAs/data=!4m7!3m6!1s0x94dea73033dc8feb:0x3a6d362eabc8743b!8m2!3d-26.2071043!4d-48.9024815!16s%2Fg%2F11rxtkl7l6!19sChIJ64_cMzCn3pQRO3TIqy42bTo,Não,,,Pendente,,,,Não,Google Maps exibe Adicionar website; verificado em 13/08/2026.,idiomas
Efficient Escola de Idiomas,Idiomas,47999608077,Joinville,https://www.google.com/maps/place/Efficient+Escola+de+Idiomas/data=!4m7!3m6!1s0x94dea7773b346c79:0x43c88c23e7252711!8m2!3d-26.208705!4d-48.9057911!16s%2Fg%2F11h2hf45gh!19sChIJeWw0O3en3pQREScl5yOMyEM,Não,,,Pendente,,,,Não,Google Maps exibe Adicionar website; verificado em 13/08/2026.,idiomas
CEI Meu Pequeno Mundo,Idiomas,4734630994,Joinville,https://www.google.com/maps/place/CEI+Meu+Pequeno+Mundo/data=!4m7!3m6!1s0x94deb16401935ad5:0x29fe7f5d42d408e9!8m2!3d-26.320166!4d-48.8043995!16s%2Fg%2F1vy7hr15!19sChIJ1VqTAWSx3pQR6QjUQl1__ik,Não,,,Pendente,,,,Não,Google Maps exibe Adicionar website; verificado em 13/08/2026.,idiomas
Seth Adhemar garcia,Idiomas,47991896836,Joinville,https://www.google.com/maps/place/Seth+Adhemar+garcia/data=!4m7!3m6!1s0x94deb1d5a76efe2b:0xe95d7d32dfc95866!8m2!3d-26.3275894!4d-48.8064652!16s%2Fg%2F11j8_8647h!19sChIJK_5up9Wx3pQRZljJ3zJ9Xek,Não,,,Pendente,,,,Não,Google Maps exibe Adicionar website; verificado em 13/08/2026.,idiomas
Capoeira Joinville Candeias,Idiomas,47984710495,Joinville,https://www.google.com/maps/place/Capoeira+Joinville+Candeias/data=!4m7!3m6!1s0x94deb1c39f990881:0xdd17d7d48593c1aa!8m2!3d-26.3198777!4d-48.8017189!16s%2Fg%2F11qhg8k5c4!19sChIJgQiZn8Ox3pQRqsGThdTXF90,Não,,,Pendente,,,,Não,Google Maps exibe Adicionar website; verificado em 13/08/2026.,idiomas
Escola de Educação Básica Doutor Paulo Medeiros,Idiomas,4734611298,Joinville,https://www.google.com/maps/place/Escola+de+Educa%C3%A7%C3%A3o+B%C3%A1sica+Doutor+Paulo+Medeiros/data=!4m7!3m6!1s0x94deb164417e74eb:0xd9011a5bb6647129!8m2!3d-26.3206759!4d-48.8038292!16s%2Fg%2F1tdgwk20!19sChIJ63R-QWSx3pQRKXFktlsaAdk,Não,,,Pendente,,,,Não,Google Maps exibe Adicionar website; verificado em 13/08/2026.,idiomas
Escola Municipal CAIO Professor Mariano Costa,Idiomas,4734545437,Joinville,https://www.google.com/maps/place/Escola+Municipal+CAIO+Professor+Mariano+Costa/data=!4m7!3m6!1s0x94deb164023d2b37:0x3d0829b78b5a0f95!8m2!3d-26.3161434!4d-48.803492!16s%2Fg%2F1ydkcznmj!19sChIJNys9AmSx3pQRlQ9ai7cpCD0,Não,,,Pendente,,,,Não,Google Maps exibe Adicionar website; verificado em 13/08/2026.,idiomas
Academia Ginásio Lisboa,Idiomas,47996947850,Joinville,https://www.google.com/maps/place/Academia+Gin%C3%A1sio+Lisboa/data=!4m7!3m6!1s0x94deb1405545edfb:0xbe72c3a972844315!8m2!3d-26.3309048!4d-48.8177742!16s%2Fg%2F1tjz4jdh!19sChIJ--1FVUCx3pQRFUOEcqnDcr4,Não,,,Pendente,,,,Não,Google Maps exibe Adicionar website; verificado em 13/08/2026.,idiomas
Academia Xtreme Fight Joinville,Idiomas,47997379973,Joinville,https://www.google.com/maps/place/Academia+Xtreme+Fight+Joinville/data=!4m7!3m6!1s0x94deb16bf50d7cf7:0xc483506dd1d394f5!8m2!3d-26.3276276!4d-48.8065623!16s%2Fg%2F11vz9qnhlk!19sChIJ93wN9Wux3pQR9ZTT0W1Qg8Q,Não,,,Pendente,,,,Não,Google Maps exibe Adicionar website; verificado em 13/08/2026.,idiomas
Smart English Joinville Escola de Inglês,Idiomas,47992494035,Joinville,https://www.google.com/maps/place/Smart+English+Joinville+Escola+de+Ingl%C3%AAs/data=!4m7!3m6!1s0x8c0d3bb8e8f0112b:0x2a49f8ea553364fd!8m2!3d-26.3307381!4d-48.8793655!16s%2Fg%2F11lydtltm1!19sChIJKxHw6Lg7DYwR_WQzVer4SSo,Não,,,Pendente,,,,Não,Google Maps exibe Adicionar website; verificado em 13/08/2026.,idiomas
Centro de Educação Infantil Kairós Kids,Idiomas,4730342110,Joinville,https://www.google.com/maps/place/Centro+de+Educa%C3%A7%C3%A3o+Infantil+Kair%C3%B3s+Kids/data=!4m7!3m6!1s0x94deb07d89e46023:0x953595f827a6a7c5!8m2!3d-26.3292936!4d-48.8732906!16s%2Fg%2F11h9cxm8kf!19sChIJI2DkiX2w3pQRxaemJ_iVNZU,Não,,,Pendente,,,,Não,Google Maps exibe Adicionar website; verificado em 13/08/2026.,idiomas
CEI Professora Juliana de Carvalho Vieira,Idiomas,4734361635,Joinville,https://www.google.com/maps/place/CEI+Professora+Juliana+de+Carvalho+Vieira/data=!4m7!3m6!1s0x94deb6e5eab5752b:0xa8f713594cc639f3!8m2!3d-26.3791795!4d-48.8316704!16s%2Fg%2F1tlbq98j!19sChIJK3W16uW23pQR8znGTFkT96g,Não,,,Pendente,,,,Não,Google Maps exibe Adicionar website; verificado em 13/08/2026.,idiomas
CDI - Carinha de Anjo,Idiomas,4734655078,Joinville,https://www.google.com/maps/place/CDI+-+Carinha+de+Anjo/data=!4m7!3m6!1s0x94deb6c241540395:0x59fd09b8ab1ca556!8m2!3d-26.369753!4d-48.8261941!16s%2Fg%2F11b8t6dk_y!19sChIJlQNUQcK23pQRVqUcq7gJ_Vk,Não,,,Pendente,,,,Não,Google Maps exibe Adicionar website; verificado em 13/08/2026.,idiomas
Profe Mari Melos - Aulas Particulares e Reforço Escolar,Reforço Escolar,47996769897,Joinville,https://www.google.com/maps/place/Profe+Mari+Melos+-+Aulas+Particulares+e+Refor%C3%A7o+Escolar/data=!4m7!3m6!1s0x94deb1d8ae9d765d:0x436d869ba890dcfb!8m2!3d-26.3483625!4d-48.8464947!16s%2Fg%2F11kk6w2qth!19sChIJXXadrtix3pQR-9yQqJuGbUM,Não,,,Pendente,,,,Não,Google Maps exibe Adicionar website; verificado em 13/08/2026.,reforco
Espaço jujuba,Reforço Escolar,47999131206,Joinville,https://www.google.com/maps/place/Espa%C3%A7o+jujuba/data=!4m7!3m6!1s0x94deb1000e10d3bb:0x6c0234ff44a7f029!8m2!3d-26.3494202!4d-48.8319989!16s%2Fg%2F11y31lbzd5!19sChIJu9MQDgCx3pQRKfCnRP80Amw,Não,,,Pendente,,,,Não,Google Maps exibe Adicionar website; verificado em 13/08/2026.,reforco
AULA DE REFORÇO - GISELE SILVA,Reforço Escolar,47984734427,Joinville,https://www.google.com/maps/place/AULA+DE+REFOR%C3%87O+-+GISELE+SILVA/data=!4m7!3m6!1s0x94deb19b7147f375:0x8d6ea5e84dfd58e5!8m2!3d-26.2976099!4d-48.8612755!16s%2Fg%2F11vx1_bs4x!19sChIJdfNHcZux3pQR5Vj9Teilbo0,Não,,,Pendente,,,,Não,Google Maps exibe Adicionar website; verificado em 13/08/2026.,reforco
Escola de Reforço Escolar e Aula Particular,Reforço Escolar,47988602507,Joinville,https://www.google.com/maps/place/Escola+de+Refor%C3%A7o+Escolar+e+Aula+Particular/data=!4m7!3m6!1s0x94deaf17ce4a4981:0x37c7ad19b636d37c!8m2!3d-26.2676021!4d-48.8224829!16s%2Fg%2F11wbv54mq7!19sChIJgUlKzhev3pQRfNM2thmtxzc,Não,,,Pendente,,,,Não,Google Maps exibe Adicionar website; verificado em 13/08/2026.,reforco
"Professora Jaqueline Valle - Aula Particular de Matemática, Cálculo e Álgebra",Reforço Escolar,47999809780,Joinville,"https://www.google.com/maps/place/Professora+Jaqueline+Valle+-+Aula+Particular+de+Matem%C3%A1tica,+C%C3%A1lculo+e+%C3%81lgebra/data=!4m7!3m6!1s0x94deb1c3283f8a6f:0x393666b11e521811!8m2!3d-26.3012903!4d-48.8132334!16s%2Fg%2F11fl8zm7ph!19sChIJb4o_KMOx3pQRERhSHrFmNjk",Não,,,Pendente,,,,Não,Google Maps exibe Adicionar website; verificado em 13/08/2026.,reforco
Professora Daiane,Reforço Escolar,47997713054,Joinville,https://www.google.com/maps/place/Professora+Daiane/data=!4m7!3m6!1s0x94deb127b7e66dff:0x9d3e895358420d92!8m2!3d-26.3048092!4d-48.8447708!16s%2Fg%2F11z4tl78_w!19sChIJ_23mtyex3pQRkg1CWFOJPp0,Não,,,Pendente,,,,Não,Google Maps exibe Adicionar website; verificado em 13/08/2026.,reforco
Jumok TKD Joinville,Reforço Escolar,47996986876,Joinville,https://www.google.com/maps/place/Jumok+TKD+Joinville/data=!4m7!3m6!1s0x94deb19cbf47936d:0x1e310425fb57ecd1!8m2!3d-26.3565654!4d-48.8311454!16s%2Fg%2F11r_ws31c1!19sChIJbZNHv5yx3pQR0exX-yUEMR4,Não,,,Pendente,,,,Não,Google Maps exibe Adicionar website; verificado em 13/08/2026.,reforco
Aulas Particulares de Piano e Teclado Professora Eliana Luckow,Reforço Escolar,47999316776,Joinville,https://www.google.com/maps/place/Aulas+Particulares+de+Piano+e+Teclado+Professora+Eliana+Luckow/data=!4m7!3m6!1s0x94deb038ddee625b:0x385d1a96c89aa336!8m2!3d-26.3006943!4d-48.8533788!16s%2Fg%2F11b6zbj_z7!19sChIJW2Lu3Tiw3pQRNqOayJYaXTg,Não,,,Pendente,,,,Não,Google Maps exibe Adicionar website; verificado em 13/08/2026.,reforco
Saber A+,Reforço Escolar,47991652228,Joinville,https://www.google.com/maps/place/Saber+A%2B/data=!4m7!3m6!1s0x94deb0378e812e65:0x2c8450cafba19b69!8m2!3d-26.3005425!4d-48.8497856!16s%2Fg%2F11cnbrt963!19sChIJZS6Bjjew3pQRaZuh-8pQhCw,Não,,,Pendente,,,,Não,Google Maps exibe Adicionar website; verificado em 13/08/2026.,reforco
Transporte Escolar 082 Tio Zé e Tia Adri,Reforço Escolar,47996052696,Joinville,https://www.google.com/maps/place/Transporte+Escolar+082+Tio+Z%C3%A9+e+Tia+Adri/data=!4m7!3m6!1s0x94deb777530bf31b:0x5dad8f04fe9ff98!8m2!3d-26.3594767!4d-48.8451703!16s%2Fg%2F11y2w9mhfh!19sChIJG_MLU3e33pQRmP_pT_DY2gU,Não,,,Pendente,,,,Não,Google Maps exibe Adicionar website; verificado em 13/08/2026.,reforco
Serviço de Acolhimento em Família Acolhedora,Reforço Escolar,4734345718,Joinville,https://www.google.com/maps/place/Servi%C3%A7o+de+Acolhimento+em+Fam%C3%ADlia+Acolhedora/data=!4m7!3m6!1s0x94deb0c4a9b41059:0xb6595158578c92e1!8m2!3d-26.3456533!4d-48.8503304!16s%2Fg%2F11cnb8rx1k!19sChIJWRC0qcSw3pQR4ZKMV1hRWbY,Não,,,Pendente,,,,Não,Google Maps exibe Adicionar website; verificado em 13/08/2026.,reforco
CEPAT - Centro Público de Atendimento aos Trabalhadores de Joinville,Reforço Escolar,4734670978,Joinville,https://www.google.com/maps/place/CEPAT+-+Centro+P%C3%BAblico+de+Atendimento+aos+Trabalhadores+de+Joinville/data=!4m7!3m6!1s0x94deb04c5822e281:0xbcb4eb7d617e6020!8m2!3d-26.305988!4d-48.8416477!16s%2Fg%2F11b7244w0d!19sChIJgeIiWEyw3pQRIGB-YX3rtLw,Não,,,Pendente,,,,Não,Google Maps exibe Adicionar website; verificado em 13/08/2026.,reforco
Studio Vibe Dance,Reforço Escolar,47989250210,Joinville,https://www.google.com/maps/place/Studio+Vibe+Dance/data=!4m7!3m6!1s0x94deb1db3b5ee3cd:0x3037f0585b0513cc!8m2!3d-26.3032252!4d-48.8456498!16s%2Fg%2F11wq6qt491!19sChIJzeNeO9ux3pQRzBMFW1jwNzA,Não,,,Pendente,,,,Não,Google Maps exibe Adicionar website; verificado em 13/08/2026.,reforco
Escola de Dança Art Mov,Reforço Escolar,47988966744,Joinville,https://www.google.com/maps/place/Escola+de+Dan%C3%A7a+Art+Mov/data=!4m7!3m6!1s0x94deb798b72047fb:0xfbfc84894116f84e!8m2!3d-26.3670557!4d-48.8295788!16s%2Fg%2F11wtpyk4wf!19sChIJ-0cgt5i33pQRTvgWQYmE_Ps,Não,,,Pendente,,,,Não,Google Maps exibe Adicionar website; verificado em 13/08/2026.,reforco
FSC Comércio de Material Escolar e Brindes,Reforço Escolar,4730251030,Joinville,https://www.google.com/maps/place/FSC+Com%C3%A9rcio+de+Material+Escolar+e+Brindes/data=!4m7!3m6!1s0x94deb0499d3ef247:0xd613698b06ac11b9!8m2!3d-26.3030494!4d-48.8452818!16s%2Fg%2F1ptwy0_cd!19sChIJR_I-nUmw3pQRuRGsBotpE9Y,Não,,,Pendente,,,,Não,Google Maps exibe Adicionar website; verificado em 13/08/2026.,reforco
Aulas de Canto - Prof. Luís Moretty/Moretti,Reforço Escolar,47999172989,Joinville,https://www.google.com/maps/place/Aulas+de+Canto+-+Prof.+Lu%C3%ADs+Moretty%2FMoretti/data=!4m7!3m6!1s0x94deb141d0ebee41:0xde86a1408e87a230!8m2!3d-26.2861172!4d-48.8550108!16s%2Fg%2F11h2n5m48v!19sChIJQe7r0EGx3pQRMKKHjkChht4,Não,,,Pendente,,,,Não,Google Maps exibe Adicionar website; verificado em 13/08/2026.,reforco
AMME - Adriana Marques Mentoria Educacional,Reforço Escolar,47992069476,Joinville,https://www.google.com/maps/place/AMME+-+Adriana+Marques+Mentoria+Educacional/data=!4m7!3m6!1s0x94deb11940ad405b:0x20c57690238f2ea0!8m2!3d-26.3268087!4d-48.8545754!16s%2Fg%2F11rn82wmmt!19sChIJW0CtQBmx3pQRoC6PI5B2xSA,Não,,,Pendente,,,,Não,Google Maps exibe Adicionar website; verificado em 13/08/2026.,reforco
Academia Ultimate Fight & Fitness Club,Reforço Escolar,47991621288,Joinville,https://www.google.com/maps/place/Academia+Ultimate+Fight+%26+Fitness+Club/data=!4m7!3m6!1s0x94deb0e4ccdfed33:0xd5ec9c7f8eed4847!8m2!3d-26.3300276!4d-48.8467703!16s%2Fg%2F12lk1rkk2!19sChIJM-3fzOSw3pQRR0jtjn-c7NU,Não,,,Pendente,,,,Não,Google Maps exibe Adicionar website; verificado em 13/08/2026.,reforco
Lobato - Aula Particular de Química,Reforço Escolar,47997879777,Joinville,https://www.google.com/maps/place/Lobato+-+Aula+Particular+de+Qu%C3%ADmica/data=!4m7!3m6!1s0x94deb1ef2faf96e7:0x69d1ee6cd7d5d157!8m2!3d-26.2864161!4d-48.8351198!16s%2Fg%2F11l4p_2_q_!19sChIJ55avL--x3pQRV9HV12zu0Wk,Não,,,Pendente,,,,Não,Google Maps exibe Adicionar website; verificado em 13/08/2026.,reforco
TRANSPORTE ESCOLAR 062 Tia Fran e Tia Rose,Reforço Escolar,47999222395,Joinville,https://www.google.com/maps/place/TRANSPORTE+ESCOLAR+062+Tia+Fran+e+Tia+Rose/data=!4m7!3m6!1s0x94deb1e032a91199:0x70a64f1d7a49b15e!8m2!3d-26.2667845!4d-48.8832812!16s%2Fg%2F11fktgyr84!19sChIJmRGpMuCx3pQRXrFJeh1PpnA,Não,,,Pendente,,,,Não,Google Maps exibe Adicionar website; verificado em 13/08/2026.,reforco
Transporte Escolar 033 Tio Marcos e Tia Léia,Reforço Escolar,47999720403,Joinville,https://www.google.com/maps/place/Transporte+Escolar+033+Tio+Marcos+e+Tia+L%C3%A9ia/data=!4m7!3m6!1s0x94deb0c4d5ae7b85:0x4f5c85e53ce2b80c!8m2!3d-26.3478152!4d-48.8499899!16s%2Fg%2F11cndbd1j5!19sChIJhXuu1cSw3pQRDLjiPOWFXE8,Não,,,Pendente,,,,Não,Google Maps exibe Adicionar website; verificado em 13/08/2026.,reforco
Banho e Tosa AgroBen,Banho e Tosa,47992096013,Joinville,https://www.google.com/maps/place/Banho+e+Tosa+AgroBen/data=!4m7!3m6!1s0x94deb7e65f077c63:0xbb0165be7c552b86!8m2!3d-26.3693192!4d-48.8277167!16s%2Fg%2F11sjltkqcz!19sChIJY3wHX-a33pQRhitVfL5lAbs,Não,,,Pendente,,,,Não,Google Maps exibe Adicionar website; verificado em 13/08/2026.,banho-tosa
Pet Encanto Banho e Tosa,Banho e Tosa,47920040588,Joinville,https://www.google.com/maps/place/Pet+Encanto+Banho+e+Tosa/data=!4m7!3m6!1s0x94deb7f5299a6111:0x166c1e3d73a27d7a!8m2!3d-26.3620305!4d-48.8205929!16s%2Fg%2F11x0tyvh8b!19sChIJEWGaKfW33pQRen2icz0ebBY,Não,,,Pendente,,,,Não,Google Maps exibe Adicionar website; verificado em 13/08/2026.,banho-tosa
Agropet Silva - Agropecuária & Pet Shop,Banho e Tosa,47996218284,Joinville,https://www.google.com/maps/place/Agropet+Silva+-+Agropecu%C3%A1ria+%26+Pet+Shop/data=!4m7!3m6!1s0x94deb6d10eca6ced:0xf6000c5e35fb54c9!8m2!3d-26.3604573!4d-48.8304208!16s%2Fg%2F1v4pv4k0!19sChIJ7WzKDtG23pQRyVT7NV4MAPY,Não,,,Pendente,,,,Não,Google Maps exibe Adicionar website; verificado em 13/08/2026.,banho-tosa
Banho e Tosa - Tia Kel,Banho e Tosa,47999106055,Joinville,https://www.google.com/maps/place/Banho+e+Tosa+-+Tia+Kel/data=!4m7!3m6!1s0x94deb124d7916093:0x2e1b390e9b913971!8m2!3d-26.3430188!4d-48.8126792!16s%2Fg%2F11tmhzzy3f!19sChIJk2CR1ySx3pQRcTmRmw45Gy4,Não,,,Pendente,,,,Não,Google Maps exibe Adicionar website; verificado em 13/08/2026.,banho-tosa
ESPAÇO PET JASMIM,Banho e Tosa,47999538999,Joinville,https://www.google.com/maps/place/ESPA%C3%87O+PET+JASMIM/data=!4m7!3m6!1s0x94deb14a226e6923:0xea1a24bcd2ae474e!8m2!3d-26.3585873!4d-48.8523462!16s%2Fg%2F11zd9hjj2y!19sChIJI2luIkqx3pQRTkeu0rwkGuo,Não,,,Pendente,,,,Não,Google Maps exibe Adicionar website; verificado em 13/08/2026.,banho-tosa
Fucínhu's Pet Store,Banho e Tosa,47996767218,Joinville,https://www.google.com/maps/place/Fuc%C3%ADnhu%27s+Pet+Store/data=!4m7!3m6!1s0x94deb6bcc72325e9:0xf090f19761c34992!8m2!3d-26.362252!4d-48.8104448!16s%2Fg%2F11bv6pq7sq!19sChIJ6SUjx7y23pQRkknDYZfxkPA,Não,,,Pendente,,,,Não,Google Maps exibe Adicionar website; verificado em 13/08/2026.,banho-tosa
PET STOP BANHO E TOSA,Banho e Tosa,47997386268,Joinville,https://www.google.com/maps/place/PET+STOP+BANHO+E+TOSA/data=!4m7!3m6!1s0x94deb119c675feab:0x246b0f295b688767!8m2!3d-26.3308779!4d-48.8305743!16s%2Fg%2F11j7x9km60!19sChIJq_51xhmx3pQRZ4doWykPayQ,Não,,,Pendente,,,,Não,Google Maps exibe Adicionar website; verificado em 13/08/2026.,banho-tosa
Pet Shop Parada Animal,Banho e Tosa,47999812464,Joinville,https://www.google.com/maps/place/Pet+Shop+Parada+Animal/data=!4m7!3m6!1s0x94deb11a49fac533:0x6751b65d08059b50!8m2!3d-26.3320719!4d-48.8133584!16s%2Fg%2F11rb_rdmfk!19sChIJM8X6SRqx3pQRUJsFCF22UWc,Não,,,Pendente,,,,Não,Google Maps exibe Adicionar website; verificado em 13/08/2026.,banho-tosa
Banho e Tosa Fofinhos,Banho e Tosa,47996082915,Joinville,https://www.google.com/maps/place/Banho+e+Tosa+Fofinhos/data=!4m7!3m6!1s0x6324f816c7c98aa5:0x2f594347a4472e79!8m2!3d-26.3395967!4d-48.7933048!16s%2Fg%2F11tdf53btr!19sChIJpYrJxxb4JGMReS5HpEdDWS8,Não,,,Pendente,,,,Não,Google Maps exibe Adicionar website; verificado em 13/08/2026.,banho-tosa
BichoZen PetShop,Banho e Tosa,4734633931,Joinville,https://www.google.com/maps/place/BichoZen+PetShop/data=!4m7!3m6!1s0x94deb14f6ae439b1:0x986a3b71aca6a279!8m2!3d-26.3395234!4d-48.8126628!16s%2Fg%2F11dz55c1g5!19sChIJsTnkak-x3pQReaKmrHE7apg,Não,,,Pendente,,,,Não,Google Maps exibe Adicionar website; verificado em 13/08/2026.,banho-tosa
pet bonito,Banho e Tosa,47984320097,Joinville,https://www.google.com/maps/place/pet+bonito/data=!4m7!3m6!1s0x94deb14fed611d6f:0x9134b46a2650e0a2!8m2!3d-26.3317008!4d-48.8040045!16s%2Fg%2F11myg4wb_g!19sChIJbx1h7U-x3pQRouBQJmq0NJE,Não,,,Pendente,,,,Não,Google Maps exibe Adicionar website; verificado em 13/08/2026.,banho-tosa
Guapecas Hotel Pet,Banho e Tosa,47999068856,Joinville,https://www.google.com/maps/place/Guapecas+Hotel+Pet/data=!4m7!3m6!1s0x8f9482a6eacfd869:0x99b55822e257d581!8m2!3d-26.3468003!4d-48.8386989!16s%2Fg%2F11x8frwtjp!19sChIJadjP6qaClI8RgdVX4iJYtZk,Não,,,Pendente,,,,Não,Google Maps exibe Adicionar website; verificado em 13/08/2026.,banho-tosa
Bicho Solto - Animal Care,Banho e Tosa,47997515499,Joinville,https://www.google.com/maps/place/Bicho+Solto+-+Animal+Care/data=!4m7!3m6!1s0x94deb0691ad65d05:0xb692f125767b0544!8m2!3d-26.3003818!4d-48.8596459!16s%2Fg%2F11b6yf6hv_!19sChIJBV3WGmmw3pQRRAV7diXxkrY,Não,,,Pendente,,,,Não,Google Maps exibe Adicionar website; verificado em 13/08/2026.,banho-tosa
Pet Patinhas,Banho e Tosa,47996062617,Joinville,https://www.google.com/maps/place/Pet+Patinhas/data=!4m7!3m6!1s0x94deb04f6b2d1d13:0x128105a91034e0bf!8m2!3d-26.3074988!4d-48.8485373!16s%2Fg%2F11bv6pv9dn!19sChIJEx0ta0-w3pQRv-A0EKkFgRI,Não,,,Pendente,,,,Não,Google Maps exibe Adicionar website; verificado em 13/08/2026.,banho-tosa
Pet Style,Banho e Tosa,47992511157,Joinville,https://www.google.com/maps/place/Pet+Style/data=!4m7!3m6!1s0x94deb1fb674328e7:0x6fa05c37ce0e037b!8m2!3d-26.3128687!4d-48.8526522!16s%2Fg%2F11xmh2257_!19sChIJ5yhDZ_ux3pQRewMOzjdcoG8,Não,,,Pendente,,,,Não,Google Maps exibe Adicionar website; verificado em 13/08/2026.,banho-tosa
Latpet Estética Animal - Banho e Tosa,Banho e Tosa,47996472652,Joinville,https://www.google.com/maps/place/Latpet+Est%C3%A9tica+Animal+-+Banho+e+Tosa/data=!4m7!3m6!1s0x94deb11ed72d53eb:0xb2d2ebf6ceb908c8!8m2!3d-26.3060847!4d-48.8369714!16s%2Fg%2F11yfrhg303!19sChIJ61Mt1x6x3pQRyAi5zvbr0rI,Não,,,Pendente,,,,Não,Google Maps exibe Adicionar website; verificado em 13/08/2026.,banho-tosa
PetStyle,Banho e Tosa,4730346673,Joinville,https://www.google.com/maps/place/PetStyle/data=!4m7!3m6!1s0x94deb028ce83567d:0x756542bd2ef0f072!8m2!3d-26.286252!4d-48.8481431!16s%2Fg%2F11g9mfv08y!19sChIJfVaDziiw3pQRcvDwLr1CZXU,Não,,,Pendente,,,,Não,Google Maps exibe Adicionar website; verificado em 13/08/2026.,banho-tosa
Patas para o Ar - Pet Shop,Banho e Tosa,47999178852,Joinville,https://www.google.com/maps/place/Patas+para+o+Ar+-+Pet+Shop/data=!4m7!3m6!1s0x94deb029984aeafb:0xb2efe8be755fac2a!8m2!3d-26.2826611!4d-48.845858!16s%2Fg%2F11cp7fct3t!19sChIJ--pKmCmw3pQRKqxfdb7o77I,Não,,,Pendente,,,,Não,Google Maps exibe Adicionar website; verificado em 13/08/2026.,banho-tosa
Vanilla Pet Center,Banho e Tosa,47996680403,Joinville,https://www.google.com/maps/place/Vanilla+Pet+Center/data=!4m7!3m6!1s0x94deaf0f03d22e77:0x33965959f68dd92e!8m2!3d-26.2817841!4d-48.8525577!16s%2Fg%2F12m90mwq2!19sChIJdy7SAw-v3pQRLtmN9llZljM,Não,,,Pendente,,,,Não,Google Maps exibe Adicionar website; verificado em 13/08/2026.,banho-tosa
Domus Cannis Pet Salon,Banho e Tosa,4730132101,Joinville,https://www.google.com/maps/place/Domus+Cannis+Pet+Salon/data=!4m7!3m6!1s0x94deafce873e1745:0x856e86ee02f3e6c4!8m2!3d-26.3039991!4d-48.8625285!16s%2Fg%2F11by_nd3w5!19sChIJRRc-h86v3pQRxObzAu6GboU,Não,,,Pendente,,,,Não,Google Maps exibe Adicionar website; verificado em 13/08/2026.,banho-tosa
Amare Saúde e Estética Animal,Banho e Tosa,4730345444,Joinville,https://www.google.com/maps/place/Amare+Sa%C3%BAde+e+Est%C3%A9tica+Animal/data=!4m7!3m6!1s0x94deafb18ebea2fd:0x9ad8cf505e1926c0!8m2!3d-26.2788582!4d-48.8548749!16s%2Fg%2F11ll5wmd4p!19sChIJ_aK-jrGv3pQRwCYZXlDP2Jo,Não,,,Pendente,,,,Não,Google Maps exibe Adicionar website; verificado em 13/08/2026.,banho-tosa
Donna Vet,Banho e Tosa,47992803572,Joinville,https://www.google.com/maps/place/Donna+Vet/data=!4m7!3m6!1s0x94deb7cb16466fed:0xbfe0238405484af7!8m2!3d-26.3077756!4d-48.8590909!16s%2Fg%2F11hn6_v2q3!19sChIJ7W9GFsu33pQR90pIBYQj4L8,Não,,,Pendente,,,,Não,Google Maps exibe Adicionar website; verificado em 13/08/2026.,banho-tosa
Baby Pet,Banho e Tosa,47999843636,Joinville,https://www.google.com/maps/place/Baby+Pet/data=!4m7!3m6!1s0x94deb1ce90f0eba9:0x9242e2cc7e9ab5bb!8m2!3d-26.3110385!4d-48.851216!16s%2Fg%2F11lclpts3p!19sChIJqevwkM6x3pQRu7WafsziQpI,Não,,,Pendente,,,,Não,Google Maps exibe Adicionar website; verificado em 13/08/2026.,banho-tosa
GlamPet,Banho e Tosa,47988027724,Joinville,https://www.google.com/maps/place/GlamPet/data=!4m7!3m6!1s0x94deb1df254d38f9:0x8404b2271cbef5a9!8m2!3d-26.3192505!4d-48.845851!16s%2Fg%2F11t74phks2!19sChIJ-ThNJd-x3pQRqfW-HCeyBIQ,Não,,,Pendente,,,,Não,Google Maps exibe Adicionar website; verificado em 13/08/2026.,banho-tosa
Roque Adestramento,Banho e Tosa,47992379998,Joinville,https://www.google.com/maps/place/Roque+Adestramento/data=!4m7!3m6!1s0x94deb13d8c4bb8f5:0xd83b3c619e3fc321!8m2!3d-26.315243!4d-48.8627135!16s%2Fg%2F11wfy4t9s4!19sChIJ9bhLjD2x3pQRIcM_nmE8O9g,Não,,,Pendente,,,,Não,Google Maps exibe Adicionar website; verificado em 13/08/2026.,banho-tosa
Maison Agropet,Banho e Tosa,4734330500,Joinville,https://www.google.com/maps/place/Maison+Agropet/data=!4m7!3m6!1s0x94deb0504e90d73f:0x6ef4ae60dac9c5cf!8m2!3d-26.3188338!4d-48.8504478!16s%2Fg%2F1ptx58nrm!19sChIJP9eQTlCw3pQRz8XJ2mCu9G4,Não,,,Pendente,,,,Não,Google Maps exibe Adicionar website; verificado em 13/08/2026.,banho-tosa
pet shop manu,Banho e Tosa,4732782900,Joinville,https://www.google.com/maps/place/pet+shop+manu/data=!4m7!3m6!1s0x94deb1b123ea5751:0x53bb950a4cef6292!8m2!3d-26.3231232!4d-48.854342!16s%2Fg%2F11t1h5d6kg!19sChIJUVfqI7Gx3pQRkmLvTAqVu1M,Não,,,Pendente,,,,Não,Google Maps exibe Adicionar website; verificado em 13/08/2026.,banho-tosa
Quatro Patas Comércio de Produtos Veterinários,Banho e Tosa,4730267909,Joinville,https://www.google.com/maps/place/Quatro+Patas+Com%C3%A9rcio+de+Produtos+Veterin%C3%A1rios/data=!4m7!3m6!1s0x94deb04377154691:0x80956c575249373!8m2!3d-26.3163644!4d-48.8499086!16s%2Fg%2F1pty4cvqw!19sChIJkUYVd0Ow3pQRc5MkdcVWCQg,Não,,,Pendente,,,,Não,Google Maps exibe Adicionar website; verificado em 13/08/2026.,banho-tosa
Pet Shop Amigo Bicho,Banho e Tosa,4734233595,Joinville,https://www.google.com/maps/place/Pet+Shop+Amigo+Bicho/data=!4m7!3m6!1s0x94deb05addf45d25:0xe50701103452cf2c!8m2!3d-26.3139036!4d-48.8510173!16s%2Fg%2F1tslkwkk!19sChIJJV303Vqw3pQRLM9SNBABB-U,Não,,,Pendente,,,,Não,Google Maps exibe Adicionar website; verificado em 13/08/2026.,banho-tosa
Stetika Pet,Banho e Tosa,4734552444,Joinville,https://www.google.com/maps/place/Stetika+Pet/data=!4m7!3m6!1s0x94deb1eb5fb7c911:0x38c6bb30201f80a9!8m2!3d-26.3155802!4d-48.847454!16s%2Fg%2F11g0ht9lv0!19sChIJEcm3X-ux3pQRqYAfIDC7xjg,Não,,,Pendente,,,,Não,Google Maps exibe Adicionar website; verificado em 13/08/2026.,banho-tosa
Josi Pets,Banho e Tosa,47996998601,Joinville,https://www.google.com/maps/place/Josi+Pets/data=!4m7!3m6!1s0x94deb1a102be4f61:0x6105adb24a3cc349!8m2!3d-26.3203685!4d-48.8635836!16s%2Fg%2F11kqsc487j!19sChIJYU--AqGx3pQRScM8SrKtBWE,Não,,,Pendente,,,,Não,Google Maps exibe Adicionar website; verificado em 13/08/2026.,banho-tosa
Clínica Veterinária Univet,Banho e Tosa,47988051545,Joinville,https://www.google.com/maps/place/Cl%C3%ADnica+Veterin%C3%A1ria+Univet/data=!4m7!3m6!1s0x94deb05a83f2a151:0x7c890b128011ab04!8m2!3d-26.3130152!4d-48.8498657!16s%2Fg%2F1tdbm4dy!19sChIJUaHyg1qw3pQRBKsRgBILiXw,Não,,,Pendente,,,,Não,Google Maps exibe Adicionar website; verificado em 13/08/2026.,banho-tosa
Império das Patas,Banho e Tosa,47989111360,Joinville,https://www.google.com/maps/place/Imp%C3%A9rio+das+Patas/data=!4m7!3m6!1s0x94deaf23816705dd:0xb86e9f61ec2f2d91!8m2!3d-26.2668117!4d-48.848286!16s%2Fg%2F11t6x0dtr7!19sChIJ3QVngSOv3pQRkS0v7GGfbrg,Não,,,Pendente,,,,Não,Google Maps exibe Adicionar website; verificado em 13/08/2026.,banho-tosa
Bichanu's Pet Shop,Banho e Tosa,4730850133,Joinville,https://www.google.com/maps/place/Bichanu%27s+Pet+Shop/data=!4m7!3m6!1s0x94deae2c935eaaab:0xcc525c8c9f88c4d1!8m2!3d-26.2721767!4d-48.8381526!16s%2Fg%2F11ggkr_npz!19sChIJq6pekyyu3pQR0cSIn4xcUsw,Não,,,Pendente,,,,Não,Google Maps exibe Adicionar website; verificado em 13/08/2026.,banho-tosa
Bellas Patas Centro de Estética Animal,Banho e Tosa,47984283442,Joinville,https://www.google.com/maps/place/Bellas+Patas+Centro+de+Est%C3%A9tica+Animal/data=!4m7!3m6!1s0x94dea5057fca1a43:0x3d4d4ceee6e170a2!8m2!3d-26.2741298!4d-48.883845!16s%2Fg%2F11t_zbzkny!19sChIJQxrKfwWl3pQRonDh5u5MTT0,Não,,,Pendente,,,,Não,Google Maps exibe Adicionar website; verificado em 13/08/2026.,banho-tosa
Studio Pet Zen - Estética Animal Humanizada,Banho e Tosa,47996855799,Joinville,https://www.google.com/maps/place/Studio+Pet+Zen+-+Est%C3%A9tica+Animal+Humanizada/data=!4m7!3m6!1s0x94deafa83965cdb3:0xe80b139986104fe3!8m2!3d-26.274681!4d-48.8732923!16s%2Fg%2F11shs__8cr!19sChIJs81lOaiv3pQR408QhpkTC-g,Não,,,Pendente,,,,Não,Google Maps exibe Adicionar website; verificado em 13/08/2026.,banho-tosa
Amigos de Patas,Banho e Tosa,47989223232,Joinville,https://www.google.com/maps/place/Amigos+de+Patas/data=!4m7!3m6!1s0x94deafacb6658fd3:0x91563728f5ef63bc!8m2!3d-26.2757524!4d-48.8746292!16s%2Fg%2F11kk8hlwwj!19sChIJ049ltqyv3pQRvGPv9Sg3VpE,Não,,,Pendente,,,,Não,Google Maps exibe Adicionar website; verificado em 13/08/2026.,banho-tosa
Cãotinho Pet Shop,Banho e Tosa,4730280102,Joinville,https://www.google.com/maps/place/C%C3%A3otinho+Pet+Shop/data=!4m7!3m6!1s0x94deaffc9fcea90b:0x887d2be455a75a32!8m2!3d-26.2849026!4d-48.8713275!16s%2Fg%2F11bv6pv7b_!19sChIJC6nOn_yv3pQRMlqnVeQrfYg,Não,,,Pendente,,,,Não,Google Maps exibe Adicionar website; verificado em 13/08/2026.,banho-tosa
Galvão Agropecuária e Banho e Tosa Costa e Silva,Banho e Tosa,47997259176,Joinville,https://www.google.com/maps/place/Galv%C3%A3o+Agropecu%C3%A1ria+e+Banho+e+Tosa+Costa+e+Silva/data=!4m7!3m6!1s0x94deaffadd74bf79:0xfbc469da40cb189d!8m2!3d-26.2690052!4d-48.8740712!16s%2Fg%2F11r9lcc4y2!19sChIJeb903fqv3pQRnRjLQNppxPs,Não,,,Pendente,,,,Não,Google Maps exibe Adicionar website; verificado em 13/08/2026.,banho-tosa
Paraíso di Patas,Banho e Tosa,47997792470,Joinville,https://www.google.com/maps/place/Para%C3%ADso+di+Patas/data=!4m7!3m6!1s0x94deaf9851e366dd:0x6f26779f2bd4434c!8m2!3d-26.2712675!4d-48.8719946!16s%2Fg%2F11t7ygkr9d!19sChIJ3WbjUZiv3pQRTEPUK593Jm8,Não,,,Pendente,,,,Não,Google Maps exibe Adicionar website; verificado em 13/08/2026.,banho-tosa
Império Animal,Banho e Tosa,47997025080,Joinville,https://www.google.com/maps/place/Imp%C3%A9rio+Animal/data=!4m7!3m6!1s0x94dea796e3d8574b:0x28f9dfc475df7f2f!8m2!3d-26.2853957!4d-48.8710626!16s%2Fg%2F11tgcd20y8!19sChIJS1fY45an3pQRL3_fdcTf-Sg,Não,,,Pendente,,,,Não,Google Maps exibe Adicionar website; verificado em 13/08/2026.,banho-tosa
Banho e Tosa Dog House,Banho e Tosa,47999219703,Joinville,https://www.google.com/maps/place/Banho+e+Tosa+Dog+House/data=!4m7!3m6!1s0x94dea52519ba6275:0x187b6049a22f99db!8m2!3d-26.298989!4d-48.934494!16s%2Fg%2F11bvcvfhz5!19sChIJdWK6GSWl3pQR25kvoklgexg,Não,,,Pendente,,,,Não,Google Maps exibe Adicionar website; verificado em 13/08/2026.,banho-tosa
Animalândia Veterinária e Banho e Tosa,Banho e Tosa,47992932773,Joinville,https://www.google.com/maps/place/Animal%C3%A2ndia+Veterin%C3%A1ria+e+Banho+e+Tosa/data=!4m7!3m6!1s0x94debbb499bada85:0x7d6ea9702b01aec4!8m2!3d-26.2912051!4d-48.9078589!16s%2Fg%2F11j3h2gwsc!19sChIJhdq6mbS73pQRxK4BK3Cpbn0,Não,,,Pendente,,,,Não,Google Maps exibe Adicionar website; verificado em 13/08/2026.,banho-tosa
Cafuné Estética Animal,Banho e Tosa,47991193202,Joinville,https://www.google.com/maps/place/Cafun%C3%A9+Est%C3%A9tica+Animal/data=!4m7!3m6!1s0x94dea51bea40705d:0xf232825e054051f2!8m2!3d-26.2916503!4d-48.9093214!16s%2Fg%2F11nmlzzjv8!19sChIJXXBA6hul3pQR8lFABV6CMvI,Não,,,Pendente,,,,Não,Google Maps exibe Adicionar website; verificado em 13/08/2026.,banho-tosa
Pet Shop Pitanga,Banho e Tosa,47988904009,Joinville,https://www.google.com/maps/place/Pet+Shop+Pitanga/data=!4m7!3m6!1s0x94dea5f696ecf0e1:0x86e34af15b6091d9!8m2!3d-26.2784632!4d-48.8993895!16s%2Fg%2F11yjqzb_3g!19sChIJ4fDslval3pQR2ZFgW_FK44Y,Não,,,Pendente,,,,Não,Google Maps exibe Adicionar website; verificado em 13/08/2026.,banho-tosa
Banho e Tosa da Tere,Banho e Tosa,47991785202,Joinville,https://www.google.com/maps/place/Banho+e+Tosa+da+Tere/data=!4m7!3m6!1s0x94dea5db7d06406f:0x124ff57150a347d7!8m2!3d-26.2866168!4d-48.9037933!16s%2Fg%2F11f6j3k9dd!19sChIJb0AGfdul3pQR10ejUHH1TxI,Não,,,Pendente,,,,Não,Google Maps exibe Adicionar website; verificado em 13/08/2026.,banho-tosa
Hotel e Creche AmiCão,Banho e Tosa,47999362276,Joinville,https://www.google.com/maps/place/Hotel+e+Creche+AmiC%C3%A3o/data=!4m7!3m6!1s0x94dea583511998e9:0xe85b678c7c3dd5f2!8m2!3d-26.2773081!4d-48.9151805!16s%2Fg%2F11rfnxqtp0!19sChIJ6ZgZUYOl3pQR8tU9fIxnW-g,Não,,,Pendente,,,,Não,Google Maps exibe Adicionar website; verificado em 13/08/2026.,banho-tosa
Buddies - Personal Pet Care,Banho e Tosa,47997922229,Joinville,https://www.google.com/maps/place/Buddies+-+Personal+Pet+Care/data=!4m7!3m6!1s0x94deb035cff6dcf5:0xb52d0a655f05feb5!8m2!3d-26.2839462!4d-48.9203096!16s%2Fg%2F11gfh96cx7!19sChIJ9dz2zzWw3pQRtf4FX2UKLbU,Não,,,Pendente,,,,Não,Google Maps exibe Adicionar website; verificado em 13/08/2026.,banho-tosa
Agropecuária Campo e Lavoura,Banho e Tosa,4730255761,Joinville,https://www.google.com/maps/place/Agropecu%C3%A1ria+Campo+e+Lavoura/data=!4m7!3m6!1s0x94dea523019885d7:0x11c898d2b9216ddf!8m2!3d-26.2869147!4d-48.9128683!16s%2Fg%2F1tk9rxzv!19sChIJ14WYASOl3pQR320hudKYyBE,Não,,,Pendente,,,,Não,Google Maps exibe Adicionar website; verificado em 13/08/2026.,banho-tosa
Pet Shop Bella Pata,Banho e Tosa,4734368389,Joinville,https://www.google.com/maps/place/Pet+Shop+Bella+Pata/data=!4m7!3m6!1s0x94deb0c413a57c9f:0x46275b067d9efacd!8m2!3d-26.3476262!4d-48.8537646!16s%2Fg%2F11bv6l5_sr!19sChIJn3ylE8Sw3pQRzfqefQZbJ0Y,Não,,,Pendente,,,,Não,Google Maps exibe Adicionar website; verificado em 13/08/2026.,banho-tosa
Titi Pet,Banho e Tosa,47999267023,Joinville,https://www.google.com/maps/place/Titi+Pet/data=!4m7!3m6!1s0x94deb11c46637241:0xe2d68af76fddf43d!8m2!3d-26.3372186!4d-48.8551264!16s%2Fg%2F11s73zy814!19sChIJQXJjRhyx3pQRPfTdb_eK1uI,Não,,,Pendente,,,,Não,Google Maps exibe Adicionar website; verificado em 13/08/2026.,banho-tosa
Pet mimi,Banho e Tosa,47996242284,Joinville,https://www.google.com/maps/place/Pet+mimi/data=!4m7!3m6!1s0x94deb5f82aabbad9:0xdc3f072e9e8a7324!8m2!3d-26.3282273!4d-48.856972!16s%2Fg%2F11rwmqrvnh!19sChIJ2bqrKvi13pQRJHOKni4HP9w,Não,,,Pendente,,,,Não,Google Maps exibe Adicionar website; verificado em 13/08/2026.,banho-tosa
Animália Pet Center - Médico Veterinário e Pet Shop,Banho e Tosa,4738048417,Joinville,https://www.google.com/maps/place/Anim%C3%A1lia+Pet+Center+-+M%C3%A9dico+Veterin%C3%A1rio+e+Pet+Shop/data=!4m7!3m6!1s0x94deb10c654053db:0xc8c83b50f2d92b51!8m2!3d-26.3434097!4d-48.8528837!16s%2Fg%2F11sxx4r105!19sChIJ21NAZQyx3pQRUSvZ8lA7yMg,Não,,,Pendente,,,,Não,Google Maps exibe Adicionar website; verificado em 13/08/2026.,banho-tosa
ESCOLA PET JACSON KORTELT (Centro de Estética Animal),Banho e Tosa,47984470645,Joinville,https://www.google.com/maps/place/ESCOLA+PET+JACSON+KORTELT+%28Centro+de+Est%C3%A9tica+Animal%29/data=!4m7!3m6!1s0x94deb6d2435b52cb:0x9f56fe4e793ac95c!8m2!3d-26.341313!4d-48.8483116!16s%2Fg%2F11b6gn3tyc!19sChIJy1JbQ9K23pQRXMk6eU7-Vp8,Não,,,Pendente,,,,Não,Google Maps exibe Adicionar website; verificado em 13/08/2026.,banho-tosa
Clínica Veterinária Mundo Animal,Banho e Tosa,4734363359,Joinville,https://www.google.com/maps/place/Cl%C3%ADnica+Veterin%C3%A1ria+Mundo+Animal/data=!4m7!3m6!1s0x94deb0e2d44ae573:0x3a094ce2fca0f72a!8m2!3d-26.328207!4d-48.842842!16s%2Fg%2F1tdksz4_!19sChIJc-VK1OKw3pQRKveg_OJMCTo,Não,,,Pendente,,,,Não,Google Maps exibe Adicionar website; verificado em 13/08/2026.,banho-tosa
Agro Shop Minuano,Banho e Tosa,4734360564,Joinville,https://www.google.com/maps/place/Agro+Shop+Minuano/data=!4m7!3m6!1s0x94deb0da6548b985:0x6abf26b46057aa29!8m2!3d-26.348558!4d-48.8465591!16s%2Fg%2F11c3n3243h!19sChIJhblIZdqw3pQRKapXYLQmv2o,Não,,,Pendente,,,,Não,Google Maps exibe Adicionar website; verificado em 13/08/2026.,banho-tosa
Agrojói,Banho e Tosa,47999460761,Joinville,https://www.google.com/maps/place/Agroj%C3%B3i/data=!4m7!3m6!1s0x94deb0dd068e39b1:0xc321bbe17189a436!8m2!3d-26.3414253!4d-48.8475691!16s%2Fg%2F11bv3rq0ly!19sChIJsTmOBt2w3pQRNqSJceG7IcM,Não,,,Pendente,,,,Não,Google Maps exibe Adicionar website; verificado em 13/08/2026.,banho-tosa
Disk Pet Shop,Banho e Tosa,4734544440,Joinville,https://www.google.com/maps/place/Disk+Pet+Shop/data=!4m7!3m6!1s0x94deb0f4e16f91a3:0xc9c6a23d7dcd4d28!8m2!3d-26.3268589!4d-48.8582255!16s%2Fg%2F1tdksz50!19sChIJo5Fv4fSw3pQRKE3NfT2ixsk,Não,,,Pendente,,,,Não,Google Maps exibe Adicionar website; verificado em 13/08/2026.,banho-tosa
Agroneni Pet shop banho tosa veterinário unidade Itaum,Banho e Tosa,47996814992,Joinville,https://www.google.com/maps/place/Agroneni+Pet+shop+banho+tosa+veterin%C3%A1rio+unidade+Itaum/data=!4m7!3m6!1s0x94deb1f77546124b:0x2a270254078a6742!8m2!3d-26.3410932!4d-48.8210127!16s%2Fg%2F11xmg0gbmc!19sChIJSxJGdfex3pQRQmeKB1QCJyo,Não,,,Pendente,,,,Não,Google Maps exibe Adicionar website; verificado em 13/08/2026.,banho-tosa
Pet Shop Bicho Mimado,Banho e Tosa,47991469967,Joinville,https://www.google.com/maps/place/Pet+Shop+Bicho+Mimado/data=!4m7!3m6!1s0x94deb167933d25a1:0x308e84a27544629a!8m2!3d-26.3414722!4d-48.8343545!16s%2Fg%2F11l6_c1yf5!19sChIJoSU9k2ex3pQRmmJEdaKEjjA,Não,,,Pendente,,,,Não,Google Maps exibe Adicionar website; verificado em 13/08/2026.,banho-tosa
Pet my friend,Banho e Tosa,47997710696,Joinville,https://www.google.com/maps/place/Pet+my+friend/data=!4m7!3m6!1s0x94deb1235def3dcb:0x636be97d5e170ab4!8m2!3d-26.3356935!4d-48.819632!16s%2Fg%2F11y04y0_kn!19sChIJyz3vXSOx3pQRtAoXXn3pa2M,Não,,,Pendente,,,,Não,Google Maps exibe Adicionar website; verificado em 13/08/2026.,banho-tosa
Mantas Pet Nina Pug,Banho e Tosa,47992573967,Joinville,https://www.google.com/maps/place/Mantas+Pet+Nina+Pug/data=!4m7!3m6!1s0x94deb194cadc77dd:0xcb907a1713cdfa79!8m2!3d-26.3376112!4d-48.8382684!16s%2Fg%2F11sczpzmqc!19sChIJ3XfcypSx3pQRefrNExd6kMs,Não,,,Pendente,,,,Não,Google Maps exibe Adicionar website; verificado em 13/08/2026.,banho-tosa
Agropecuária Guarujá,Banho e Tosa,47984438421,Joinville,https://www.google.com/maps/place/Agropecu%C3%A1ria+Guaruj%C3%A1/data=!4m7!3m6!1s0x94deb1c79cd4675b:0x9c4d48ac0a3297a5!8m2!3d-26.3332701!4d-48.8392083!16s%2Fg%2F11h3wtly9w!19sChIJW2fUnMex3pQRpZcyCqxITZw,Não,,,Pendente,,,,Não,Google Maps exibe Adicionar website; verificado em 13/08/2026.,banho-tosa
Dog Star Pet Shop,Banho e Tosa,4730254622,Joinville,https://www.google.com/maps/place/Dog+Star+Pet+Shop/data=!4m7!3m6!1s0x94deb0554581c5c7:0xeb0184a1665bac56!8m2!3d-26.3256623!4d-48.8300759!16s%2Fg%2F1tkjmbrv!19sChIJx8WBRVWw3pQRVqxbZqGEAes,Não,,,Pendente,,,,Não,Google Maps exibe Adicionar website; verificado em 13/08/2026.,banho-tosa
Black Cat - Granulado Higiênico de Madeira.,Banho e Tosa,47992308453,Joinville,https://www.google.com/maps/place/Black+Cat+-+Granulado+Higi%C3%AAnico+de+Madeira./data=!4m7!3m6!1s0x94deb19c296aef11:0x32e6bf30adc714e1!8m2!3d-26.3373995!4d-48.8355415!16s%2Fg%2F11qz9r59q4!19sChIJEe9qKZyx3pQR4RTHrTC_5jI,Não,,,Pendente,,,,Não,Google Maps exibe Adicionar website; verificado em 13/08/2026.,banho-tosa
Agropet Canário de Ouro,Banho e Tosa,47984330331,Joinville,https://www.google.com/maps/place/Agropet+Can%C3%A1rio+de+Ouro/data=!4m7!3m6!1s0x94deb17e733f0921:0xc383c56ad6d70121!8m2!3d-26.3312662!4d-48.827215!16s%2Fg%2F11nx_55_96!19sChIJIQk_c36x3pQRIQHX1mrFg8M,Não,,,Pendente,,,,Não,Google Maps exibe Adicionar website; verificado em 13/08/2026.,banho-tosa
Agropecuária Hemkemeier,Banho e Tosa,47997365064,Joinville,https://www.google.com/maps/place/Agropecu%C3%A1ria+Hemkemeier/data=!4m7!3m6!1s0x94deb508f0aa8f05:0x158d537016cafa9!8m2!3d-26.361854!4d-48.837274!16s%2Fg%2F11z1vwcvxb!19sChIJBY-q8Ai13pQRqa9sATfVWAE,Não,,,Pendente,,,,Não,Google Maps exibe Adicionar website; verificado em 13/08/2026.,banho-tosa
Rataria Rudnick,Banho e Tosa,47989038847,Joinville,https://www.google.com/maps/place/Rataria+Rudnick/data=!4m7!3m6!1s0x94deb7a7b8742839:0x3d6f44e19837cd2a!8m2!3d-26.3637066!4d-48.8360364!16s%2Fg%2F11vr_ch452!19sChIJOSh0uKe33pQRKs03mOFEbz0,Não,,,Pendente,,,,Não,Google Maps exibe Adicionar website; verificado em 13/08/2026.,banho-tosa
Agropecuária Talismã,Banho e Tosa,47999407690,Joinville,https://www.google.com/maps/place/Agropecu%C3%A1ria+Talism%C3%A3/data=!4m7!3m6!1s0x94deb7af75857297:0xc498a6e0ca364eb8!8m2!3d-26.3589081!4d-48.832019!16s%2Fg%2F11mvr0v_qb!19sChIJl3KFda-33pQRuE42yuCmmMQ,Não,,,Pendente,,,,Não,Google Maps exibe Adicionar website; verificado em 13/08/2026.,banho-tosa
"Fofidog Banho e Tosa, creche e hotel para cães",Banho e Tosa,47999554157,Joinville,"https://www.google.com/maps/place/Fofidog+Banho+e+Tosa,+creche+e+hotel+para+c%C3%A3es/data=!4m7!3m6!1s0x94deaf88eaac0889:0x4fcad454340a8db7!8m2!3d-26.23895!4d-48.8120158!16s%2Fg%2F11wbz2dm29!19sChIJiQis6oiv3pQRt40KNFTUyk8",Não,,,Pendente,,,,Não,Google Maps exibe Adicionar website; verificado em 13/08/2026.,banho-tosa
Laurindo Pet,Banho e Tosa,47997251179,Joinville,https://www.google.com/maps/place/Laurindo+Pet/data=!4m7!3m6!1s0x94deaf7f36242f63:0x5eb1f58354d3b660!8m2!3d-26.2436984!4d-48.8188833!16s%2Fg%2F11fsw34wy_!19sChIJYy8kNn-v3pQRYLbTVIP1sV4,Não,,,Pendente,,,,Não,Google Maps exibe Adicionar website; verificado em 13/08/2026.,banho-tosa
Estética Animal Priscila Benigres,Banho e Tosa,47996657923,Joinville,https://www.google.com/maps/place/Est%C3%A9tica+Animal+Priscila+Benigres/data=!4m7!3m6!1s0x94deafd1e812aadb:0x3b182be12cbd3ee5!8m2!3d-26.2513214!4d-48.8243993!16s%2Fg%2F11fk3crymk!19sChIJ26oS6NGv3pQR5T69LOErGDs,Não,,,Pendente,,,,Não,Google Maps exibe Adicionar website; verificado em 13/08/2026.,banho-tosa
Cheirinho de pet,Banho e Tosa,47984758515,Joinville,https://www.google.com/maps/place/Cheirinho+de+pet/data=!4m7!3m6!1s0x94deaf167e63c101:0xbc76bde4095af3a3!8m2!3d-26.2513373!4d-48.8041236!16s%2Fg%2F11x8h_3jvw!19sChIJAcFjfhav3pQRo_NaCeS9drw,Não,,,Pendente,,,,Não,Google Maps exibe Adicionar website; verificado em 13/08/2026.,banho-tosa
Patudos Alegres - Banho e Tosa,Banho e Tosa,47999085497,Joinville,https://www.google.com/maps/place/Patudos+Alegres+-+Banho+e+Tosa/data=!4m7!3m6!1s0x94deaf1054c7701f:0x17882186c5d76d3d!8m2!3d-26.2603271!4d-48.8091971!16s%2Fg%2F11wh377d0g!19sChIJH3DHVBCv3pQRPW3XxYYhiBc,Não,,,Pendente,,,,Não,Google Maps exibe Adicionar website; verificado em 13/08/2026.,banho-tosa
Irma Banho & Tosa,Banho e Tosa,47991571015,Joinville,https://www.google.com/maps/place/Irma+Banho+%26+Tosa/data=!4m7!3m6!1s0x94deaf2f6009956f:0xb27f53029567b11c!8m2!3d-26.2475441!4d-48.8079264!16s%2Fg%2F11ty16mjpj!19sChIJb5UJYC-v3pQRHLFnlQJTf7I,Não,,,Pendente,,,,Não,Google Maps exibe Adicionar website; verificado em 13/08/2026.,banho-tosa
Patinhas Pet,Banho e Tosa,47996349777,Joinville,https://www.google.com/maps/place/Patinhas+Pet/data=!4m7!3m6!1s0x94deaf92208d0a1f:0x86bcd473da1cf848!8m2!3d-26.2566585!4d-48.8061426!16s%2Fg%2F11w_t0w9pc!19sChIJHwqNIJKv3pQRSPgc2nPUvIY,Não,,,Pendente,,,,Não,Google Maps exibe Adicionar website; verificado em 13/08/2026.,banho-tosa
Cão Alegre Pet Shop,Banho e Tosa,47999318469,Joinville,https://www.google.com/maps/place/C%C3%A3o+Alegre+Pet+Shop/data=!4m7!3m6!1s0x94deae0ad0e6db99:0xedb3cad0929999e0!8m2!3d-26.2472328!4d-48.8011134!16s%2Fg%2F11bwgh8bxp!19sChIJmdvm0Aqu3pQR4JmZktDKs-0,Não,,,Pendente,,,,Não,Google Maps exibe Adicionar website; verificado em 13/08/2026.,banho-tosa
Agronatur Pet & Garden,Banho e Tosa,47988538191,Joinville,https://www.google.com/maps/place/Agronatur+Pet+%26+Garden/data=!4m7!3m6!1s0x94deae0e63d19913:0xfbc642985069e5a6!8m2!3d-26.2533675!4d-48.8069937!16s%2Fg%2F1v1kq_xf!19sChIJE5nRYw6u3pQRpuVpUJhCxvs,Não,,,Pendente,,,,Não,Google Maps exibe Adicionar website; verificado em 13/08/2026.,banho-tosa
Banho e tosa Teodoro,Banho e Tosa,47991298418,Joinville,https://www.google.com/maps/place/Banho+e+tosa+Teodoro/data=!4m7!3m6!1s0x94deafb846a8ff21:0x8b6c1dfe5c030fd3!8m2!3d-26.2432755!4d-48.8429822!16s%2Fg%2F11yn22cth7!19sChIJIf-oRriv3pQR0w8DXP4dbIs,Não,,,Pendente,,,,Não,Google Maps exibe Adicionar website; verificado em 13/08/2026.,banho-tosa
D'Lara pet shop,Banho e Tosa,47997488805,Joinville,https://www.google.com/maps/place/D%27Lara+pet+shop/data=!4m7!3m6!1s0x94deaf1fd3a78b8b:0xe5a7351df97f3466!8m2!3d-26.240104!4d-48.814801!16s%2Fg%2F11t626vyvx!19sChIJi4un0x-v3pQRZjR_-R01p-U,Não,,,Pendente,,,,Não,Google Maps exibe Adicionar website; verificado em 13/08/2026.,banho-tosa
Banho e Tosa Bicho Mania,Banho e Tosa,47900000000,Joinville,https://www.google.com/maps/place/Banho+e+Tosa+Bicho+Mania/data=!4m7!3m6!1s0x94deaf573dcccd77:0x37a806a94ab7ea2f!8m2!3d-26.2495779!4d-48.8212932!16s%2Fg%2F11ld5c5s8s!19sChIJd83MPVev3pQRL-q3SqkGqDc,Não,,,Pendente,,,,Não,Google Maps exibe Adicionar website; verificado em 13/08/2026.,banho-tosa
ADESTRA PET,Banho e Tosa,47984725308,Joinville,https://www.google.com/maps/place/ADESTRA+PET/data=!4m7!3m6!1s0x94deaf0fc6c27aad:0xa17fe1061515c5f8!8m2!3d-26.255517!4d-48.8151578!16s%2Fg%2F11sn_4d2nv!19sChIJrXrCxg-v3pQR-MUVFQbhf6E,Não,,,Pendente,,,,Não,Google Maps exibe Adicionar website; verificado em 13/08/2026.,banho-tosa
Pet Shop Patrulha de Aumigos,Banho e Tosa,47988809602,Joinville,https://www.google.com/maps/place/Pet+Shop+Patrulha+de+Aumigos/data=!4m7!3m6!1s0x94deaf1587dd8d45:0x471cb19639cdae66!8m2!3d-26.2659998!4d-48.8163817!16s%2Fg%2F11xm4v1y0b!19sChIJRY3dhxWv3pQRZq7NOZaxHEc,Não,,,Pendente,,,,Não,Google Maps exibe Adicionar website; verificado em 13/08/2026.,banho-tosa
Gabi Pet Care,Banho e Tosa,47999338331,Joinville,https://www.google.com/maps/place/Gabi+Pet+Care/data=!4m7!3m6!1s0x94deaf5a822265e9:0x956a4b3ff1c9878f!8m2!3d-26.2778115!4d-48.8536918!16s%2Fg%2F11t1tcvck8!19sChIJ6WUiglqv3pQRj4fJ8T9LapU,Não,,,Pendente,,,,Não,Google Maps exibe Adicionar website; verificado em 13/08/2026.,banho-tosa
Família Pet Mel,Banho e Tosa,47920007836,Joinville,https://www.google.com/maps/place/Fam%C3%ADlia+Pet+Mel/data=!4m7!3m6!1s0x94deb1b5eef509db:0x197a8bfc4256f989!8m2!3d-26.2803424!4d-48.8245478!16s%2Fg%2F11smg1x_c0!19sChIJ2wn17rWx3pQRiflWQvyLehk,Não,,,Pendente,,,,Não,Google Maps exibe Adicionar website; verificado em 13/08/2026.,banho-tosa
AgroPet Max,Banho e Tosa,47988377918,Joinville,https://www.google.com/maps/place/AgroPet+Max/data=!4m7!3m6!1s0x94deafa0f6d9873b:0xa9cb72db9fd16b9d!8m2!3d-26.2401488!4d-48.801352!16s%2Fg%2F11zh8sf54t!19sChIJO4fZ9qCv3pQRnWvRn9tyy6k,Não,,,Pendente,,,,Não,Google Maps exibe Adicionar website; verificado em 13/08/2026.,banho-tosa
Consultório Veterinário Chaiene Rodrigues,Banho e Tosa,47996454054,Joinville,https://www.google.com/maps/place/Consult%C3%B3rio+Veterin%C3%A1rio+Chaiene+Rodrigues/data=!4m7!3m6!1s0x94deafe5e722055b:0xda4ab87f7503913!8m2!3d-26.2595143!4d-48.819011!16s%2Fg%2F11w94l9y3b!19sChIJWwUi5-Wv3pQREzlQ94erpA0,Não,,,Pendente,,,,Não,Google Maps exibe Adicionar website; verificado em 13/08/2026.,banho-tosa
Agropecuária Agro Lupi,Banho e Tosa,47991595656,Joinville,https://www.google.com/maps/place/Agropecu%C3%A1ria+Agro+Lupi/data=!4m7!3m6!1s0x94deaf185ada4041:0x645dcac61c186b92!8m2!3d-26.2466045!4d-48.8104607!16s%2Fg%2F11pwt4h2cf!19sChIJQUDaWhiv3pQRkmsYHMbKXWQ,Não,,,Pendente,,,,Não,Google Maps exibe Adicionar website; verificado em 13/08/2026.,banho-tosa
Petshop Dudy,Banho e Tosa,47988127907,Joinville,https://www.google.com/maps/place/Petshop+Dudy/data=!4m7!3m6!1s0x94deae1bfefcbfdb:0x5b409d6fd2f26e5a!8m2!3d-26.2657436!4d-48.8137087!16s%2Fg%2F1w456rqt!19sChIJ27_8_huu3pQRWm7y0m-dQFs,Não,,,Pendente,,,,Não,Google Maps exibe Adicionar website; verificado em 13/08/2026.,banho-tosa
Agro AnimalPet Iririú,Banho e Tosa,4732279289,Joinville,https://www.google.com/maps/place/Agro+AnimalPet+Iriri%C3%BA/data=!4m7!3m6!1s0x94deaf8412a0afc5:0xe8d9b10ac1693c84!8m2!3d-26.2728577!4d-48.8297918!16s%2Fg%2F11mw7ngk5y!19sChIJxa-gEoSv3pQRhDxpwQqx2eg,Não,,,Pendente,,,,Não,Google Maps exibe Adicionar website; verificado em 13/08/2026.,banho-tosa
Pet Chique,Banho e Tosa,47999511990,Joinville,https://www.google.com/maps/place/Pet+Chique/data=!4m7!3m6!1s0x94deaf2f9bd9a2bb:0x1e762d58391feae1!8m2!3d-26.2635139!4d-48.8027915!16s%2Fg%2F11rc2m4z6h!19sChIJu6LZmy-v3pQR4eofOVgtdh4,Não,,,Pendente,,,,Não,Google Maps exibe Adicionar website; verificado em 13/08/2026.,banho-tosa
Márcia Estética Animal,Banho e Tosa,47988556634,Joinville,https://www.google.com/maps/place/M%C3%A1rcia+Est%C3%A9tica+Animal/data=!4m7!3m6!1s0x94deb167221e9cbb:0x99c1b1f284ac6c69!8m2!3d-26.2752361!4d-48.8333447!16s%2Fg%2F11rcmsn8zy!19sChIJu5weImex3pQRaWyshPKxwZk,Não,,,Pendente,,,,Não,Google Maps exibe Adicionar website; verificado em 13/08/2026.,banho-tosa
Angel's Banho & Tosa,Banho e Tosa,47999349524,Joinville,https://www.google.com/maps/place/Angel%27s+Banho+%26+Tosa/data=!4m7!3m6!1s0x94deb1ffad99a901:0xce2d61344eb31bb9!8m2!3d-26.2674924!4d-48.8018237!16s%2Fg%2F11fr3xw0ky!19sChIJAamZrf-x3pQRuRuzTjRhLc4,Não,,,Pendente,,,,Não,Google Maps exibe Adicionar website; verificado em 13/08/2026.,banho-tosa
julipet Banho e Tosa,Banho e Tosa,47989253848,Joinville,https://www.google.com/maps/place/julipet+Banho+e+Tosa/data=!4m7!3m6!1s0x94deafcbd33a3a05:0x8e3274152cccbedc!8m2!3d-26.2652598!4d-48.8011882!16s%2Fg%2F11w20lybdt!19sChIJBTo608uv3pQR3L7MLBV0Mo4,Não,,,Pendente,,,,Não,Google Maps exibe Adicionar website; verificado em 13/08/2026.,banho-tosa
Hanna banho e tosa,Banho e Tosa,47992769208,Joinville,https://www.google.com/maps/place/Hanna+banho+e+tosa/data=!4m7!3m6!1s0x94deaddf24cdc7d7:0x5e486ebb58e7a55c!8m2!3d-26.2589239!4d-48.7991877!16s%2Fg%2F11yn1v3sf0!19sChIJ18fNJN-t3pQRXKXnWLtuSF4,Não,,,Pendente,,,,Não,Google Maps exibe Adicionar website; verificado em 13/08/2026.,banho-tosa
Petshop Doce Patinhas,Banho e Tosa,47996561268,Joinville,https://www.google.com/maps/place/Petshop+Doce+Patinhas/data=!4m7!3m6!1s0x94deb173b6900c63:0xcafe3b68763d80ca!8m2!3d-26.2762981!4d-48.8144309!16s%2Fg%2F11h136c_mt!19sChIJYwyQtnOx3pQRyoA9dmg7_so,Não,,,Pendente,,,,Não,Google Maps exibe Adicionar website; verificado em 13/08/2026.,banho-tosa
Agro AnimalPet - das Cegonhas,Banho e Tosa,4730271630,Joinville,https://www.google.com/maps/place/Agro+AnimalPet+-+das+Cegonhas/data=!4m7!3m6!1s0x94deae195d2fac2b:0x9c9ad534957dcb0f!8m2!3d-26.2642497!4d-48.8151257!16s%2Fg%2F11b8c4dddc!19sChIJK6wvXRmu3pQRD8t9lTTVmpw,Não,,,Pendente,,,,Não,Google Maps exibe Adicionar website; verificado em 13/08/2026.,banho-tosa
Luna pet shop,Banho e Tosa,47999386501,Joinville,https://www.google.com/maps/place/Luna+pet+shop/data=!4m7!3m6!1s0x94deafba5c59a4cb:0xd316aab904f9388f!8m2!3d-26.2638977!4d-48.8044383!16s%2Fg%2F11w8xqzy_t!19sChIJy6RZXLqv3pQRjzj5BLmqFtM,Não,,,Pendente,,,,Não,Google Maps exibe Adicionar website; verificado em 13/08/2026.,banho-tosa
Cantinho Pet Chic,Banho e Tosa,47996127466,Joinville,https://www.google.com/maps/place/Cantinho+Pet+Chic/data=!4m7!3m6!1s0x94deb1b1b26a5ed3:0x86cfc3edcfc80d0d!8m2!3d-26.2789375!4d-48.811926!16s%2Fg%2F11h8ch586p!19sChIJ015qsrGx3pQRDQ3Iz-3Dz4Y,Não,,,Pendente,,,,Não,Google Maps exibe Adicionar website; verificado em 13/08/2026.,banho-tosa
Clínica Veterinária e Pet Shop Doce Pata,Clínica Veterinária,47999548494,Joinville,https://www.google.com/maps/place/Cl%C3%ADnica+Veterin%C3%A1ria+e+Pet+Shop+Doce+Pata/data=!4m7!3m6!1s0x94deb127bd33352f:0xcd33323d072f6067!8m2!3d-26.3453114!4d-48.8339439!16s%2Fg%2F11g_x6n9zl!19sChIJLzUzvSex3pQRZ2AvBz0yM80,Não,,,Pendente,,,,Não,Google Maps exibe Adicionar website; verificado em 13/08/2026.,veterinaria
Clinivet Clínica Veterinária,Clínica Veterinária,4734553283,Joinville,https://www.google.com/maps/place/Clinivet+Cl%C3%ADnica+Veterin%C3%A1ria/data=!4m7!3m6!1s0x94deb0ff23437299:0x1b7e2c1f69d611bc!8m2!3d-26.3205503!4d-48.8437047!16s%2Fg%2F1tmcnc_c!19sChIJmXJDI_-w3pQRvBHWaR8sfhs,Não,,,Pendente,,,,Não,Google Maps exibe Adicionar website; verificado em 13/08/2026.,veterinaria
Auquimia Clínica Veterinária,Clínica Veterinária,4730288050,Joinville,https://www.google.com/maps/place/Auquimia+Cl%C3%ADnica+Veterin%C3%A1ria/data=!4m7!3m6!1s0x94deb043fb1d9cc5:0x534af18294e299b3!8m2!3d-26.3088953!4d-48.8553537!16s%2Fg%2F11bv2b5ph8!19sChIJxZwd-0Ow3pQRs5nilILxSlM,Não,,,Pendente,,,,Não,Google Maps exibe Adicionar website; verificado em 13/08/2026.,veterinaria
Clínica Veterinária Edson Rui Lima Costa,Clínica Veterinária,4734334070,Joinville,https://www.google.com/maps/place/Cl%C3%ADnica+Veterin%C3%A1ria+Edson+Rui+Lima+Costa/data=!4m7!3m6!1s0x94deb018f82dad5f:0x8cd4a6155b2b9df6!8m2!3d-26.2933147!4d-48.8616422!16s%2Fg%2F1tg7t4v9!19sChIJX60t-Biw3pQR9p0rWxWm1Iw,Não,,,Pendente,,,,Não,Google Maps exibe Adicionar website; verificado em 13/08/2026.,veterinaria
Clínica Veterinária Bicho de Estimação,Clínica Veterinária,4734353470,Joinville,https://www.google.com/maps/place/Cl%C3%ADnica+Veterin%C3%A1ria+Bicho+de+Estima%C3%A7%C3%A3o/data=!4m7!3m6!1s0x94deb01987afed69:0xe6ffbc25734234f4!8m2!3d-26.2746819!4d-48.8629097!16s%2Fg%2F1ydkj3m74!19sChIJae2vhxmw3pQR9DRCcyW8_-Y,Não,,,Pendente,,,,Não,Google Maps exibe Adicionar website; verificado em 13/08/2026.,veterinaria
Bourvet Clínica Veterinária,Clínica Veterinária,4733054531,Joinville,https://www.google.com/maps/place/Bourvet+Cl%C3%ADnica+Veterin%C3%A1ria/data=!4m7!3m6!1s0x94deb13800d03e3f:0x201d4dca150b23c5!8m2!3d-26.286621!4d-48.84534!16s%2Fg%2F11x719vj6s!19sChIJPz7QADix3pQRxSMLFcpNHSA,Não,,,Pendente,,,,Não,Google Maps exibe Adicionar website; verificado em 13/08/2026.,veterinaria
Veterinário Golfinho Azul,Clínica Veterinária,4734229175,Joinville,https://www.google.com/maps/place/Veterin%C3%A1rio+Golfinho+Azul/data=!4m7!3m6!1s0x94deb047c535e2d7:0x75bb5bb2c8aa8e72!8m2!3d-26.3033742!4d-48.8504289!16s%2Fg%2F1vzn6qgv!19sChIJ1-I1xUew3pQRco6qyLJbu3U,Não,,,Pendente,,,,Não,Google Maps exibe Adicionar website; verificado em 13/08/2026.,veterinaria
Dra. Meow Medicina de Felinos,Clínica Veterinária,4738048001,Joinville,https://www.google.com/maps/place/Dra.+Meow+Medicina+de+Felinos/data=!4m7!3m6!1s0x94deb1fc13f2496f:0x701b041ee9466114!8m2!3d-26.2817786!4d-48.8442955!16s%2Fg%2F11g4drdyjv!19sChIJb0nyE_yx3pQRFGFG6R4EG3A,Não,,,Pendente,,,,Não,Google Maps exibe Adicionar website; verificado em 13/08/2026.,veterinaria
Auca.Pet,Clínica Veterinária,47996425341,Joinville,https://www.google.com/maps/place/Auca.Pet/data=!4m7!3m6!1s0x94deaff73478a873:0xffcc118c3ea6ee65!8m2!3d-26.2818728!4d-48.8511382!16s%2Fg%2F11tft2xyz7!19sChIJc6h4NPev3pQRZe6mPowRzP8,Não,,,Pendente,,,,Não,Google Maps exibe Adicionar website; verificado em 13/08/2026.,veterinaria
Vet Call,Clínica Veterinária,4730261156,Joinville,https://www.google.com/maps/place/Vet+Call/data=!4m7!3m6!1s0x94deb02a69525181:0x89402f2bf9930a1a!8m2!3d-26.280862!4d-48.8431697!16s%2Fg%2F11b865qx5s!19sChIJgVFSaSqw3pQRGgqT-SsvQIk,Não,,,Pendente,,,,Não,Google Maps exibe Adicionar website; verificado em 13/08/2026.,veterinaria
Clinica veterinária S.A.N.T.É VET,Clínica Veterinária,47997931032,Joinville,https://www.google.com/maps/place/Clinica+veterin%C3%A1ria+S.A.N.T.%C3%89+VET/data=!4m7!3m6!1s0x94deafd33008270b:0x75b4edf568321c11!8m2!3d-26.2668117!4d-48.848286!16s%2Fg%2F11yx2tg0fn!19sChIJCycIMNOv3pQRERwyaPXttHU,Não,,,Pendente,,,,Não,Google Maps exibe Adicionar website; verificado em 13/08/2026.,veterinaria
Dra. Lara Villwock - Médica Veterinária,Clínica Veterinária,47997328290,Joinville,https://www.google.com/maps/place/Dra.+Lara+Villwock+-+M%C3%A9dica+Veterin%C3%A1ria/data=!4m7!3m6!1s0x94deaf852add0d85:0x92a07a1b549d76df!8m2!3d-26.272867!4d-48.8455596!16s%2Fg%2F11n48fcr44!19sChIJhQ3dKoWv3pQR33adVBt6oJI,Não,,,Pendente,,,,Não,Google Maps exibe Adicionar website; verificado em 13/08/2026.,veterinaria
Agrovet Catarina - Saguaçú,Clínica Veterinária,47992928170,Joinville,https://www.google.com/maps/place/Agrovet+Catarina+-+Sagua%C3%A7%C3%BA/data=!4m7!3m6!1s0x94deaf9287491a17:0x11c54db1cfd27a9a!8m2!3d-26.2721673!4d-48.8381436!16s%2Fg%2F11ms7lyz_s!19sChIJFxpJh5Kv3pQRmnrSz7FNxRE,Não,,,Pendente,,,,Não,Google Maps exibe Adicionar website; verificado em 13/08/2026.,veterinaria
Dra. Eloisa Karla Serafim - Médica Veterinária,Clínica Veterinária,47999325482,Joinville,https://www.google.com/maps/place/Dra.+Eloisa+Karla+Serafim+-+M%C3%A9dica+Veterin%C3%A1ria/data=!4m7!3m6!1s0x94deb16f6464c68f:0xc0f56bae2b55f19d!8m2!3d-26.3118488!4d-48.8421414!16s%2Fg%2F11v3n080n0!19sChIJj8ZkZG-x3pQRnfFVK65r9cA,Não,,,Pendente,,,,Não,Google Maps exibe Adicionar website; verificado em 13/08/2026.,veterinaria
Bruna Anele consultório e ultrassonografia veterinária,Clínica Veterinária,47999249495,Joinville,https://www.google.com/maps/place/Bruna+Anele+consult%C3%B3rio+e+ultrassonografia+veterin%C3%A1ria/data=!4m7!3m6!1s0x94deaf0097ca68f1:0x219cbed646276ef!8m2!3d-26.2759424!4d-48.8746292!16s%2Fg%2F11m60310q8!19sChIJ8WjKlwCv3pQR73ZiZO3LGQI,Não,,,Pendente,,,,Não,Google Maps exibe Adicionar website; verificado em 13/08/2026.,veterinaria
Vet Friend,Clínica Veterinária,4741018566,Joinville,https://www.google.com/maps/place/Vet+Friend/data=!4m7!3m6!1s0x94deb0346d7671f7:0x14b48f1a33f15a3e!8m2!3d-26.2712675!4d-48.8719946!16s%2Fg%2F11bysjwgx2!19sChIJ93F2bTSw3pQRPlrxMxqPtBQ,Não,,,Pendente,,,,Não,Google Maps exibe Adicionar website; verificado em 13/08/2026.,veterinaria
Agropecuária Agropet Inambu Costa e Silva,Clínica Veterinária,47999036269,Joinville,https://www.google.com/maps/place/Agropecu%C3%A1ria+Agropet+Inambu+Costa+e+Silva/data=!4m7!3m6!1s0x94dea5ba4a31a6a9:0xc137e46ff861cd81!8m2!3d-26.2733928!4d-48.8831658!16s%2Fg%2F11pzs9ft8c!19sChIJqaYxSrql3pQRgc1h-G_kN8E,Não,,,Pendente,,,,Não,Google Maps exibe Adicionar website; verificado em 13/08/2026.,veterinaria
Patachic Vet Pets,Clínica Veterinária,47984177822,Joinville,https://www.google.com/maps/place/Patachic+Vet+Pets/data=!4m7!3m6!1s0x94deaf8eba46aaab:0xbbacc598c52afc65!8m2!3d-26.2655738!4d-48.8742397!16s%2Fg%2F11swty3b62!19sChIJq6pGuo6v3pQRZfwqxZjFrLs,Não,,,Pendente,,,,Não,Google Maps exibe Adicionar website; verificado em 13/08/2026.,veterinaria
Centro Veterinário Moriah,Clínica Veterinária,47988790804,Joinville,https://www.google.com/maps/place/Centro+Veterin%C3%A1rio+Moriah/data=!4m7!3m6!1s0x94deafeb1d18bb23:0xeb0e7cc0cf57f377!8m2!3d-26.2869562!4d-48.8699445!16s%2Fg%2F11kc430w_8!19sChIJI7sYHeuv3pQRd_NXz8B8Dus,Não,,,Pendente,,,,Não,Google Maps exibe Adicionar website; verificado em 13/08/2026.,veterinaria
Clínica Veterinária Vet Vida,Clínica Veterinária,4730333377,Joinville,https://www.google.com/maps/place/Cl%C3%ADnica+Veterin%C3%A1ria+Vet+Vida/data=!4m7!3m6!1s0x94dea538c256aaab:0x17fddfe9413d0680!8m2!3d-26.2916503!4d-48.9093214!16s%2Fg%2F11gg6d0yrg!19sChIJq6pWwjil3pQRgAY9Qenf_Rc,Não,,,Pendente,,,,Não,Google Maps exibe Adicionar website; verificado em 13/08/2026.,veterinaria
Consultório Veterinário Dra.Yane Iuchi CRMV03158,Clínica Veterinária,4734344839,Joinville,https://www.google.com/maps/place/Consult%C3%B3rio+Veterin%C3%A1rio+Dra.Yane+Iuchi+CRMV03158/data=!4m7!3m6!1s0x94dea4df983388d3:0xecba565821bedd6e!8m2!3d-26.289698!4d-48.9213276!16s%2Fg%2F1tg697pt!19sChIJ04gzmN-k3pQRbt2-IVhWuuw,Não,,,Pendente,,,,Não,Google Maps exibe Adicionar website; verificado em 13/08/2026.,veterinaria
Gabriela Leoni Endocrinologia Veterinária,Clínica Veterinária,47999029091,Joinville,https://www.google.com/maps/place/Gabriela+Leoni+Endocrinologia+Veterin%C3%A1ria/data=!4m7!3m6!1s0x94dea5ef28e3528f:0x7364007faf1dbc37!8m2!3d-26.2916668!4d-48.9093103!16s%2Fg%2F11mkxtzqnh!19sChIJj1LjKO-l3pQRN7wdr38AZHM,Não,,,Pendente,,,,Não,Google Maps exibe Adicionar website; verificado em 13/08/2026.,veterinaria
Vida Pet Consultório Veterinário,Clínica Veterinária,4734653216,Joinville,https://www.google.com/maps/place/Vida+Pet+Consult%C3%B3rio+Veterin%C3%A1rio/data=!4m7!3m6!1s0x94deb080ee580683:0x222b536fc48562b8!8m2!3d-26.3325609!4d-48.8765382!16s%2Fg%2F1tgjmfnt!19sChIJgwZY7oCw3pQRuGKFxG9TKyI,Não,,,Pendente,,,,Não,Google Maps exibe Adicionar website; verificado em 13/08/2026.,veterinaria
VIPet,Clínica Veterinária,47991367507,Joinville,https://www.google.com/maps/place/VIPet/data=!4m7!3m6!1s0x94deb18ed3c6633d:0x579bee9c6122f069!8m2!3d-26.3200575!4d-48.8162469!16s%2Fg%2F11lmjs5gg4!19sChIJPWPG046x3pQRafAiYZzum1c,Não,,,Pendente,,,,Não,Google Maps exibe Adicionar website; verificado em 13/08/2026.,veterinaria
Amazon Pet,Clínica Veterinária,4730289293,Joinville,https://www.google.com/maps/place/Amazon+Pet/data=!4m7!3m6!1s0x94deb11b839451fd:0x6e7d4042a414f21b!8m2!3d-26.322584!4d-48.8401542!16s%2Fg%2F11f2cl8f5x!19sChIJ_VGUgxux3pQRG_IUpEJAfW4,Não,,,Pendente,,,,Não,Google Maps exibe Adicionar website; verificado em 13/08/2026.,veterinaria
Agropecuária Ferreira,Clínica Veterinária,47996481893,Joinville,https://www.google.com/maps/place/Agropecu%C3%A1ria+Ferreira/data=!4m7!3m6!1s0x94deb12e128127df:0xc5ba0ec54bde33ce!8m2!3d-26.3400486!4d-48.8138627!16s%2Fg%2F11ygnz30y3!19sChIJ3yeBEi6x3pQRzjPeS8UOusU,Não,,,Pendente,,,,Não,Google Maps exibe Adicionar website; verificado em 13/08/2026.,veterinaria
Consultório Veterinário - Kelly Rinaldi Voos,Clínica Veterinária,47999671459,Joinville,https://www.google.com/maps/place/Consult%C3%B3rio+Veterin%C3%A1rio+-+Kelly+Rinaldi+Voos/data=!4m7!3m6!1s0x94deaf8ca9afed57:0x2be9f07f7782e5e9!8m2!3d-26.2385814!4d-48.8181483!16s%2Fg%2F11py_4vpqz!19sChIJV-2vqYyv3pQR6eWCd3_w6Ss,Não,,,Pendente,,,,Não,Google Maps exibe Adicionar website; verificado em 13/08/2026.,veterinaria
Animal Vip Clínica Veterinária e Petshop - Matriz,Clínica Veterinária,4730336100,Joinville,https://www.google.com/maps/place/Animal+Vip+Cl%C3%ADnica+Veterin%C3%A1ria+e+Petshop+-+Matriz/data=!4m7!3m6!1s0x94deafc8cbd0aa5b:0xc89c0ea6834ad884!8m2!3d-26.2669122!4d-48.8482725!16s%2Fg%2F11b86l844n!19sChIJW6rQy8iv3pQRhNhKg6YOnMg,Não,,,Pendente,,,,Não,Google Maps exibe Adicionar website; verificado em 13/08/2026.,veterinaria
Aconchego Clínica Veterinária,Clínica Veterinária,47988144889,Joinville,https://www.google.com/maps/place/Aconchego+Cl%C3%ADnica+Veterin%C3%A1ria/data=!4m7!3m6!1s0x94deafc7de3f931f:0x715cf4fc3ad4d06e!8m2!3d-26.2642677!4d-48.8493004!16s%2Fg%2F1th0clhn!19sChIJH5M_3sev3pQRbtDUOvz0XHE,Não,,,Pendente,,,,Não,Google Maps exibe Adicionar website; verificado em 13/08/2026.,veterinaria
Bicharada Pet Shop,Clínica Veterinária,4730280706,Joinville,https://www.google.com/maps/place/Bicharada+Pet+Shop/data=!4m7!3m6!1s0x94deb14ba4e59b59:0x8f055ea48d4c9833!8m2!3d-26.277492!4d-48.8085511!16s%2Fg%2F11szgty784!19sChIJWZvlpEux3pQRM5hMjaReBY8,Não,,,Pendente,,,,Não,Google Maps exibe Adicionar website; verificado em 13/08/2026.,veterinaria
Agropecuária Beija-Flor,Clínica Veterinária,4734321035,Joinville,https://www.google.com/maps/place/Agropecu%C3%A1ria+Beija-Flor/data=!4m7!3m6!1s0x94deb19615a1f869:0x40eb43547d131ab!8m2!3d-26.2969139!4d-48.8185299!16s%2Fg%2F11c3l82ym7!19sChIJafihFZax3pQRqzHRRzW0DgQ,Não,,,Pendente,,,,Não,Google Maps exibe Adicionar website; verificado em 13/08/2026.,veterinaria
Agro Wilke Unidade Fátima,Clínica Veterinária,4734633248,Joinville,https://www.google.com/maps/place/Agro+Wilke+Unidade+F%C3%A1tima/data=!4m7!3m6!1s0x94deb16c5dd1cd81:0x727c54d32433e3b5!8m2!3d-26.3229053!4d-48.8167833!16s%2Fg%2F11dztqlzyd!19sChIJgc3RXWyx3pQRteMzJNNUfHI,Não,,,Pendente,,,,Não,Google Maps exibe Adicionar website; verificado em 13/08/2026.,veterinaria
Agropet Bacuri,Clínica Veterinária,47988191497,Joinville,https://www.google.com/maps/place/Agropet+Bacuri/data=!4m7!3m6!1s0x94deaf440864d575:0xd27b891ec1796f66!8m2!3d-26.2656733!4d-48.8012184!16s%2Fg%2F11rsf_3s8f!19sChIJddVkCESv3pQRZm95wR6Je9I,Não,,,Pendente,,,,Não,Google Maps exibe Adicionar website; verificado em 13/08/2026.,veterinaria
Agropecuária Agro Wilke I,Clínica Veterinária,4734635293,Joinville,https://www.google.com/maps/place/Agropecu%C3%A1ria+Agro+Wilke+I/data=!4m7!3m6!1s0x94deb53c5ca860cd:0x96aa1c591c6877c0!8m2!3d-26.350888!4d-48.7819!16s%2Fg%2F11flqthjj_!19sChIJzWCoXDy13pQRwHdoHFkcqpY,Não,,,Pendente,,,,Não,Google Maps exibe Adicionar website; verificado em 13/08/2026.,veterinaria
Vetroville,Clínica Veterinária,47988238872,Joinville,https://www.google.com/maps/place/Vetroville/data=!4m7!3m6!1s0x94deae01665072db:0x20aaf2f95dca34a5!8m2!3d-26.2628986!4d-48.8040336!16s%2Fg%2F11xt9p5798!19sChIJ23JQZgGu3pQRpTTKXfnyqiA,Não,,,Pendente,,,,Não,Google Maps exibe Adicionar website; verificado em 13/08/2026.,veterinaria
Agropecuária Soca Sola,Clínica Veterinária,4734650280,Joinville,https://www.google.com/maps/place/Agropecu%C3%A1ria+Soca+Sola/data=!4m7!3m6!1s0x94deb6ee739fa7df:0x55fe686e26234f32!8m2!3d-26.379231!4d-48.8249918!16s%2Fg%2F11b8tbz1kv!19sChIJ36efc-623pQRMk8jJm5o_lU,Não,,,Pendente,,,,Não,Google Maps exibe Adicionar website; verificado em 13/08/2026.,veterinaria
Agropecuária Bicho do Mato,Clínica Veterinária,47999535703,Joinville,https://www.google.com/maps/place/Agropecu%C3%A1ria+Bicho+do+Mato/data=!4m7!3m6!1s0x94deb7be891bb9a3:0xdea6d844cd8ad302!8m2!3d-26.3782985!4d-48.8275784!16s%2Fg%2F11fp3ky8yj!19sChIJo7kbib633pQRAtOKzUTYpt4,Não,,,Pendente,,,,Não,Google Maps exibe Adicionar website; verificado em 13/08/2026.,veterinaria
Agropecuária Veiga,Clínica Veterinária,4734364604,Joinville,https://www.google.com/maps/place/Agropecu%C3%A1ria+Veiga/data=!4m7!3m6!1s0x94deb6c3ab04dbe5:0xffbaae520ec6fe0d!8m2!3d-26.3689955!4d-48.8269854!16s%2Fg%2F11bvcvqvzb!19sChIJ5dsEq8O23pQRDf7GDlKuuv8,Não,,,Pendente,,,,Não,Google Maps exibe Adicionar website; verificado em 13/08/2026.,veterinaria
AgroGold,Clínica Veterinária,47991899174,Joinville,https://www.google.com/maps/place/AgroGold/data=!4m7!3m6!1s0x94deb70053b89995:0x97f41bd6490b98e4!8m2!3d-26.3511062!4d-48.8173387!16s%2Fg%2F11wx1tt8x2!19sChIJlZm4UwC33pQR5JgLSdYb9Jc,Não,,,Pendente,,,,Não,Google Maps exibe Adicionar website; verificado em 13/08/2026.,veterinaria
Animal Vip Clínica Veterinária - Filial,Clínica Veterinária,4734240767,Joinville,https://www.google.com/maps/place/Animal+Vip+Cl%C3%ADnica+Veterin%C3%A1ria+-+Filial/data=!4m7!3m6!1s0x94dea7d1aca6f4e5:0x7e5ab1c9421e0910!8m2!3d-26.2144355!4d-48.9051045!16s%2Fg%2F11fb0qczss!19sChIJ5fSmrNGn3pQREAkeQsmxWn4,Não,,,Pendente,,,,Não,Google Maps exibe Adicionar website; verificado em 13/08/2026.,veterinaria
HAUS TIER Centro Veterinário,Clínica Veterinária,4734241737,Joinville,https://www.google.com/maps/place/HAUS+TIER+Centro+Veterin%C3%A1rio/data=!4m7!3m6!1s0x94dea668d4ccc4dd:0xaaacfabb81737c5!8m2!3d-26.2030268!4d-48.9073875!16s%2Fg%2F12625bht3!19sChIJ3cTM1Gim3pQRxTcXuKvPqgo,Não,,,Pendente,,,,Não,Google Maps exibe Adicionar website; verificado em 13/08/2026.,veterinaria
Agropecuária Japonês,Clínica Veterinária,47999757184,Joinville,https://www.google.com/maps/place/Agropecu%C3%A1ria+Japon%C3%AAs/data=!4m7!3m6!1s0x94deb151dbc6098b:0x34f1fcff3c34e784!8m2!3d-26.33942!4d-48.809193!16s%2Fg%2F11bvcvj80z!19sChIJiwnG21Gx3pQRhOc0PP_88TQ,Não,,,Pendente,,,,Não,Google Maps exibe Adicionar website; verificado em 13/08/2026.,veterinaria
Pet Shop Seu Amigo Feliz,Clínica Veterinária,4734545869,Joinville,https://www.google.com/maps/place/Pet+Shop+Seu+Amigo+Feliz/data=!4m7!3m6!1s0x94debb388ded1dd9:0x25855bc47aa6b1b7!8m2!3d-26.3372062!4d-48.8971243!16s%2Fg%2F11h1m3nd2y!19sChIJ2R3tjTi73pQRt7GmesRbhSU,Não,,,Pendente,,,,Não,Google Maps exibe Adicionar website; verificado em 13/08/2026.,veterinaria
Agropecuária Rancho Amigo,Clínica Veterinária,47984062377,Joinville,https://www.google.com/maps/place/Agropecu%C3%A1ria+Rancho+Amigo/data=!4m7!3m6!1s0x94debb9b2f5c913f:0x914992a4bd3b97fa!8m2!3d-26.3348685!4d-48.903978!16s%2Fg%2F11zb3sjv2b!19sChIJP5FcL5u73pQR-pc7vaSSSZE,Não,,,Pendente,,,,Não,Google Maps exibe Adicionar website; verificado em 13/08/2026.,veterinaria
Cani&Gatti - Fernanda Reis,Clínica Veterinária,47984085168,Joinville,https://www.google.com/maps/place/Cani%26Gatti+-+Fernanda+Reis/data=!4m7!3m6!1s0x94debaf53426aaa9:0x81e2f41b360046e6!8m2!3d-26.3384746!4d-48.8823378!16s%2Fg%2F11g8f7fd6c!19sChIJqaomNPW63pQR5kYANhv04oE,Não,,,Pendente,,,,Não,Google Maps exibe Adicionar website; verificado em 13/08/2026.,veterinaria
Agropecuária Eler,Clínica Veterinária,47999220872,Joinville,https://www.google.com/maps/place/Agropecu%C3%A1ria+Eler/data=!4m7!3m6!1s0x94debaf420a76b77:0x5c30ba1248befc6!8m2!3d-26.3370281!4d-48.9051454!16s%2Fg%2F11ggr59tk5!19sChIJd2unIPS63pQRxu-LJKELwwU,Não,,,Pendente,,,,Não,Google Maps exibe Adicionar website; verificado em 13/08/2026.,veterinaria
Agropecuária JM,Clínica Veterinária,47984922745,Joinville,https://www.google.com/maps/place/Agropecu%C3%A1ria+JM/data=!4m7!3m6!1s0x94debaef1b5ee3a7:0xad8331f9bd722ae8!8m2!3d-26.3284842!4d-48.9080253!16s%2Fg%2F11bv6ptm6m!19sChIJp-NeG--63pQR6Cpyvfkxg60,Não,,,Pendente,,,,Não,Google Maps exibe Adicionar website; verificado em 13/08/2026.,veterinaria
Comunidade Terapêutica Rosa de Saron,Clínica Veterinária,4734262721,Joinville,https://www.google.com/maps/place/Comunidade+Terap%C3%AAutica+Rosa+de+Saron/data=!4m7!3m6!1s0x94deb0870b068f2f:0x28d2ab848ca99c81!8m2!3d-26.340601!4d-48.87136!16s%2Fg%2F1vcl4xqp!19sChIJL48GC4ew3pQRgZypjISr0ig,Não,,,Pendente,,,,Não,Google Maps exibe Adicionar website; verificado em 13/08/2026.,veterinaria
Consultório Veterinário Mônica Voltolini,Clínica Veterinária,47996776291,Joinville,https://www.google.com/maps/place/Consult%C3%B3rio+Veterin%C3%A1rio+M%C3%B4nica+Voltolini/data=!4m7!3m6!1s0x94deaffb4cdea59b:0x46eae6ebfe2298b6!8m2!3d-26.2701499!4d-48.852521!16s%2Fg%2F11ftnlgbx0!19sChIJm6XeTPuv3pQRtpgi_uvm6kY,Não,,,Pendente,,,,Não,Google Maps exibe Adicionar website; verificado em 13/08/2026.,veterinaria
Consultório Veterinário Dra Jordana Quadros,Clínica Veterinária,47988275505,Joinville,https://www.google.com/maps/place/Consult%C3%B3rio+Veterin%C3%A1rio+Dra+Jordana+Quadros/data=!4m7!3m6!1s0x94deafee47f6444d:0xde0a1453ceebc5a2!8m2!3d-26.2657892!4d-48.8480354!16s%2Fg%2F11mdb64vxc!19sChIJTUT2R-6v3pQRosXrzlMUCt4,Não,,,Pendente,,,,Não,Google Maps exibe Adicionar website; verificado em 13/08/2026.,veterinaria
Thamy Pet,Clínica Veterinária,47999367465,Joinville,https://www.google.com/maps/place/Thamy+Pet/data=!4m7!3m6!1s0x94deaff3b5d5ca09:0xecda7383c1c7ac94!8m2!3d-26.2750579!4d-48.855418!16s%2Fg%2F11y02grqkk!19sChIJCcrVtfOv3pQRlKzHwYNz2uw,Não,,,Pendente,,,,Não,Google Maps exibe Adicionar website; verificado em 13/08/2026.,veterinaria
Lavi Vet - Clínica Veterinária,Clínica Veterinária,47992926332,Joinville,https://www.google.com/maps/place/Lavi+Vet+-+Cl%C3%ADnica+Veterin%C3%A1ria/data=!4m7!3m6!1s0x94deaf0bec522dd3:0x9f4f23240a3d4284!8m2!3d-26.2667737!4d-48.8400731!16s%2Fg%2F11wmj4y22l!19sChIJ0y1S7Auv3pQRhEI9CiQjT58,Não,,,Pendente,,,,Não,Google Maps exibe Adicionar website; verificado em 13/08/2026.,veterinaria
DRA. JAQUELINE TURNES,Clínica Veterinária,47999650266,Joinville,https://www.google.com/maps/place/DRA.+JAQUELINE+TURNES/data=!4m7!3m6!1s0x94deafd0aaa6a383:0xdc4cffc7add7cf53!8m2!3d-26.2683722!4d-48.8462923!16s%2Fg%2F11g_t9f7t!19sChIJg6OmqtCv3pQRU8_Xrcf_TNw,Não,,,Pendente,,,,Não,Google Maps exibe Adicionar website; verificado em 13/08/2026.,veterinaria
Agropecuária Catarinense,Agropecuária,47997420644,Joinville,https://www.google.com/maps/place/Agropecu%C3%A1ria+Catarinense/data=!4m7!3m6!1s0x94deb6cf74e0afb5:0x616eea5406742f1c!8m2!3d-26.3606153!4d-48.8270849!16s%2Fg%2F11bv6pdbqt!19sChIJta_gdM-23pQRHC90BlTqbmE,Não,,,Pendente,,,,Não,Google Maps exibe Adicionar website; verificado em 13/08/2026.,agropecuaria
Agropecuária Piu Piu,Agropecuária,4734650861,Joinville,https://www.google.com/maps/place/Agropecu%C3%A1ria+Piu+Piu/data=!4m7!3m6!1s0x94deb6c1b7614b51:0x950acbd95cee25f4!8m2!3d-26.3686382!4d-48.8227437!16s%2Fg%2F11bccgm5qv!19sChIJUUtht8G23pQR9CXuXNnLCpU,Não,,,Pendente,,,,Não,Google Maps exibe Adicionar website; verificado em 13/08/2026.,agropecuaria
Agropecuária Agropet Heinzen,Agropecuária,47997720329,Joinville,https://www.google.com/maps/place/Agropecu%C3%A1ria+Agropet+Heinzen/data=!4m7!3m6!1s0x94deb12d77d92c73:0xb50bda302a0befc!8m2!3d-26.348871!4d-48.8275527!16s%2Fg%2F11yzc2kjgm!19sChIJcyzZdy2x3pQR_L6gAqO9UAs,Não,,,Pendente,,,,Não,Google Maps exibe Adicionar website; verificado em 13/08/2026.,agropecuaria
Agropecuária Agromart,Agropecuária,4734660272,Joinville,https://www.google.com/maps/place/Agropecu%C3%A1ria+Agromart/data=!4m7!3m6!1s0x94deb6ca6591bfd5:0x6540b10b9208661a!8m2!3d-26.3528519!4d-48.8205262!16s%2Fg%2F11b8d4k5fh!19sChIJ1b-RZcq23pQRGmYIkguxQGU,Não,,,Pendente,,,,Não,Google Maps exibe Adicionar website; verificado em 13/08/2026.,agropecuaria
Agropecuária Petrópolis,Agropecuária,4732273631,Joinville,https://www.google.com/maps/place/Agropecu%C3%A1ria+Petr%C3%B3polis/data=!4m7!3m6!1s0x94deb1a4bbeec343:0xcdde88a6c018b24c!8m2!3d-26.3455454!4d-48.8336701!16s%2Fg%2F11rkj96jnl!19sChIJQ8Puu6Sx3pQRTLIYwKaI3s0,Não,,,Pendente,,,,Não,Google Maps exibe Adicionar website; verificado em 13/08/2026.,agropecuaria
Agromil Agropet Joinville,Agropecuária,4734364720,Joinville,https://www.google.com/maps/place/Agromil+Agropet+Joinville/data=!4m7!3m6!1s0x94deb12f107ea4f5:0x4f37d9a27bff7f46!8m2!3d-26.3462064!4d-48.8329788!16s%2Fg%2F11b88vndn4!19sChIJ9aR-EC-x3pQRRn__e6LZN08,Não,,,Pendente,,,,Não,Google Maps exibe Adicionar website; verificado em 13/08/2026.,agropecuaria
LaPet,Agropecuária,47999534019,Joinville,https://www.google.com/maps/place/LaPet/data=!4m7!3m6!1s0x94deb7728f09a53f:0x2a15a03ac0aebd80!8m2!3d-26.3686004!4d-48.8397811!16s%2Fg%2F11n3wxl41r!19sChIJP6UJj3K33pQRgL2uwDqgFSo,Não,,,Pendente,,,,Não,Google Maps exibe Adicionar website; verificado em 13/08/2026.,agropecuaria
Agropecuária La Casa de Ración,Agropecuária,47988142917,Joinville,https://www.google.com/maps/place/Agropecu%C3%A1ria+La+Casa+de+Raci%C3%B3n/data=!4m7!3m6!1s0x94deb533125cde6d:0x83bb68c3cb68f889!8m2!3d-26.3859109!4d-48.8200948!16s%2Fg%2F11q4g7hbjq!19sChIJbd5cEjO13pQRifhoy8Nou4M,Não,,,Pendente,,,,Não,Google Maps exibe Adicionar website; verificado em 13/08/2026.,agropecuaria
Comercial Guarani,Agropecuária,47996717270,Joinville,https://www.google.com/maps/place/Comercial+Guarani/data=!4m7!3m6!1s0x94deb7d3e69cd707:0x12ba7be4af2e8450!8m2!3d-26.3553963!4d-48.8059594!16s%2Fg%2F11rhzmbnwd!19sChIJB9ec5tO33pQRUIQur-R7uhI,Não,,,Pendente,,,,Não,Google Maps exibe Adicionar website; verificado em 13/08/2026.,agropecuaria
Comercial Joinvillense Rações,Agropecuária,4734666714,Joinville,https://www.google.com/maps/place/Comercial+Joinvillense+Ra%C3%A7%C3%B5es/data=!4m7!3m6!1s0x94deb11a313e8a1b:0x1448a94b644925aa!8m2!3d-26.3523394!4d-48.8194562!16s%2Fg%2F11b6hmx9zv!19sChIJG4o-MRqx3pQRqiVJZEupSBQ,Não,,,Pendente,,,,Não,Google Maps exibe Adicionar website; verificado em 13/08/2026.,agropecuaria
Expresso Rural Alimentos do Campo,Agropecuária,47991900065,Joinville,https://www.google.com/maps/place/Expresso+Rural+Alimentos+do+Campo/data=!4m7!3m6!1s0x94deafc6ae4b7e71:0x1e66c1760d4e3cad!8m2!3d-26.3014637!4d-48.8638568!16s%2Fg%2F11d_xjgp2j!19sChIJcX5Lrsav3pQRrTxODXbBZh4,Não,,,Pendente,,,,Não,Google Maps exibe Adicionar website; verificado em 13/08/2026.,agropecuaria
Sementes da Terra Produtos Naturais,Agropecuária,4730283643,Joinville,https://www.google.com/maps/place/Sementes+da+Terra+Produtos+Naturais/data=!4m7!3m6!1s0x94deaff2ef23f5ef:0x32fce8c296dec499!8m2!3d-26.2709997!4d-48.871937!16s%2Fg%2F11f50tbwl0!19sChIJ7_Uj7_Kv3pQRmcTelsLo_DI,Não,,,Pendente,,,,Não,Google Maps exibe Adicionar website; verificado em 13/08/2026.,agropecuaria
Agrolar | Material de Construção | Agropecuária | ferragens | Ferramentas | Artigos de Pesca | Loja de madeira | Ração,Agropecuária,47996411529,Joinville,https://www.google.com/maps/place/Agrolar+%7C+Material+de+Constru%C3%A7%C3%A3o+%7C+Agropecu%C3%A1ria+%7C+ferragens+%7C+Ferramentas+%7C+Artigos+de+Pesca+%7C+Loja+de+madeira+%7C+Ra%C3%A7%C3%A3o/data=!4m7!3m6!1s0x94debbc7fe721093:0xaf61cd5c22ed9920!8m2!3d-26.325401!4d-48.9087333!16s%2Fg%2F11lgvgsvtc!19sChIJkxBy_se73pQRIJntIlzNYa8,Não,,,Pendente,,,,Não,Google Maps exibe Adicionar website; verificado em 13/08/2026.,agropecuaria
Loja Rural,Agropecuária,4734331828,Joinville,https://www.google.com/maps/place/Loja+Rural/data=!4m7!3m6!1s0x94deb1b60ef185fd:0xe1bff540a21bf1c9!8m2!3d-26.3040216!4d-48.8792335!16s%2Fg%2F11vjx3w01k!19sChIJ_YXxDrax3pQRyfEbokD1v-E,Não,,,Pendente,,,,Não,Google Maps exibe Adicionar website; verificado em 13/08/2026.,agropecuaria
Comercial Paulo Schroeder,Agropecuária,4734552620,Joinville,https://www.google.com/maps/place/Comercial+Paulo+Schroeder/data=!4m7!3m6!1s0x94deb0ff49e79055:0xd4c4eb38d60d4547!8m2!3d-26.3204419!4d-48.8443852!16s%2Fg%2F11bv2gk2h5!19sChIJVZDnSf-w3pQRR0UN1jjrxNQ,Não,,,Pendente,,,,Não,Google Maps exibe Adicionar website; verificado em 13/08/2026.,agropecuaria
Agropecuária Hoffmann,Agropecuária,4734368715,Joinville,https://www.google.com/maps/place/Agropecu%C3%A1ria+Hoffmann/data=!4m7!3m6!1s0x94deb13ff6356879:0xa4be0bef8c0a978a!8m2!3d-26.346316!4d-48.8424384!16s%2Fg%2F11f5lrngfh!19sChIJeWg19j-x3pQRipcKjO8LvqQ,Não,,,Pendente,,,,Não,Google Maps exibe Adicionar website; verificado em 13/08/2026.,agropecuaria
Agropecuária Agroverdi Joinville,Agropecuária,47997637219,Joinville,https://www.google.com/maps/place/Agropecu%C3%A1ria+Agroverdi+Joinville/data=!4m7!3m6!1s0x94deb145d366ffbf:0xc6395823975e2096!8m2!3d-26.3356024!4d-48.8143701!16s%2Fg%2F11xf5653p!19sChIJv_9m00Wx3pQRliBelyNYOcY,Não,,,Pendente,,,,Não,Google Maps exibe Adicionar website; verificado em 13/08/2026.,agropecuaria
Agro Comercial Arthena,Agropecuária,4734396551,Joinville,https://www.google.com/maps/place/Agro+Comercial+Arthena/data=!4m7!3m6!1s0x94deb6ba1a5eb045:0xa07f68549612309c!8m2!3d-26.3580948!4d-48.8140628!16s%2Fg%2F11bv6ptz6b!19sChIJRbBeGrq23pQRnDASllRof6A,Não,,,Pendente,,,,Não,Google Maps exibe Adicionar website; verificado em 13/08/2026.,agropecuaria
Pet Lovers | Estética e Cuidado Animal,Agropecuária,47991194009,Joinville,https://www.google.com/maps/place/Pet+Lovers+%7C+Est%C3%A9tica+e+Cuidado+Animal/data=!4m7!3m6!1s0x94deb119346cb809:0x145a944bd66692f1!8m2!3d-26.3054439!4d-48.8533029!16s%2Fg%2F11y49f6dtt!19sChIJCbhsNBmx3pQR8ZJm1kuUWhQ,Não,,,Pendente,,,,Não,Google Maps exibe Adicionar website; verificado em 13/08/2026.,agropecuaria
AGRO BR São Marcos,Agropecuária,4730301215,Joinville,https://www.google.com/maps/place/AGRO+BR+S%C3%A3o+Marcos/data=!4m7!3m6!1s0x94deb18dfae94cb5:0xc1a1da247da1f8c4!8m2!3d-26.3205874!4d-48.8756465!16s%2Fg%2F11srrgdd3w!19sChIJtUzp-o2x3pQRxPihfSTaocE,Não,,,Pendente,,,,Não,Google Maps exibe Adicionar website; verificado em 13/08/2026.,agropecuaria
AJB Pet - Sua loja de aquarismo,Agropecuária,47996316707,Joinville,https://www.google.com/maps/place/AJB+Pet+-+Sua+loja+de+aquarismo/data=!4m7!3m6!1s0x94deb1ce14a13cd3:0xf03bec0bbe7aa3ba!8m2!3d-26.2797095!4d-48.8412492!16s%2Fg%2F11rzg2gyf_!19sChIJ0zyhFM6x3pQRuqN6vgvsO_A,Não,,,Pendente,,,,Não,Google Maps exibe Adicionar website; verificado em 13/08/2026.,agropecuaria
Santa Maria Comércio Cereais,Agropecuária,4730266721,Joinville,https://www.google.com/maps/place/Santa+Maria+Com%C3%A9rcio+Cereais/data=!4m7!3m6!1s0x94deb04d48875717:0x46c450662bdc3233!8m2!3d-26.307065!4d-48.8400509!16s%2Fg%2F1tf2570w!19sChIJF1eHSE2w3pQRMzLcK2ZQxEY,Não,,,Pendente,,,,Não,Google Maps exibe Adicionar website; verificado em 13/08/2026.,agropecuaria
Agro Shop Bepler,Agropecuária,47992818718,Joinville,https://www.google.com/maps/place/Agro+Shop+Bepler/data=!4m7!3m6!1s0x94dea562d6defdcd:0xf581f9fdfcf5f2e0!8m2!3d-26.2648247!4d-48.8823009!16s%2Fg%2F11bvt4fn9x!19sChIJzf3e1mKl3pQR4PL1_P35gfU,Não,,,Pendente,,,,Não,Google Maps exibe Adicionar website; verificado em 13/08/2026.,agropecuaria
Agropecuária Animazoo,Agropecuária,47997945038,Joinville,https://www.google.com/maps/place/Agropecu%C3%A1ria+Animazoo/data=!4m7!3m6!1s0x94dea7fcf4e28207:0x37a26400f48680cb!8m2!3d-26.2741828!4d-48.88452!16s%2Fg%2F11nnzkvc_c!19sChIJB4Li9Pyn3pQRy4CG9ABkojc,Não,,,Pendente,,,,Não,Google Maps exibe Adicionar website; verificado em 13/08/2026.,agropecuaria
A Produtiva Fert,Agropecuária,47988743017,Joinville,https://www.google.com/maps/place/A+Produtiva+Fert/data=!4m7!3m6!1s0x94dea5672564eeed:0xfc55dd2e0294e57!8m2!3d-26.2733!4d-48.8856908!16s%2Fg%2F11pww14k6d!19sChIJ7e5kJWel3pQRV04p4NJdxQ8,Não,,,Pendente,,,,Não,Google Maps exibe Adicionar website; verificado em 13/08/2026.,agropecuaria
Agropecuária Vargas,Agropecuária,47999727736,Joinville,https://www.google.com/maps/place/Agropecu%C3%A1ria+Vargas/data=!4m7!3m6!1s0x94dea537a24955c1:0x96bd15290631de3a!8m2!3d-26.2920514!4d-48.9092861!16s%2Fg%2F11f6zv7__y!19sChIJwVVJojel3pQROt4xBikVvZY,Não,,,Pendente,,,,Não,Google Maps exibe Adicionar website; verificado em 13/08/2026.,agropecuaria
Sales Agropecuária,Agropecuária,47999747364,Joinville,https://www.google.com/maps/place/Sales+Agropecu%C3%A1ria/data=!4m7!3m6!1s0x94dea576481bae8f:0xc391a27e30371a1!8m2!3d-26.2897944!4d-48.9208692!16s%2Fg%2F11v02y920p!19sChIJj64bSHal3pQRoXED4ycaOQw,Não,,,Pendente,,,,Não,Google Maps exibe Adicionar website; verificado em 13/08/2026.,agropecuaria
Agropecuária Padilha,Agropecuária,47997455845,Joinville,https://www.google.com/maps/place/Agropecu%C3%A1ria+Padilha/data=!4m7!3m6!1s0x94dea5325f04c6c1:0xb8ab98f36f0ca5fa!8m2!3d-26.2867878!4d-48.9098158!16s%2Fg%2F11vd756dj2!19sChIJwcYEXzKl3pQR-qUMb_OYq7g,Não,,,Pendente,,,,Não,Google Maps exibe Adicionar website; verificado em 13/08/2026.,agropecuaria
Ração Ville Delivery,Agropecuária,47996560028,Joinville,https://www.google.com/maps/place/Ra%C3%A7%C3%A3o+Ville+Delivery/data=!4m7!3m6!1s0x94dea5741e5dc1b9:0xc8b699cf789c328f!8m2!3d-26.2924849!4d-48.9266734!16s%2Fg%2F11y6m22tkc!19sChIJucFdHnSl3pQRjzKceM-Ztsg,Não,,,Pendente,,,,Não,Google Maps exibe Adicionar website; verificado em 13/08/2026.,agropecuaria
Bio Flora Produtos Naturais,Agropecuária,4734362356,Joinville,https://www.google.com/maps/place/Bio+Flora+Produtos+Naturais/data=!4m7!3m6!1s0x94deb0e130bc5cff:0xd9700e0dd598d8de!8m2!3d-26.3353625!4d-48.8441885!16s%2Fg%2F11bv2lqx5m!19sChIJ_1y8MOGw3pQR3tiY1Q0OcNk,Não,,,Pendente,,,,Não,Google Maps exibe Adicionar website; verificado em 13/08/2026.,agropecuaria
Agropecuária Familiar,Agropecuária,47984577045,Joinville,https://www.google.com/maps/place/Agropecu%C3%A1ria+Familiar/data=!4m7!3m6!1s0x94deb47224dee83b:0xc9e08a5f25bc37cf!8m2!3d-26.3420558!4d-48.7749336!16s%2Fg%2F11dxf352_f!19sChIJO-jeJHK03pQRzze8JV-K4Mk,Não,,,Pendente,,,,Não,Google Maps exibe Adicionar website; verificado em 13/08/2026.,agropecuaria
Agromais agropecuária,Agropecuária,47997589257,Joinville,https://www.google.com/maps/place/Agromais+agropecu%C3%A1ria/data=!4m7!3m6!1s0x94deb5177cda26a9:0xa41f29216bc7516d!8m2!3d-26.3511964!4d-48.7965637!16s%2Fg%2F11v05w_dwm!19sChIJqSbafBe13pQRbVHHayEpH6Q,Não,,,Pendente,,,,Não,Google Maps exibe Adicionar website; verificado em 13/08/2026.,agropecuaria
Agropet Bicho Nobre,Agropecuária,4733054567,Joinville,https://www.google.com/maps/place/Agropet+Bicho+Nobre/data=!4m7!3m6!1s0x94deae3df6d25029:0xaccc3116505cba72!8m2!3d-26.2579672!4d-48.8199566!16s%2Fg%2F11bvt5jnhk!19sChIJKVDS9j2u3pQRcrpcUBYxzKw,Não,,,Pendente,,,,Não,Google Maps exibe Adicionar website; verificado em 13/08/2026.,agropecuaria
Agropecuária Agroville,Agropecuária,4730175333,Joinville,https://www.google.com/maps/place/Agropecu%C3%A1ria+Agroville/data=!4m7!3m6!1s0x94deafb0fde0f831:0x4a725aa3211b29ff!8m2!3d-26.2486234!4d-48.8161088!16s%2Fg%2F11hds0_f_n!19sChIJMfjg_bCv3pQR_ykbIaNacko,Não,,,Pendente,,,,Não,Google Maps exibe Adicionar website; verificado em 13/08/2026.,agropecuaria
Agropecuária Jacupiranga,Agropecuária,47996564035,Joinville,https://www.google.com/maps/place/Agropecu%C3%A1ria+Jacupiranga/data=!4m7!3m6!1s0x94deae701494a35f:0xfc13cc359fee32ff!8m2!3d-26.2396942!4d-48.8084056!16s%2Fg%2F11bv3vcr89!19sChIJX6OUFHCu3pQR_zLunzXME_w,Não,,,Pendente,,,,Não,Google Maps exibe Adicionar website; verificado em 13/08/2026.,agropecuaria
Agro Shop Mar Azul,Agropecuária,47984485065,Joinville,https://www.google.com/maps/place/Agro+Shop+Mar+Azul/data=!4m7!3m6!1s0x94deaf8807d152b1:0x397c9a280bea9566!8m2!3d-26.2474597!4d-48.8102539!16s%2Fg%2F11vd0tthcz!19sChIJsVLRB4iv3pQRZpXqCyiafDk,Não,,,Pendente,,,,Não,Google Maps exibe Adicionar website; verificado em 13/08/2026.,agropecuaria
Galego Agropecuária e Floricultura,Agropecuária,4734392923,Joinville,https://www.google.com/maps/place/Galego+Agropecu%C3%A1ria+e+Floricultura/data=!4m7!3m6!1s0x94deb1e5566712a7:0xd92c10bfb3d3c793!8m2!3d-26.2780076!4d-48.8099542!16s%2Fg%2F11bv6pr1zn!19sChIJpxJnVuWx3pQRk8fTs78QLNk,Não,,,Pendente,,,,Não,Google Maps exibe Adicionar website; verificado em 13/08/2026.,agropecuaria
Agro Pet Dois Primos,Agropecuária,4730174991,Joinville,https://www.google.com/maps/place/Agro+Pet+Dois+Primos/data=!4m7!3m6!1s0x94deaf57cd972409:0xa5af438b4646293c!8m2!3d-26.2593957!4d-48.802204!16s%2Fg%2F11jfs2cy8t!19sChIJCSSXzVev3pQRPClGRotDr6U,Não,,,Pendente,,,,Não,Google Maps exibe Adicionar website; verificado em 13/08/2026.,agropecuaria
Agrop. do Alemão,Agropecuária,4734378215,Joinville,https://www.google.com/maps/place/Agrop.+do+Alem%C3%A3o/data=!4m7!3m6!1s0x94deae045d98c8c7:0x17df06da6f0f7779!8m2!3d-26.2611027!4d-48.8066032!16s%2Fg%2F11bvt3n3t6!19sChIJx8iYXQSu3pQReXcPb9oG3xc,Não,,,Pendente,,,,Não,Google Maps exibe Adicionar website; verificado em 13/08/2026.,agropecuaria
Marpet e Cia,Agropecuária,4734373986,Joinville,https://www.google.com/maps/place/Marpet+e+Cia/data=!4m7!3m6!1s0x94deb1e2bbcdc219:0x6bec2ae01614347b!8m2!3d-26.2694245!4d-48.8103681!16s%2Fg%2F11f3r2lhmg!19sChIJGcLNu-Kx3pQRezQUFuAq7Gs,Não,,,Pendente,,,,Não,Google Maps exibe Adicionar website; verificado em 13/08/2026.,agropecuaria
Agropets,Agropecuária,47999464869,Joinville,https://www.google.com/maps/place/Agropets/data=!4m7!3m6!1s0x94deb1003a162c65:0x9388ad34b5fdfe16!8m2!3d-26.2960328!4d-48.8181098!16s%2Fg%2F11w28c77t1!19sChIJZSwWOgCx3pQRFv79tTStiJM,Não,,,Pendente,,,,Não,Google Maps exibe Adicionar website; verificado em 13/08/2026.,agropecuaria
Agropecuária AgroMais,Agropecuária,47991885086,Joinville,https://www.google.com/maps/place/Agropecu%C3%A1ria+AgroMais/data=!4m7!3m6!1s0x94deb11e87e54ec7:0x3fea3ff1a82b2822!8m2!3d-26.2969139!4d-48.8185299!16s%2Fg%2F11vywkdktr!19sChIJx07lhx6x3pQRIigrqPE_6j8,Não,,,Pendente,,,,Não,Google Maps exibe Adicionar website; verificado em 13/08/2026.,agropecuaria
Bicho Rei Pet Shop,Agropecuária,4730276923,Joinville,https://www.google.com/maps/place/Bicho+Rei+Pet+Shop/data=!4m7!3m6!1s0x94deb1bb5c2093f7:0xc335d3690dbe28a!8m2!3d-26.3028447!4d-48.825974!16s%2Fg%2F11c45kc2sd!19sChIJ95MgXLux3pQRiuLbkDZdMww,Não,,,Pendente,,,,Não,Google Maps exibe Adicionar website; verificado em 13/08/2026.,agropecuaria
Golfinho Petshop,Agropecuária,4734391703,Joinville,https://www.google.com/maps/place/Golfinho+Petshop/data=!4m7!3m6!1s0x94deb1bb484e7863:0x3777bbf414fcbaaf!8m2!3d-26.302606!4d-48.8257987!16s%2Fg%2F11bzwn4x1b!19sChIJY3hOSLux3pQRr7r8FPS7dzc,Não,,,Pendente,,,,Não,Google Maps exibe Adicionar website; verificado em 13/08/2026.,agropecuaria
ZAAV Arquitetura,Arquitetura,47988885072,Joinville,https://www.google.com/maps/place/ZAAV+Arquitetura/data=!4m7!3m6!1s0x94deb010ae1810e7:0xa219f9492d36a668!8m2!3d-26.2946414!4d-48.8538345!16s%2Fg%2F11bvvzlnpz!19sChIJ5xAYrhCw3pQRaKY2LUn5GaI,Não,,,Pendente,,,,Não,Google Maps exibe Adicionar website; verificado em 13/08/2026.,arquitetura
Ealia Arquitetura Joinville,Arquitetura,47988596718,Joinville,https://www.google.com/maps/place/Ealia+Arquitetura+Joinville/data=!4m7!3m6!1s0x65f4a0ccca60904f:0xf0412519d7835ca1!8m2!3d-26.3196866!4d-48.826212!16s%2Fg%2F11kc2brws0!19sChIJT5Bgysyg9GURoVyD1xklQfA,Não,,,Pendente,,,,Não,Google Maps exibe Adicionar website; verificado em 13/08/2026.,arquitetura
Grupo de Arquitetura E&R,Arquitetura,4730292690,Joinville,https://www.google.com/maps/place/Grupo+de+Arquitetura+E%26R/data=!4m7!3m6!1s0x94deb0f3a664488f:0xae474e8d75bf18d7!8m2!3d-26.3304587!4d-48.857424!16s%2Fg%2F1pv013p5x!19sChIJj0hkpvOw3pQR1xi_dY1OR64,Não,,,Pendente,,,,Não,Google Maps exibe Adicionar website; verificado em 13/08/2026.,arquitetura
Estúdio Criativo Arquitetura e Interiores,Arquitetura,4730172777,Joinville,https://www.google.com/maps/place/Est%C3%BAdio+Criativo+Arquitetura+e+Interiores/data=!4m7!3m6!1s0x94deb165d9e60669:0xa51ae1fb7343ad76!8m2!3d-26.3246795!4d-48.8617305!16s%2Fg%2F1v62jtd5!19sChIJaQbm2WWx3pQRdq1Dc_vhGqU,Não,,,Pendente,,,,Não,Google Maps exibe Adicionar website; verificado em 13/08/2026.,arquitetura
SZOMA Arquitetura Corporativa e Industrial,Arquitetura,4730256475,Joinville,https://www.google.com/maps/place/SZOMA+Arquitetura+Corporativa+e+Industrial/data=!4m7!3m6!1s0x94deb1540325a9f1:0xfbb34127c2004877!8m2!3d-26.2921696!4d-48.845642!16s%2Fg%2F11q7zkx08w!19sChIJ8aklA1Sx3pQRd0gAwidBs_s,Não,,,Pendente,,,,Não,Google Maps exibe Adicionar website; verificado em 13/08/2026.,arquitetura
Projeção Arquitetura e Engenharia,Arquitetura,4734365310,Joinville,https://www.google.com/maps/place/Proje%C3%A7%C3%A3o+Arquitetura+e+Engenharia/data=!4m7!3m6!1s0x94deb16b03cfde09:0xf2e43b1623f1d18d!8m2!3d-26.3270012!4d-48.8173642!16s%2Fg%2F113hg8v3d!19sChIJCd7PA2ux3pQRjdHxIxY75PI,Não,,,Pendente,,,,Não,Google Maps exibe Adicionar website; verificado em 13/08/2026.,arquitetura
Volles Arquitetura,Arquitetura,4733072645,Joinville,https://www.google.com/maps/place/Volles+Arquitetura/data=!4m7!3m6!1s0x94deb044eb2ef6df:0x193def871b383249!8m2!3d-26.3159063!4d-48.8633625!16s%2Fg%2F11b81v84r9!19sChIJ3_Yu60Sw3pQRSTI4G4fvPRk,Não,,,Pendente,,,,Não,Google Maps exibe Adicionar website; verificado em 13/08/2026.,arquitetura
Studio 3x1 - Arquitetura e Interiores,Arquitetura,47997157057,Joinville,https://www.google.com/maps/place/Studio+3x1+-+Arquitetura+e+Interiores/data=!4m7!3m6!1s0x94deb17298e77945:0x2e89213fcaee5567!8m2!3d-26.3028172!4d-48.8511776!16s%2Fg%2F11q19gxbj0!19sChIJRXnnmHKx3pQRZ1Xuyj8hiS4,Não,,,Pendente,,,,Não,Google Maps exibe Adicionar website; verificado em 13/08/2026.,arquitetura
Jéssica Cagnini Arquitetura e interiores,Arquitetura,47999785485,Joinville,https://www.google.com/maps/place/J%C3%A9ssica+Cagnini+Arquitetura+e+interiores/data=!4m7!3m6!1s0x94deb19d564e77a3:0x3f9f3239b0ec8c11!8m2!3d-26.3045704!4d-48.8465415!16s%2Fg%2F11f65cvbsw!19sChIJo3dOVp2x3pQREYzssDkynz8,Não,,,Pendente,,,,Não,Google Maps exibe Adicionar website; verificado em 13/08/2026.,arquitetura
Bauhaus Studio,Arquitetura,4730292137,Joinville,https://www.google.com/maps/place/Bauhaus+Studio/data=!4m7!3m6!1s0x94deb03b79b8d70d:0xa7668d4eb54e9bb2!8m2!3d-26.2956985!4d-48.8543367!16s%2Fg%2F11bv1p94w2!19sChIJDde4eTuw3pQRsptOtU6NZqc,Não,,,Pendente,,,,Não,Google Maps exibe Adicionar website; verificado em 13/08/2026.,arquitetura
Delai arquitetura,Arquitetura,47999526910,Joinville,https://www.google.com/maps/place/Delai+arquitetura/data=!4m7!3m6!1s0x94deb0248800001f:0x1b70498935646df5!8m2!3d-26.2911345!4d-48.8544118!16s%2Fg%2F11gzt82t3!19sChIJHwAAiCSw3pQR9W1kNYlJcBs,Não,,,Pendente,,,,Não,Google Maps exibe Adicionar website; verificado em 13/08/2026.,arquitetura
ARQS Arquitetura,Arquitetura,47984110596,Joinville,https://www.google.com/maps/place/ARQS+Arquitetura/data=!4m7!3m6!1s0x94deb1d3587c6a65:0x464c5623033d9cdb!8m2!3d-26.2822438!4d-48.8362654!16s%2Fg%2F11dyzn89zt!19sChIJZWp8WNOx3pQR25w9AyNWTEY,Não,,,Pendente,,,,Não,Google Maps exibe Adicionar website; verificado em 13/08/2026.,arquitetura
Singular Arquitetura e Planejamento,Arquitetura,47997530003,Joinville,https://www.google.com/maps/place/Singular+Arquitetura+e+Planejamento/data=!4m7!3m6!1s0x94deb1997dda6b37:0x11b686310b341b98!8m2!3d-26.316204!4d-48.8637482!16s%2Fg%2F11p5kqn__h!19sChIJN2vafZmx3pQRmBs0CzGGthE,Não,,,Pendente,,,,Não,Google Maps exibe Adicionar website; verificado em 13/08/2026.,arquitetura
Spot Arquitetos,Arquitetura,47991601555,Joinville,https://www.google.com/maps/place/Spot+Arquitetos/data=!4m7!3m6!1s0x94deaf85ac6245a9:0x9c03c8c4f7e82aa3!8m2!3d-26.3002598!4d-48.8532216!16s%2Fg%2F11f7720fc0!19sChIJqUVirIWv3pQRoyro98TIA5w,Não,,,Pendente,,,,Não,Google Maps exibe Adicionar website; verificado em 13/08/2026.,arquitetura
JASS Joinville Arquitetos SS,Arquitetura,47991335357,Joinville,https://www.google.com/maps/place/JASS+Joinville+Arquitetos+SS/data=!4m7!3m6!1s0x94deb040007d6c81:0x37e2244871b6ef10!8m2!3d-26.3051517!4d-48.8597063!16s%2Fg%2F11h0ng2zp!19sChIJgWx9AECw3pQREO-2cUgk4jc,Não,,,Pendente,,,,Não,Google Maps exibe Adicionar website; verificado em 13/08/2026.,arquitetura
Espaço Criativo Arquitetura e Interiores,Arquitetura,47996606821,Joinville,https://www.google.com/maps/place/Espa%C3%A7o+Criativo+Arquitetura+e+Interiores/data=!4m7!3m6!1s0x94deb110e7459109:0x7e77534f1d2ec888!8m2!3d-26.3204611!4d-48.8521319!16s%2Fg%2F11t7n3l2vs!19sChIJCZFF5xCx3pQRiMguHU9Td34,Não,,,Pendente,,,,Não,Google Maps exibe Adicionar website; verificado em 13/08/2026.,arquitetura
Studio Scala Arquitetura,Arquitetura,47992021229,Joinville,https://www.google.com/maps/place/Studio+Scala+Arquitetura/data=!4m7!3m6!1s0x94deb1537db5f93f:0x5c603bba9cf7b329!8m2!3d-26.3190694!4d-48.8489974!16s%2Fg%2F11fljq7qgw!19sChIJP_m1fVOx3pQRKbP3nLo7YFw,Não,,,Pendente,,,,Não,Google Maps exibe Adicionar website; verificado em 13/08/2026.,arquitetura
Gil Bessa Arquiteto,Arquitetura,47991071108,Joinville,https://www.google.com/maps/place/Gil+Bessa+Arquiteto/data=!4m7!3m6!1s0x94deb05cb83c67bb:0x6e8b7e7c93db7846!8m2!3d-26.3143885!4d-48.8559681!16s%2Fg%2F1tfjgpjl!19sChIJu2c8uFyw3pQRRnjbk3x-i24,Não,,,Pendente,,,,Não,Google Maps exibe Adicionar website; verificado em 13/08/2026.,arquitetura
D Mais Arquitetura e Engenharia,Arquitetura,47996787511,Joinville,https://www.google.com/maps/place/D+Mais+Arquitetura+e+Engenharia/data=!4m7!3m6!1s0x94deb112223ed753:0xe7e35ed6607355b5!8m2!3d-26.315188!4d-48.8603996!16s%2Fg%2F11g0g_wrwh!19sChIJU9c-IhKx3pQRtVVzYNZe4-c,Não,,,Pendente,,,,Não,Google Maps exibe Adicionar website; verificado em 13/08/2026.,arquitetura
Maikon Kaiser | Arquitetura & Planejamento,Arquitetura,47996077741,Joinville,https://www.google.com/maps/place/Maikon+Kaiser+%7C+Arquitetura+%26+Planejamento/data=!4m7!3m6!1s0x94deb1855ea57e91:0x2461e30be13296a7!8m2!3d-26.3183251!4d-48.8565674!16s%2Fg%2F11h19709bm!19sChIJkX6lXoWx3pQRp5Yy4QvjYSQ,Não,,,Pendente,,,,Não,Google Maps exibe Adicionar website; verificado em 13/08/2026.,arquitetura
Abacate,Arquitetura,47992022002,Joinville,https://www.google.com/maps/place/Abacate/data=!4m7!3m6!1s0x94deb1a1378844ff:0x7ce1d91aaed5e9fe!8m2!3d-26.3233059!4d-48.8559032!16s%2Fg%2F11q_qzpmkm!19sChIJ_0SIN6Gx3pQR_unVrhrZ4Xw,Não,,,Pendente,,,,Não,Google Maps exibe Adicionar website; verificado em 13/08/2026.,arquitetura
Aneliza Bozzola,Arquitetura,47999642222,Joinville,https://www.google.com/maps/place/Aneliza+Bozzola/data=!4m7!3m6!1s0x94deb04496c3f75f:0x5d4e5e97167bf76c!8m2!3d-26.3114362!4d-48.8535615!16s%2Fg%2F11bwfh_tf4!19sChIJX_fDlkSw3pQRbPd7FpdeTl0,Não,,,Pendente,,,,Não,Google Maps exibe Adicionar website; verificado em 13/08/2026.,arquitetura
Spazio Engenharia e Arquitetura,Arquitetura,4730273555,Joinville,https://www.google.com/maps/place/Spazio+Engenharia+e+Arquitetura/data=!4m7!3m6!1s0x94deb051b2e98b21:0xfa3991ad6f3959a2!8m2!3d-26.3121393!4d-48.8473384!16s%2Fg%2F1pt_t0l0_!19sChIJIYvpslGw3pQRolk5b62ROfo,Não,,,Pendente,,,,Não,Google Maps exibe Adicionar website; verificado em 13/08/2026.,arquitetura
EZ Projetos e Interiores,Arquitetura,4730436413,Joinville,https://www.google.com/maps/place/EZ+Projetos+e+Interiores/data=!4m7!3m6!1s0x94deafa26833e135:0xe18c2af1ea27e463!8m2!3d-26.2962449!4d-48.8649396!16s%2Fg%2F11h0jq8qjl!19sChIJNeEzaKKv3pQRY-Qn6vEqjOE,Não,,,Pendente,,,,Não,Google Maps exibe Adicionar website; verificado em 13/08/2026.,arquitetura
Voss Arquitetura e Engenharia,Arquitetura,47997489361,Joinville,https://www.google.com/maps/place/Voss+Arquitetura+e+Engenharia/data=!4m7!3m6!1s0x94deb1dd452d3417:0xa8f3ffab86d3883!8m2!3d-26.314728!4d-48.8591508!16s%2Fg%2F11vr04ljr2!19sChIJFzQtRd2x3pQRgzhtuPo_jwo,Não,,,Pendente,,,,Não,Google Maps exibe Adicionar website; verificado em 13/08/2026.,arquitetura
Agnes Schwartz Arquitetura Ltda,Arquitetura,47988112367,Joinville,https://www.google.com/maps/place/Agnes+Schwartz+Arquitetura+Ltda/data=!4m7!3m6!1s0x94deb1d10743fed9:0xd3aba845c5fba0ac!8m2!3d-26.2832681!4d-48.832376!16s%2Fg%2F1th5dqm9!19sChIJ2f5DB9Gx3pQRrKD7xUWoq9M,Não,,,Pendente,,,,Não,Google Maps exibe Adicionar website; verificado em 13/08/2026.,arquitetura
Centro de Criação,Arquitetura,47984216688,Joinville,https://www.google.com/maps/place/Centro+de+Cria%C3%A7%C3%A3o/data=!4m7!3m6!1s0x94deb02d43fe4361:0x910b8fc24f810ec4!8m2!3d-26.2878823!4d-48.8406983!16s%2Fg%2F11b86dczvq!19sChIJYUP-Qy2w3pQRxA6BT8KPC5E,Não,,,Pendente,,,,Não,Google Maps exibe Adicionar website; verificado em 13/08/2026.,arquitetura
Márcio Batista Arquitetura,Arquitetura,4730431216,Joinville,https://www.google.com/maps/place/M%C3%A1rcio+Batista+Arquitetura/data=!4m7!3m6!1s0x94deb0348c3b3c8f:0x8c04c0f6439ade57!8m2!3d-26.295092!4d-48.8416745!16s%2Fg%2F11bv5tw8sv!19sChIJjzw7jDSw3pQRV96aQ_bABIw,Não,,,Pendente,,,,Não,Google Maps exibe Adicionar website; verificado em 13/08/2026.,arquitetura
FOCCUS ARQUITETURA E ENGENHARIA LTDA,Arquitetura,47997636138,Joinville,https://www.google.com/maps/place/FOCCUS+ARQUITETURA+E+ENGENHARIA+LTDA/data=!4m7!3m6!1s0x94deaf5ebeb61433:0x353fdefe89ef0ab6!8m2!3d-26.2749443!4d-48.8668876!16s%2Fg%2F11ghfbskl1!19sChIJMxS2vl6v3pQRtgrvif7ePzU,Não,,,Pendente,,,,Não,Google Maps exibe Adicionar website; verificado em 13/08/2026.,arquitetura
Pegoretti Arquitetura e Construção,Arquitetura,4730280003,Joinville,https://www.google.com/maps/place/Pegoretti+Arquitetura+e+Constru%C3%A7%C3%A3o/data=!4m7!3m6!1s0x94deb1a68f6a7225:0x921e487b7681da29!8m2!3d-26.2880914!4d-48.8798372!16s%2Fg%2F1vh_9jb_!19sChIJJXJqj6ax3pQRKdqBdntIHpI,Não,,,Pendente,,,,Não,Google Maps exibe Adicionar website; verificado em 13/08/2026.,arquitetura
Paula Costa,Arquitetura,47984185985,Joinville,https://www.google.com/maps/place/Paula+Costa/data=!4m7!3m6!1s0x94deb00036f9e199:0x95206d4537153ada!8m2!3d-26.2930887!4d-48.8779815!16s%2Fg%2F11fy4f9528!19sChIJmeH5NgCw3pQR2joVN0VtIJU,Não,,,Pendente,,,,Não,Google Maps exibe Adicionar website; verificado em 13/08/2026.,arquitetura
Âmbito Arquitetura,Arquitetura,4741010250,Joinville,https://www.google.com/maps/place/%C3%82mbito+Arquitetura/data=!4m7!3m6!1s0x94deafeae301359f:0x5599906ddd72d362!8m2!3d-26.2687762!4d-48.8621996!16s%2Fg%2F11f1241tjh!19sChIJnzUB4-qv3pQRYtNy3W2QmVU,Não,,,Pendente,,,,Não,Google Maps exibe Adicionar website; verificado em 13/08/2026.,arquitetura
RVB Arquitetura Consultoria e Construções Ltda,Arquitetura,47999952187,Joinville,https://www.google.com/maps/place/RVB+Arquitetura+Consultoria+e+Constru%C3%A7%C3%B5es+Ltda/data=!4m7!3m6!1s0x94deafe53be7961b:0x60f3fa49bdbeed73!8m2!3d-26.2808608!4d-48.8687578!16s%2Fg%2F11gzw0sfw!19sChIJG5bnO-Wv3pQRc-2-vUn682A,Não,,,Pendente,,,,Não,Google Maps exibe Adicionar website; verificado em 13/08/2026.,arquitetura
Lux Arquitetura e Engenharia Ltda,Arquitetura,47999004997,Joinville,https://www.google.com/maps/place/Lux+Arquitetura+e+Engenharia+Ltda/data=!4m7!3m6!1s0x94deafdce53efcab:0xa1a1e5ff95b7cd71!8m2!3d-26.2793307!4d-48.8658047!16s%2Fg%2F11fjty4gjd!19sChIJq_w-5dyv3pQRcc23lf_loaE,Não,,,Pendente,,,,Não,Google Maps exibe Adicionar website; verificado em 13/08/2026.,arquitetura
408 Engenharia e Arquitetura,Arquitetura,47997005636,Joinville,https://www.google.com/maps/place/408+Engenharia+e+Arquitetura/data=!4m7!3m6!1s0x94deaf7144e78e73:0x850d2ca06bbf3c2!8m2!3d-26.2686546!4d-48.87508!16s%2Fg%2F11mw7lxplh!19sChIJc47nRHGv3pQRwvO7BsrSUAg,Não,,,Pendente,,,,Não,Google Maps exibe Adicionar website; verificado em 13/08/2026.,arquitetura
Carolina Maia Arquitetura e Interiores,Arquitetura,47999540410,Joinville,https://www.google.com/maps/place/Carolina+Maia+Arquitetura+e+Interiores/data=!4m7!3m6!1s0x94deaf106b2b1d13:0x8aa41a49404691db!8m2!3d-26.2648426!4d-48.8676571!16s%2Fg%2F11mvgy16_w!19sChIJEx0raxCv3pQR25FGQEkapIo,Não,,,Pendente,,,,Não,Google Maps exibe Adicionar website; verificado em 13/08/2026.,arquitetura
Adriano Gorges,Arquitetura,47988703174,Joinville,https://www.google.com/maps/place/Adriano+Gorges/data=!4m7!3m6!1s0x94dea53939d5965d:0x3aa57ddc9569d42f!8m2!3d-26.2944036!4d-48.9020753!16s%2Fg%2F11wc8rgm7f!19sChIJXZbVOTml3pQRL9Rpldx9pTo,Não,,,Pendente,,,,Não,Google Maps exibe Adicionar website; verificado em 13/08/2026.,arquitetura
Winter Arquitetura e Engenharia,Arquitetura,47991697317,Joinville,https://www.google.com/maps/place/Winter+Arquitetura+e+Engenharia/data=!4m7!3m6!1s0x94deb1c9c2f15cc1:0xe119ded7bc984821!8m2!3d-26.2958416!4d-48.8738735!16s%2Fg%2F11h7d9ps4k!19sChIJwVzxwsmx3pQRIUiYvNfeGeE,Não,,,Pendente,,,,Não,Google Maps exibe Adicionar website; verificado em 13/08/2026.,arquitetura
"Épya Arquitetura, Interiores e Engenharia",Arquitetura,4730265539,Joinville,"https://www.google.com/maps/place/%C3%89pya+Arquitetura,+Interiores+e+Engenharia/data=!4m7!3m6!1s0x94dea55685c81e5b:0x900fdbad208396ab!8m2!3d-26.2883054!4d-48.8829372!16s%2Fg%2F11c1rfz8ph!19sChIJWx7IhVal3pQRq5aDIK3bD5A",Não,,,Pendente,,,,Não,Google Maps exibe Adicionar website; verificado em 13/08/2026.,arquitetura
Hagel Arquitetura,Arquitetura,47988058928,Joinville,https://www.google.com/maps/place/Hagel+Arquitetura/data=!4m7!3m6!1s0x94deb18206a1e325:0xcf19bee8e9f705e4!8m2!3d-26.293129!4d-48.8678762!16s%2Fg%2F11yzn3x8bm!19sChIJJeOhBoKx3pQR5AX36ei-Gc8,Não,,,Pendente,,,,Não,Google Maps exibe Adicionar website; verificado em 13/08/2026.,arquitetura
VW Soluções,Arquitetura,47992577168,Joinville,https://www.google.com/maps/place/VW+Solu%C3%A7%C3%B5es/data=!4m7!3m6!1s0x94dea549a800909d:0xcd54e3e0e891bd70!8m2!3d-26.2921382!4d-48.8976317!16s%2Fg%2F11g6py18gm!19sChIJnZAAqEml3pQRcL2R6ODjVM0,Não,,,Pendente,,,,Não,Google Maps exibe Adicionar website; verificado em 13/08/2026.,arquitetura
Fontana Projetos,Arquitetura,47999520300,Joinville,https://www.google.com/maps/place/Fontana+Projetos/data=!4m7!3m6!1s0x94deb1e439ad6d4b:0x7e686d6409e3c053!8m2!3d-26.3276734!4d-48.8527499!16s%2Fg%2F11l33nkd4r!19sChIJS22tOeSx3pQRU8DjCWRtaH4,Não,,,Pendente,,,,Não,Google Maps exibe Adicionar website; verificado em 13/08/2026.,arquitetura
Camila Furtado Arquitetura,Arquitetura,4730273501,Joinville,https://www.google.com/maps/place/Camila+Furtado+Arquitetura/data=!4m7!3m6!1s0x94deb02620a8cccd:0x7d2573b84e18f017!8m2!3d-26.335187!4d-48.8549708!16s%2Fg%2F11b81v2_9p!19sChIJzcyoICaw3pQRF_AYTrhzJX0,Não,,,Pendente,,,,Não,Google Maps exibe Adicionar website; verificado em 13/08/2026.,arquitetura
PROJ,Arquitetura,47996184337,Joinville,https://www.google.com/maps/place/PROJ/data=!4m7!3m6!1s0x94deb129efb61f31:0xfdadc2c7e5ede75a!8m2!3d-26.3342851!4d-48.8459245!16s%2Fg%2F11jlz9xqwl!19sChIJMR-27ymx3pQRWuft5cfCrf0,Não,,,Pendente,,,,Não,Google Maps exibe Adicionar website; verificado em 13/08/2026.,arquitetura
Formatus Engenharia e Arquitetura,Arquitetura,47999683824,Joinville,https://www.google.com/maps/place/Formatus+Engenharia+e+Arquitetura/data=!4m7!3m6!1s0x94deb1023e41b011:0x3450f26d811f0edd!8m2!3d-26.3230341!4d-48.838392!16s%2Fg%2F11g6x8_84_!19sChIJEbBBPgKx3pQR3Q4fgW3yUDQ,Não,,,Pendente,,,,Não,Google Maps exibe Adicionar website; verificado em 13/08/2026.,arquitetura
"Studio Luana Mattos, essência q",Arquitetura,47996008834,Joinville,"https://www.google.com/maps/place/Studio+Luana+Mattos,+ess%C3%AAncia+q/data=!4m7!3m6!1s0x94deafb4f83e19df:0x6cc8a5b9879da039!8m2!3d-26.339395!4d-48.7995745!16s%2Fg%2F11ys2l1hlp!19sChIJ3xk--LSv3pQROaCdh7mlyGw",Não,,,Pendente,,,,Não,Google Maps exibe Adicionar website; verificado em 13/08/2026.,arquitetura
CLV Arquitetura,Arquitetura,47996094546,Joinville,https://www.google.com/maps/place/CLV+Arquitetura/data=!4m7!3m6!1s0x94deb1f667eae6c3:0x760f9c155e432666!8m2!3d-26.3193021!4d-48.8426626!16s%2Fg%2F11px0jpknx!19sChIJw-bqZ_ax3pQRZiZDXhWcD3Y,Não,,,Pendente,,,,Não,Google Maps exibe Adicionar website; verificado em 13/08/2026.,arquitetura
ENGE W Projetos e Construções,Arquitetura,47991268755,Joinville,https://www.google.com/maps/place/ENGE+W+Projetos+e+Constru%C3%A7%C3%B5es/data=!4m7!3m6!1s0x94deb15b5ecb0849:0x652ef74e8a2f589c!8m2!3d-26.323159!4d-48.8384434!16s%2Fg%2F11fm_3_zzh!19sChIJSQjLXlux3pQRnFgvik73LmU,Não,,,Pendente,,,,Não,Google Maps exibe Adicionar website; verificado em 13/08/2026.,arquitetura
"Studio Solis Arquitetura, Engenharia e Empreiteira",Arquitetura,47991358292,Joinville,"https://www.google.com/maps/place/Studio+Solis+Arquitetura,+Engenharia+e+Empreiteira/data=!4m7!3m6!1s0x94deb53e2063a963:0x5d01542ce5e19755!8m2!3d-26.3445158!4d-48.7900569!16s%2Fg%2F11qh65t0lt!19sChIJY6ljID613pQRVZfh5SxUAV0",Não,,,Pendente,,,,Não,Google Maps exibe Adicionar website; verificado em 13/08/2026.,arquitetura
Bouki Design,Arquitetura,47996457226,Joinville,https://www.google.com/maps/place/Bouki+Design/data=!4m7!3m6!1s0x94deb724f8e9937b:0x6c79b07a7f9b7043!8m2!3d-26.3655232!4d-48.8276192!16s%2Fg%2F11sj_f2_02!19sChIJe5Pp-CS33pQRQ3Cbf3qweWw,Não,,,Pendente,,,,Não,Google Maps exibe Adicionar website; verificado em 13/08/2026.,arquitetura
MF Design & Fios Tecnológicos,Arquitetura,47996327139,Joinville,https://www.google.com/maps/place/MF+Design+%26+Fios+Tecnol%C3%B3gicos/data=!4m7!3m6!1s0x94deb7e5883814f9:0x8de42b01ec9f9450!8m2!3d-26.3621339!4d-48.8163965!16s%2Fg%2F11z8k_2sz0!19sChIJ-RQ4iOW33pQRUJSf7AEr5I0,Não,,,Pendente,,,,Não,Google Maps exibe Adicionar website; verificado em 13/08/2026.,arquitetura
Dunzer Construção e Engenharia,Arquitetura,47996869130,Joinville,https://www.google.com/maps/place/Dunzer+Constru%C3%A7%C3%A3o+e+Engenharia/data=!4m7!3m6!1s0x94deb7b438fb9a43:0x4fdd790e54f48467!8m2!3d-26.362424!4d-48.8169233!16s%2Fg%2F11ntp1jk8q!19sChIJQ5r7OLS33pQRZ4T0VA553U8,Não,,,Pendente,,,,Não,Google Maps exibe Adicionar website; verificado em 13/08/2026.,arquitetura
Jaci Souza Beauty Studio,Arquitetura,47997412971,Joinville,https://www.google.com/maps/place/Jaci+Souza+Beauty+Studio/data=!4m7!3m6!1s0x94deb700602344a7:0xa10ef18fc371786d!8m2!3d-26.3675403!4d-48.8319454!16s%2Fg%2F11x6g6c2gt!19sChIJp0QjYAC33pQRbXhxw4_xDqE,Não,,,Pendente,,,,Não,Google Maps exibe Adicionar website; verificado em 13/08/2026.,arquitetura
Anderson Ferreira Designer Gráfico,Arquitetura,47992296508,Joinville,https://www.google.com/maps/place/Anderson+Ferreira+Designer+Gr%C3%A1fico/data=!4m7!3m6!1s0x94deb7c01984efd9:0x9928fa3b8c625553!8m2!3d-26.3829669!4d-48.8211615!16s%2Fg%2F11g24gmc7d!19sChIJ2e-EGcC33pQRU1VijDv6KJk,Não,,,Pendente,,,,Não,Google Maps exibe Adicionar website; verificado em 13/08/2026.,arquitetura
GD Guiando no Digital,Arquitetura,47989123729,Joinville,https://www.google.com/maps/place/GD+Guiando+no+Digital/data=!4m7!3m6!1s0x94deb1b94b36855f:0xff3f72a2e79b8565!8m2!3d-26.3713592!4d-48.8246249!16s%2Fg%2F11zj_hxw_b!19sChIJX4U2S7mx3pQRZYWb56JyP_8,Não,,,Pendente,,,,Não,Google Maps exibe Adicionar website; verificado em 13/08/2026.,arquitetura
Consultoria de Arquitetura - Jackeline Nardes,Arquitetura,47992380343,Joinville,https://www.google.com/maps/place/Consultoria+de+Arquitetura+-+Jackeline+Nardes/data=!4m7!3m6!1s0x94deafa7266203cd:0x6832d16371ad2fd2!8m2!3d-26.261236!4d-48.8152296!16s%2Fg%2F11sb0z2x0z!19sChIJzQNiJqev3pQR0i-tcWPRMmg,Não,,,Pendente,,,,Não,Google Maps exibe Adicionar website; verificado em 13/08/2026.,arquitetura
Studio Danilo Pinheiro Arquiteto Joinville,Arquitetura,47997272651,Joinville,https://www.google.com/maps/place/Studio+Danilo+Pinheiro+Arquiteto+Joinville/data=!4m7!3m6!1s0x7795d1ac01a02b7:0x588d0e4d0f31e85a!8m2!3d-26.2634028!4d-48.9629094!16s%2Fg%2F11vyhhsm3t!19sChIJtwIawBpdeQcRWugxD00OjVg,Não,,,Pendente,,,,Não,Google Maps exibe Adicionar website; verificado em 13/08/2026.,arquitetura
Conceito Engenharia e Projetos,Arquitetura,47984130706,Joinville,https://www.google.com/maps/place/Conceito+Engenharia+e+Projetos/data=!4m7!3m6!1s0x94deaf5d631e876f:0x4ea9e77999bb31c!8m2!3d-26.2510123!4d-48.8194139!16s%2Fg%2F11gxrwnftw!19sChIJb4ceY12v3pQRHLObmXee6gQ,Não,,,Pendente,,,,Não,Google Maps exibe Adicionar website; verificado em 13/08/2026.,arquitetura
Duo Design,Arquitetura,47992596392,Joinville,https://www.google.com/maps/place/Duo+Design/data=!4m7!3m6!1s0x94deaffb88e92c21:0x209e5823f3951230!8m2!3d-26.25705!4d-48.8227852!16s%2Fg%2F11vr4j008x!19sChIJISzpiPuv3pQRMBKV8yNYniA,Não,,,Pendente,,,,Não,Google Maps exibe Adicionar website; verificado em 13/08/2026.,arquitetura
Gabriela Francener Design & Makeup,Arquitetura,47997493322,Joinville,https://www.google.com/maps/place/Gabriela+Francener+Design+%26+Makeup/data=!4m7!3m6!1s0x94deafd28072a53b:0x1200617b92c0afa3!8m2!3d-26.2484685!4d-48.8069099!16s%2Fg%2F11j4g97nmx!19sChIJO6VygNKv3pQRo6_AknthABI,Não,,,Pendente,,,,Não,Google Maps exibe Adicionar website; verificado em 13/08/2026.,arquitetura
Betânia Winter - Studio de Beleza em Joinville,Arquitetura,47999359115,Joinville,https://www.google.com/maps/place/Bet%C3%A2nia+Winter+-+Studio+de+Beleza+em+Joinville/data=!4m7!3m6!1s0x94deaf90f3bf11d3:0x1e37186b9d977911!8m2!3d-26.2577247!4d-48.8172339!16s%2Fg%2F11mwrl64wl!19sChIJ0xG_85Cv3pQREXmXnWsYNx4,Não,,,Pendente,,,,Não,Google Maps exibe Adicionar website; verificado em 13/08/2026.,arquitetura
Macedo Arquitetura e Urbanismo,Arquitetura,47999518473,Joinville,https://www.google.com/maps/place/Macedo+Arquitetura+e+Urbanismo/data=!4m7!3m6!1s0x94deb04bede9992f:0x933b57639dfc8098!8m2!3d-26.2773748!4d-48.8114322!16s%2Fg%2F1ptxsnsld!19sChIJL5np7Uuw3pQRmID8nWNXO5M,Não,,,Pendente,,,,Não,Google Maps exibe Adicionar website; verificado em 13/08/2026.,arquitetura
Ekoah Arquitetura Design,Arquitetura,4732275951,Joinville,https://www.google.com/maps/place/Ekoah+Arquitetura+Design/data=!4m7!3m6!1s0x94deaf737b10f4d5:0x5a851c41a1eab802!8m2!3d-26.2704458!4d-48.8264194!16s%2Fg%2F11vlmc60zr!19sChIJ1fQQe3Ov3pQRArjqoUEchVo,Não,,,Pendente,,,,Não,Google Maps exibe Adicionar website; verificado em 13/08/2026.,arquitetura
Belo Arquiteto,Arquitetura,47996122900,Joinville,https://www.google.com/maps/place/Belo+Arquiteto/data=!4m7!3m6!1s0x94deb1ee16f2adad:0xcdcb35ff5b6db66c!8m2!3d-26.3000043!4d-48.8189314!16s%2Fg%2F11ycbdyrgq!19sChIJra3yFu6x3pQRbLZtW_81y80,Não,,,Pendente,,,,Não,Google Maps exibe Adicionar website; verificado em 13/08/2026.,arquitetura
Versati Arquitetura e Engenharia,Arquitetura,4734336438,Joinville,https://www.google.com/maps/place/Versati+Arquitetura+e+Engenharia/data=!4m7!3m6!1s0x94deb1afbbd2c4c7:0x6bfaf37f381497e0!8m2!3d-26.3067294!4d-48.8308654!16s%2Fg%2F12cp48blr!19sChIJx8TSu6-x3pQR4JcUOH_z-ms,Não,,,Pendente,,,,Não,Google Maps exibe Adicionar website; verificado em 13/08/2026.,arquitetura
UniSociesc - Campus Boa Vista | Curso de Arquitetura e Urbanismo,Arquitetura,4734610248,Joinville,https://www.google.com/maps/place/UniSociesc+-+Campus+Boa+Vista+%7C+Curso+de+Arquitetura+e+Urbanismo/data=!4m7!3m6!1s0x94deb1ecbfefb047:0x7d7ea88df60172c2!8m2!3d-26.2878762!4d-48.8133836!16s%2Fg%2F11f00qtp08!19sChIJR7Dvv-yx3pQRwnIB9o2ofn0,Não,,,Pendente,,,,Não,Google Maps exibe Adicionar website; verificado em 13/08/2026.,arquitetura
Studio Jaque Bridi lash designer,Arquitetura,47996480612,Joinville,https://www.google.com/maps/place/Studio+Jaque+Bridi+lash+designer/data=!4m7!3m6!1s0x94deaf866feca913:0xfcb33312935e4b6e!8m2!3d-26.2734737!4d-48.8078013!16s%2Fg%2F11h1hs2xp2!19sChIJE6nsb4av3pQRbktekxIzs_w,Não,,,Pendente,,,,Não,Google Maps exibe Adicionar website; verificado em 13/08/2026.,arquitetura
EngCivilLauroHalter,Arquitetura,47999941616,Joinville,https://www.google.com/maps/place/EngCivilLauroHalter/data=!4m7!3m6!1s0x94deb1bcb18670c5:0x4ca7985e98d7315e!8m2!3d-26.3240386!4d-48.8297374!16s%2Fg%2F11h12hxp8s!19sChIJxXCGsbyx3pQRXjHXmF6Yp0w,Não,,,Pendente,,,,Não,Google Maps exibe Adicionar website; verificado em 13/08/2026.,arquitetura
Macelay Engenharia,Arquitetura,47991834512,Joinville,https://www.google.com/maps/place/Macelay+Engenharia/data=!4m7!3m6!1s0x94deb183d5f758bb:0xb18a0f8c2ccee1b!8m2!3d-26.320689!4d-48.8139371!16s%2Fg%2F11l662gtwl!19sChIJu1j31YOx3pQRG-7MwvigGAs,Não,,,Pendente,,,,Não,Google Maps exibe Adicionar website; verificado em 13/08/2026.,arquitetura
Studio de Beleza MayJuh,Arquitetura,47984933329,Joinville,https://www.google.com/maps/place/Studio+de+Beleza+MayJuh/data=!4m7!3m6!1s0x94deb1dc585403ef:0x931a6a91357fcffb!8m2!3d-26.3278013!4d-48.8348084!16s%2Fg%2F11nxzy0rl1!19sChIJ7wNUWNyx3pQR-89_NZFqGpM,Não,,,Pendente,,,,Não,Google Maps exibe Adicionar website; verificado em 13/08/2026.,arquitetura
Decorações Guimarães,Arquitetura,47984047723,Joinville,https://www.google.com/maps/place/Decora%C3%A7%C3%B5es+Guimar%C3%A3es/data=!4m7!3m6!1s0x94deb04be31c2efd:0xe7f77487c2d873ba!8m2!3d-26.3213798!4d-48.8329777!16s%2Fg%2F1tgffj4m!19sChIJ_S4c40uw3pQRunPYwod09-c,Não,,,Pendente,,,,Não,Google Maps exibe Adicionar website; verificado em 13/08/2026.,arquitetura
Santa Catarina Engenharia e Impermeabilização,Engenharia,47996489518,Joinville,https://www.google.com/maps/place/Santa+Catarina+Engenharia+e+Impermeabiliza%C3%A7%C3%A3o/data=!4m7!3m6!1s0x94deb73e19b84a31:0x2466a7ec547d07fd!8m2!3d-26.3685989!4d-48.8241415!16s%2Fg%2F11kpy6j2k1!19sChIJMUq4GT633pQR_Qd9VOynZiQ,Não,,,Pendente,,,,Não,Google Maps exibe Adicionar website; verificado em 13/08/2026.,engenharia
EME Engenharia Cívil,Engenharia,4734297010,Joinville,https://www.google.com/maps/place/EME+Engenharia+C%C3%ADvil/data=!4m7!3m6!1s0x94deb6c2711f4737:0x2b304662d1663de4!8m2!3d-26.3650859!4d-48.8293667!16s%2Fg%2F1tgcbnv5!19sChIJN0cfccK23pQR5D1m0WJGMCs,Não,,,Pendente,,,,Não,Google Maps exibe Adicionar website; verificado em 13/08/2026.,engenharia
Engenheiro Civil Rafael Chaves Amorim - Joinville SC,Engenharia,47988150983,Joinville,https://www.google.com/maps/place/Engenheiro+Civil+Rafael+Chaves+Amorim+-+Joinville+SC/data=!4m7!3m6!1s0x288c44b71c4dc615:0xeaa98f718db3ebb3!8m2!3d-26.2843139!4d-48.8484353!16s%2Fg%2F11tffcj8td!19sChIJFcZNHLdEjCgRs-uzjXGPqeo,Não,,,Pendente,,,,Não,Google Maps exibe Adicionar website; verificado em 13/08/2026.,engenharia
vw.engenharia e construção,Engenharia,47991274812,Joinville,https://www.google.com/maps/place/vw.engenharia+e+constru%C3%A7%C3%A3o/data=!4m7!3m6!1s0x94deb116a7bd8155:0x64e24366f1dafae6!8m2!3d-26.3346599!4d-48.8038825!16s%2Fg%2F11fl46z698!19sChIJVYG9pxax3pQR5vra8WZD4mQ,Não,,,Pendente,,,,Não,Google Maps exibe Adicionar website; verificado em 13/08/2026.,engenharia
Jr Brasil Construção,Engenharia,47991790528,Joinville,https://www.google.com/maps/place/Jr+Brasil+Constru%C3%A7%C3%A3o/data=!4m7!3m6!1s0x812aa0bab4f1e549:0x868ec74da8da18c5!8m2!3d-26.3621688!4d-48.8196145!16s%2Fg%2F11t9h6rksv!19sChIJSeXxtLqgKoERxRjaqE3HjoY,Não,,,Pendente,,,,Não,Google Maps exibe Adicionar website; verificado em 13/08/2026.,engenharia
AMS Engenharia Civil. Averbação e Projetos em Joinville,Engenharia,47991682296,Joinville,https://www.google.com/maps/place/AMS+Engenharia+Civil.+Averba%C3%A7%C3%A3o+e+Projetos+em+Joinville/data=!4m7!3m6!1s0x94deb10c90f5eec9:0xbb708af15300c31e!8m2!3d-27.476103!4d-51.0826116!16s%2Fg%2F11g4jyg3_q!19sChIJye71kAyx3pQRHsMAU_GKcLs,Não,,,Pendente,,,,Não,Google Maps exibe Adicionar website; verificado em 13/08/2026.,engenharia
ENGECON ENGENHARIA,Engenharia,4730340218,Joinville,https://www.google.com/maps/place/ENGECON+ENGENHARIA/data=!4m7!3m6!1s0x94deb13d626c71f9:0xdec36b6fecb95576!8m2!3d-26.3444271!4d-48.8474042!16s%2Fg%2F11gm7z4msm!19sChIJ-XFsYj2x3pQRdlW57G9rw94,Não,,,Pendente,,,,Não,Google Maps exibe Adicionar website; verificado em 13/08/2026.,engenharia
AGNG Engenharia,Engenharia,47999121490,Joinville,https://www.google.com/maps/place/AGNG+Engenharia/data=!4m7!3m6!1s0x94deb03e3327616b:0xf287cf602279c1e5!8m2!3d-26.3025191!4d-48.8590423!16s%2Fg%2F11fy_2l6q3!19sChIJa2EnMz6w3pQR5cF5ImDPh_I,Não,,,Pendente,,,,Não,Google Maps exibe Adicionar website; verificado em 13/08/2026.,engenharia
Haas Engenharia,Engenharia,47997914352,Joinville,https://www.google.com/maps/place/Haas+Engenharia/data=!4m7!3m6!1s0x94deb10f1cc063bf:0x97ccc970150f9498!8m2!3d-26.3170595!4d-48.850372!16s%2Fg%2F11gm6ty02r!19sChIJv2PAHA-x3pQRmJQPFXDJzJc,Não,,,Pendente,,,,Não,Google Maps exibe Adicionar website; verificado em 13/08/2026.,engenharia
DRYVILLE construções inteligentes,Engenharia,47999173627,Joinville,https://www.google.com/maps/place/DRYVILLE+constru%C3%A7%C3%B5es+inteligentes/data=!4m7!3m6!1s0x94deb78e2a2cd51b:0x282d25c0e4782948!8m2!3d-26.3596269!4d-48.8249112!16s%2Fg%2F11jq1kjsqv!19sChIJG9UsKo633pQRSCl45MAlLSg,Não,,,Pendente,,,,Não,Google Maps exibe Adicionar website; verificado em 13/08/2026.,engenharia
WITT Engenharia,Engenharia,4734233699,Joinville,https://www.google.com/maps/place/WITT+Engenharia/data=!4m7!3m6!1s0x94deb036a1e08c3f:0xef79cefad790199e!8m2!3d-26.2964608!4d-48.8450529!16s%2Fg%2F11dxq81y3n!19sChIJP4zgoTaw3pQRnhmQ1_rOee8,Não,,,Pendente,,,,Não,Google Maps exibe Adicionar website; verificado em 13/08/2026.,engenharia
Ambienge Engenharia e Meio Ambiente,Engenharia,4734337058,Joinville,https://www.google.com/maps/place/Ambienge+Engenharia+e+Meio+Ambiente/data=!4m7!3m6!1s0x94deb04a31ceed77:0x7430ecd4ed708919!8m2!3d-26.301905!4d-48.8443794!16s%2Fg%2F1q2vys10c!19sChIJd-3OMUqw3pQRGYlw7dTsMHQ,Não,,,Pendente,,,,Não,Google Maps exibe Adicionar website; verificado em 13/08/2026.,engenharia
Strattos Engenharia,Engenharia,47991362500,Joinville,https://www.google.com/maps/place/Strattos+Engenharia/data=!4m7!3m6!1s0x94deb1b641c0cb67:0x206eac559b8444d3!8m2!3d-26.3044027!4d-48.8487378!16s%2Fg%2F11nb3c08g4!19sChIJZ8vAQbax3pQR00SEm1WsbiA,Não,,,Pendente,,,,Não,Google Maps exibe Adicionar website; verificado em 13/08/2026.,engenharia
Galileu Engenharia,Engenharia,4734335294,Joinville,https://www.google.com/maps/place/Galileu+Engenharia/data=!4m7!3m6!1s0x94deb04d1794be77:0x8720ec4245efbf28!8m2!3d-26.3066466!4d-48.841137!16s%2Fg%2F11cmhh954j!19sChIJd76UF02w3pQRKL_vRULsIIc,Não,,,Pendente,,,,Não,Google Maps exibe Adicionar website; verificado em 13/08/2026.,engenharia
Blatt Engenharia,Engenharia,47999833077,Joinville,https://www.google.com/maps/place/Blatt+Engenharia/data=!4m7!3m6!1s0x94dea5214b233037:0xbfe92d28221b1a54!8m2!3d-26.283482!4d-48.8494809!16s%2Fg%2F11cs3qn1_6!19sChIJNzAjSyGl3pQRVBobIigt6b8,Não,,,Pendente,,,,Não,Google Maps exibe Adicionar website; verificado em 13/08/2026.,engenharia
Jbia Engenharia,Engenharia,47991839175,Joinville,https://www.google.com/maps/place/Jbia+Engenharia/data=!4m7!3m6!1s0x94deafe2af7f1c7b:0x40affc49c28a0f66!8m2!3d-26.2774687!4d-48.853185!16s%2Fg%2F11zb2hdmll!19sChIJexx_r-Kv3pQRZg-Kwkn8r0A,Não,,,Pendente,,,,Não,Google Maps exibe Adicionar website; verificado em 13/08/2026.,engenharia
ACA Engenharia,Engenharia,4730852229,Joinville,https://www.google.com/maps/place/ACA+Engenharia/data=!4m7!3m6!1s0x94deafdca2affac5:0x7413ed59b57361fb!8m2!3d-26.2749164!4d-48.8611687!16s%2Fg%2F11fply2bpz!19sChIJxfqvotyv3pQR-2FztVntE3Q,Não,,,Pendente,,,,Não,Google Maps exibe Adicionar website; verificado em 13/08/2026.,engenharia
Moura construções e reformas,Engenharia,47999752801,Joinville,https://www.google.com/maps/place/Moura+constru%C3%A7%C3%B5es+e+reformas/data=!4m7!3m6!1s0x94deb7c871b5c18f:0x1d3b18969b8a7b6f!8m2!3d-26.3739489!4d-48.8273056!16s%2Fg%2F11rnc6y6fq!19sChIJj8G1cci33pQRb3uKm5YYOx0,Não,,,Pendente,,,,Não,Google Maps exibe Adicionar website; verificado em 13/08/2026.,engenharia
Momento Engenharia Projetos e Execuções,Engenharia,4730282908,Joinville,https://www.google.com/maps/place/Momento+Engenharia+Projetos+e+Execu%C3%A7%C3%B5es/data=!4m7!3m6!1s0x94deb047a7d5798b:0x4ab8f60a4d9ada8a!8m2!3d-26.3063971!4d-48.8557982!16s%2Fg%2F1ptyyzmql!19sChIJi3nVp0ew3pQRitqaTQr2uEo,Não,,,Pendente,,,,Não,Google Maps exibe Adicionar website; verificado em 13/08/2026.,engenharia
Giz Construções e Reformas,Engenharia,47991994640,Joinville,https://www.google.com/maps/place/Giz+Constru%C3%A7%C3%B5es+e+Reformas/data=!4m7!3m6!1s0x94deb1e117aadee9:0x9c30feec3e7cc51c!8m2!3d-26.3002967!4d-48.8533009!16s%2Fg%2F11f771vtk5!19sChIJ6d6qF-Gx3pQRHMV8Puz-MJw,Não,,,Pendente,,,,Não,Google Maps exibe Adicionar website; verificado em 13/08/2026.,engenharia
Corlet Engenharia e Construções,Engenharia,47996132895,Joinville,https://www.google.com/maps/place/Corlet+Engenharia+e+Constru%C3%A7%C3%B5es/data=!4m7!3m6!1s0x94deb1ecdbb839bb:0x2c663203d116550!8m2!3d-26.3044739!4d-48.8594896!16s%2Fg%2F11qwr898kt!19sChIJuzm42-yx3pQRUGURPSBjxgI,Não,,,Pendente,,,,Não,Google Maps exibe Adicionar website; verificado em 13/08/2026.,engenharia
EFR Engenharia,Engenharia,47996008189,Joinville,https://www.google.com/maps/place/EFR+Engenharia/data=!4m7!3m6!1s0x94deb1b4ad480357:0xbfabb32176dacb93!8m2!3d-26.3025767!4d-48.8395691!16s%2Fg%2F11bwn52ptx!19sChIJVwNIrbSx3pQRk8vadiGzq78,Não,,,Pendente,,,,Não,Google Maps exibe Adicionar website; verificado em 13/08/2026.,engenharia
SANDRI Engenharia,Engenharia,4734340334,Joinville,https://www.google.com/maps/place/SANDRI+Engenharia/data=!4m7!3m6!1s0x94deb05c15e3302b:0x5d9d4e838aedc1c3!8m2!3d-26.3176383!4d-48.8558506!16s%2Fg%2F1tp0ftqb!19sChIJKzDjFVyw3pQRw8HtioNOnV0,Não,,,Pendente,,,,Não,Google Maps exibe Adicionar website; verificado em 13/08/2026.,engenharia
SDO Engenharia,Engenharia,47991875315,Joinville,https://www.google.com/maps/place/SDO+Engenharia/data=!4m7!3m6!1s0x94deb1006cf8c83b:0x324467f9a78fd42a!8m2!3d-26.3183155!4d-48.8565195!16s%2Fg%2F11vwpr2wgm!19sChIJO8j4bACx3pQRKtSPp_lnRDI,Não,,,Pendente,,,,Não,Google Maps exibe Adicionar website; verificado em 13/08/2026.,engenharia
Engepasa Engenharia do Pavimento,Engenharia,4734332962,Joinville,https://www.google.com/maps/place/Engepasa+Engenharia+do+Pavimento/data=!4m7!3m6!1s0x94deb05b1804f043:0x801acc3a8c02452d!8m2!3d-26.3136744!4d-48.8530594!16s%2Fg%2F1w666knw!19sChIJQ_AEGFuw3pQRLUUCjDrMGoA,Não,,,Pendente,,,,Não,Google Maps exibe Adicionar website; verificado em 13/08/2026.,engenharia
Via 11-Engenharia de Segurança Viária Ltda,Engenharia,4734336007,Joinville,https://www.google.com/maps/place/Via+11-Engenharia+de+Seguran%C3%A7a+Vi%C3%A1ria+Ltda/data=!4m7!3m6!1s0x94deb05b1804f043:0xdf6b3f9bdeb148c1!8m2!3d-26.3135864!4d-48.8531959!16s%2Fg%2F1tkvbxj_!19sChIJQ_AEGFuw3pQRwUix3ps_a98,Não,,,Pendente,,,,Não,Google Maps exibe Adicionar website; verificado em 13/08/2026.,engenharia
Ratier Engenharia,Engenharia,47999919174,Joinville,https://www.google.com/maps/place/Ratier+Engenharia/data=!4m7!3m6!1s0x94deb181f545748f:0x736ad361f47fc0d2!8m2!3d-26.3121802!4d-48.8512461!16s%2Fg%2F11h04b9gxs!19sChIJj3RF9YGx3pQR0sB_9GHTanM,Não,,,Pendente,,,,Não,Google Maps exibe Adicionar website; verificado em 13/08/2026.,engenharia
AllPlace Engenharia - Projetos de Engenharia,Engenharia,47997649269,Joinville,https://www.google.com/maps/place/AllPlace+Engenharia+-+Projetos+de+Engenharia/data=!4m7!3m6!1s0x94deb1d25e11a82d:0xbcfd1ee17994ddc0!8m2!3d-26.2946592!4d-48.8405014!16s%2Fg%2F11rq14r649!19sChIJLagRXtKx3pQRwN2UeeEe_bw,Não,,,Pendente,,,,Não,Google Maps exibe Adicionar website; verificado em 13/08/2026.,engenharia
Luana Braga Engenheira Civil,Engenharia,47992051476,Joinville,https://www.google.com/maps/place/Luana+Braga+Engenheira+Civil/data=!4m7!3m6!1s0x94deb1d9595d2c75:0x3cc9038d7144d646!8m2!3d-26.2835929!4d-48.8357908!16s%2Fg%2F11h0n7yjl3!19sChIJdSxdWdmx3pQRRtZEcY0DyTw,Não,,,Pendente,,,,Não,Google Maps exibe Adicionar website; verificado em 13/08/2026.,engenharia
Engenheira Silvânia Miranda do Amaral | Perita em Engenharia Civil,Engenharia,47999848081,Joinville,https://www.google.com/maps/place/Engenheira+Silv%C3%A2nia+Miranda+do+Amaral+%7C+Perita+em+Engenharia+Civil/data=!4m7!3m6!1s0x94deb1d88bf65253:0xd2b90abe9829c711!8m2!3d-26.2857677!4d-48.8373273!16s%2Fg%2F1tfpqvdw!19sChIJU1L2i9ix3pQREccpmL4KudI,Não,,,Pendente,,,,Não,Google Maps exibe Adicionar website; verificado em 13/08/2026.,engenharia
Godoy Projetos,Engenharia,47999984469,Joinville,https://www.google.com/maps/place/Godoy+Projetos/data=!4m7!3m6!1s0x94deb6d24e5214f1:0x717531abf8caa3c!8m2!3d-26.3280998!4d-48.8455969!16s%2Fg%2F11bv3xwl1v!19sChIJ8RRSTtK23pQRPKqMvxpTFwc,Não,,,Pendente,,,,Não,Google Maps exibe Adicionar website; verificado em 13/08/2026.,engenharia
RFG Engenharia,Engenharia,47999565571,Joinville,https://www.google.com/maps/place/RFG+Engenharia/data=!4m7!3m6!1s0x861c7ff4c0218315:0x14680a79060e109e!8m2!3d-26.2654506!4d-48.8512931!16s%2Fg%2F11zkv28ptn!19sChIJFYMhwPR_HIYRnhAOBnkKaBQ,Não,,,Pendente,,,,Não,Google Maps exibe Adicionar website; verificado em 13/08/2026.,engenharia
Engenheiro Civil Izaias Lincoln,Engenharia,47999169088,Joinville,https://www.google.com/maps/place/Engenheiro+Civil+Izaias+Lincoln/data=!4m7!3m6!1s0x94deb1621c9c79e7:0x46ff3b538c5f82c3!8m2!3d-26.3182046!4d-48.8001767!16s%2Fg%2F11rwxhzrd7!19sChIJ53mcHGKx3pQRw4JfjFM7_0Y,Não,,,Pendente,,,,Não,Google Maps exibe Adicionar website; verificado em 13/08/2026.,engenharia
Geociência Engenharia,Engenharia,47991625259,Joinville,https://www.google.com/maps/place/Geoci%C3%AAncia+Engenharia/data=!4m7!3m6!1s0x94dea5d750ee8de3:0x47ff9188994c9154!8m2!3d-26.2897807!4d-48.9130124!16s%2Fg%2F11zcggzzvd!19sChIJ443uUNel3pQRVJFMmYiR_0c,Não,,,Pendente,,,,Não,Google Maps exibe Adicionar website; verificado em 13/08/2026.,engenharia
Engenheiro Civil Amauri Gomes,Engenharia,4734351324,Joinville,https://www.google.com/maps/place/Engenheiro+Civil+Amauri+Gomes/data=!4m7!3m6!1s0x94deafa73261c033:0xf9b62da2f4d02e1!8m2!3d-26.2658564!4d-48.8388728!16s%2Fg%2F11jft3vhf_!19sChIJM8BhMqev3pQR4QJNL9pimw8,Não,,,Pendente,,,,Não,Google Maps exibe Adicionar website; verificado em 13/08/2026.,engenharia
Engenheiro Civil Jelson Cassio da Silva,Engenharia,47999640625,Joinville,https://www.google.com/maps/place/Engenheiro+Civil+Jelson+Cassio+da+Silva/data=!4m7!3m6!1s0x94deaf21dbb897d5:0xa800176dec28c8c7!8m2!3d-26.2659838!4d-48.8763192!16s%2Fg%2F11yzl0w2wf!19sChIJ1Ze42yGv3pQRx8go7G0XAKg,Não,,,Pendente,,,,Não,Google Maps exibe Adicionar website; verificado em 13/08/2026.,engenharia
Jonas De Oliveira Araújo I JOA Engenharia,Engenharia,47999760865,Joinville,https://www.google.com/maps/place/Jonas+De+Oliveira+Ara%C3%BAjo+I+JOA+Engenharia/data=!4m7!3m6!1s0x445e0c05f84a830d:0x6d9c6c9d7cbe1375!8m2!3d-26.2763038!4d-48.8728493!16s%2Fg%2F11npcs_z9p!19sChIJDYNK-AUMXkQRdRO-fJ1snG0,Não,,,Pendente,,,,Não,Google Maps exibe Adicionar website; verificado em 13/08/2026.,engenharia
Asso Engenharia,Engenharia,4730277804,Joinville,https://www.google.com/maps/place/Asso+Engenharia/data=!4m7!3m6!1s0x94deafea5285696d:0x4e1d5b446ce57026!8m2!3d-26.2708394!4d-48.8865106!16s%2Fg%2F119whhq9t!19sChIJbWmFUuqv3pQRJnDlbERbHU4,Não,,,Pendente,,,,Não,Google Maps exibe Adicionar website; verificado em 13/08/2026.,engenharia
Metrios Engenharia,Engenharia,47991883077,Joinville,https://www.google.com/maps/place/Metrios+Engenharia/data=!4m7!3m6!1s0x94deafdb7bda13d1:0xe7de18bd75a9c334!8m2!3d-26.2669972!4d-48.8685145!16s%2Fg%2F11bw4s0yr_!19sChIJ0RPae9uv3pQRNMOpdb0Y3uc,Não,,,Pendente,,,,Não,Google Maps exibe Adicionar website; verificado em 13/08/2026.,engenharia
Schneider Engenheiros,Engenharia,4732073698,Joinville,https://www.google.com/maps/place/Schneider+Engenheiros/data=!4m7!3m6!1s0x94deafed6b365ccf:0x7c0b17759f6627f7!8m2!3d-26.2706175!4d-48.8687441!16s%2Fg%2F1tjbt9tx!19sChIJz1w2a-2v3pQR9ydmn3UXC3w,Não,,,Pendente,,,,Não,Google Maps exibe Adicionar website; verificado em 13/08/2026.,engenharia
PREVEST Engenharia,Engenharia,4730302370,Joinville,https://www.google.com/maps/place/PREVEST+Engenharia/data=!4m7!3m6!1s0x94deaf8cf5540001:0xb659bd2e3b116f17!8m2!3d-26.2686617!4d-48.8736855!16s%2Fg%2F11h1ltjb5y!19sChIJAQBU9Yyv3pQRF28ROy69WbY,Não,,,Pendente,,,,Não,Google Maps exibe Adicionar website; verificado em 13/08/2026.,engenharia
Marques Engenharia e Consultoria,Engenharia,47996742803,Joinville,https://www.google.com/maps/place/Marques+Engenharia+e+Consultoria/data=!4m7!3m6!1s0x94df23fae5960a25:0xb76fec119f748449!8m2!3d-26.2679096!4d-48.8598614!16s%2Fg%2F11xy_sh028!19sChIJJQqW5foj35QRSYR0nxHsb7c,Não,,,Pendente,,,,Não,Google Maps exibe Adicionar website; verificado em 13/08/2026.,engenharia
FS Engenharia,Engenharia,47996482443,Joinville,https://www.google.com/maps/place/FS+Engenharia/data=!4m7!3m6!1s0x94deaf36ea1f4c47:0x4e72c3916da376cf!8m2!3d-26.266924!4d-48.8769668!16s%2Fg%2F11g0_lw75r!19sChIJR0wf6jav3pQRz3ajbZHDck4,Não,,,Pendente,,,,Não,Google Maps exibe Adicionar website; verificado em 13/08/2026.,engenharia
Nível 10,Engenharia,47992704604,Joinville,https://www.google.com/maps/place/N%C3%ADvel+10/data=!4m7!3m6!1s0x94deaff381770643:0x5497a7b5911f1080!8m2!3d-26.274019!4d-48.874696!16s%2Fg%2F11dxkc2mr7!19sChIJQwZ3gfOv3pQRgBAfkbWnl1Q,Não,,,Pendente,,,,Não,Google Maps exibe Adicionar website; verificado em 13/08/2026.,engenharia
NOVITÀ Engenharia,Engenharia,4732070656,Joinville,https://www.google.com/maps/place/NOVIT%C3%80+Engenharia/data=!4m7!3m6!1s0x94dea563b26df0a3:0xf23547421d4330a7!8m2!3d-26.267573!4d-48.8825534!16s%2Fg%2F11fj1zpzk8!19sChIJo_BtsmOl3pQRpzBDHUJHNfI,Não,,,Pendente,,,,Não,Google Maps exibe Adicionar website; verificado em 13/08/2026.,engenharia
JSZ ENGENHARIA & CONSULTORIA,Engenharia,47996053168,Joinville,https://www.google.com/maps/place/JSZ+ENGENHARIA+%26+CONSULTORIA/data=!4m7!3m6!1s0x94dea5808bf816f1:0xd89c2ca2d9764f6b!8m2!3d-26.28143!4d-48.9072286!16s%2Fg%2F11mz5z7m0d!19sChIJ8Rb4i4Cl3pQRa0922aIsnNg,Não,,,Pendente,,,,Não,Google Maps exibe Adicionar website; verificado em 13/08/2026.,engenharia
"""S.O.S Chawischi"" Engenharia Civil",Engenharia,47988035734,Joinville,https://www.google.com/maps/place/%22S.O.S+Chawischi%22+Engenharia+Civil/data=!4m7!3m6!1s0x94dea521d50b1bfd:0x323736fb5b569976!8m2!3d-26.2963692!4d-48.9023978!16s%2Fg%2F11fktq776r!19sChIJ_RsL1SGl3pQRdplWW_s2NzI,Não,,,Pendente,,,,Não,Google Maps exibe Adicionar website; verificado em 13/08/2026.,engenharia
ROCHA ENGENHARIA E CONSULTORIA,Engenharia,47999362193,Joinville,https://www.google.com/maps/place/ROCHA+ENGENHARIA+E+CONSULTORIA/data=!4m7!3m6!1s0x94dea537b7615f29:0x3d3258f43f980c78!8m2!3d-26.292445!4d-48.9016613!16s%2Fg%2F11cnd5tp_j!19sChIJKV9htzel3pQReAyYP_RYMj0,Não,,,Pendente,,,,Não,Google Maps exibe Adicionar website; verificado em 13/08/2026.,engenharia
Propeller Engenharia | Movimentação Armazenagem e serviços,Engenharia,47988101822,Joinville,https://www.google.com/maps/place/Propeller+Engenharia+%7C+Movimenta%C3%A7%C3%A3o+Armazenagem+e+servi%C3%A7os/data=!4m7!3m6!1s0x94dea521e1872279:0xc8b0f58e32271d9e!8m2!3d-26.2842027!4d-48.9186964!16s%2Fg%2F11vcbm45yn!19sChIJeSKH4SGl3pQRnh0nMo71sMg,Não,,,Pendente,,,,Não,Google Maps exibe Adicionar website; verificado em 13/08/2026.,engenharia
SCHMIDT ENGENHARIA,Engenharia,47999128493,Joinville,https://www.google.com/maps/place/SCHMIDT+ENGENHARIA/data=!4m7!3m6!1s0x94deb12733d3079f:0x8310679e80230319!8m2!3d-26.3316435!4d-48.8465741!16s%2Fg%2F11ty74649n!19sChIJnwfTMyex3pQRGQMjgJ5nEIM,Não,,,Pendente,,,,Não,Google Maps exibe Adicionar website; verificado em 13/08/2026.,engenharia
INFRAVILLE INFRAESTRUTURA E ENGENHARIA LTDA - PÁTIO,Engenharia,47997641080,Joinville,https://www.google.com/maps/place/INFRAVILLE+INFRAESTRUTURA+E+ENGENHARIA+LTDA+-+P%C3%81TIO/data=!4m7!3m6!1s0x94deb1a5eef2b62b:0x50938c029b0d6bd9!8m2!3d-26.3337225!4d-48.8542582!16s%2Fg%2F11kk8h29c0!19sChIJK7by7qWx3pQR2WsNmwKMk1A,Não,,,Pendente,,,,Não,Google Maps exibe Adicionar website; verificado em 13/08/2026.,engenharia
B2B ENGENHARIA E MANUFATURA LTDA.,Engenharia,47999897444,Joinville,https://www.google.com/maps/place/B2B+ENGENHARIA+E+MANUFATURA+LTDA./data=!4m7!3m6!1s0x94deb14abbe06dd5:0x1c4ae3383be72d71!8m2!3d-26.3411306!4d-48.8460007!16s%2Fg%2F11xyd7_gff!19sChIJ1W3gu0qx3pQRcS3nOzjjShw,Não,,,Pendente,,,,Não,Google Maps exibe Adicionar website; verificado em 13/08/2026.,engenharia
Ritrack Engenharia e Terraplenagem,Engenharia,47996874768,Joinville,https://www.google.com/maps/place/Ritrack+Engenharia+e+Terraplenagem/data=!4m7!3m6!1s0x94deb0e7ba890985:0xb07379c2953a4d4d!8m2!3d-26.3382095!4d-48.8480582!16s%2Fg%2F11b88p97yj!19sChIJhQmJuuew3pQRTU06lcJ5c7A,Não,,,Pendente,,,,Não,Google Maps exibe Adicionar website; verificado em 13/08/2026.,engenharia
Biofractal Engenharia e Biotecnologia Ambiental,Engenharia,47999720922,Joinville,https://www.google.com/maps/place/Biofractal+Engenharia+e+Biotecnologia+Ambiental/data=!4m7!3m6!1s0x94deafa34877a259:0x9383e4b72f03c568!8m2!3d-26.3336333!4d-48.8576385!16s%2Fg%2F11c5_56n73!19sChIJWaJ3SKOv3pQRaMUDL7fkg5M,Não,,,Pendente,,,,Não,Google Maps exibe Adicionar website; verificado em 13/08/2026.,engenharia
NEXO ISEM ENGENHARIA,Engenharia,47984883707,Joinville,https://www.google.com/maps/place/NEXO+ISEM+ENGENHARIA/data=!4m7!3m6!1s0x94deb1897ffd2bfd:0xdefaae22f4e6df84!8m2!3d-26.3371702!4d-48.8515914!16s%2Fg%2F11zct3x60m!19sChIJ_Sv9f4mx3pQRhN_m9CKu-t4,Não,,,Pendente,,,,Não,Google Maps exibe Adicionar website; verificado em 13/08/2026.,engenharia
Israel Silva Engenheiro Civil,Engenharia,47996647528,Joinville,https://www.google.com/maps/place/Israel+Silva+Engenheiro+Civil/data=!4m7!3m6!1s0x27def3eb6ada4d8f:0x9bd0238b13a2190c!8m2!3d-26.3463482!4d-48.7782566!16s%2Fg%2F11s0rmq369!19sChIJj03aauvz3icRDBmiE4sj0Js,Não,,,Pendente,,,,Não,Google Maps exibe Adicionar website; verificado em 13/08/2026.,engenharia
Sl serralheria e automação,Engenharia,47997691425,Joinville,https://www.google.com/maps/place/Sl+serralheria+e+automa%C3%A7%C3%A3o/data=!4m7!3m6!1s0x94deb1f11f782b2d:0xa6bb122a3ffd4aa2!8m2!3d-26.3678749!4d-48.8193794!16s%2Fg%2F11vb7lnldy!19sChIJLSt4H_Gx3pQRokr9PyoSu6Y,Não,,,Pendente,,,,Não,Google Maps exibe Adicionar website; verificado em 13/08/2026.,engenharia
Damer Engenharia Civil,Engenharia,47984977178,Joinville,https://www.google.com/maps/place/Damer+Engenharia+Civil/data=!4m7!3m6!1s0x94deadbb5b12717d:0x33451fe61623f323!8m2!3d-26.2476277!4d-48.7977895!16s%2Fg%2F11h4g6yfs7!19sChIJfXESW7ut3pQRI_MjFuYfRTM,Não,,,Pendente,,,,Não,Google Maps exibe Adicionar website; verificado em 13/08/2026.,engenharia
FCA Construtora e Engenharia,Engenharia,47997134159,Joinville,https://www.google.com/maps/place/FCA+Construtora+e+Engenharia/data=!4m7!3m6!1s0x94dead688c6b43cd:0xc4ae7a9d8e644e2c!8m2!3d-26.2476328!4d-48.7977924!16s%2Fg%2F11y712h50y!19sChIJzUNrjGit3pQRLE5kjp16rsQ,Não,,,Pendente,,,,Não,Google Maps exibe Adicionar website; verificado em 13/08/2026.,engenharia
RM Construções,Engenharia,47996110192,Joinville,https://www.google.com/maps/place/RM+Constru%C3%A7%C3%B5es/data=!4m7!3m6!1s0x94deaffc807a492b:0xbaec5084815057c8!8m2!3d-26.2458119!4d-48.8042079!16s%2Fg%2F11jtb163_4!19sChIJK0l6gPyv3pQRyFdQgYRQ7Lo,Não,,,Pendente,,,,Não,Google Maps exibe Adicionar website; verificado em 13/08/2026.,engenharia
Profipo Material de Construção,Materiais de Construção,4734630080,Joinville,https://www.google.com/maps/place/Profipo+Material+de+Constru%C3%A7%C3%A3o/data=!4m7!3m6!1s0x94deb72f66489e25:0xa5d0c07e5b72bd45!8m2!3d-26.3680074!4d-48.8462447!16s%2Fg%2F11b8jd1kmf!19sChIJJZ5IZi-33pQRRb1yW37A0KU,Não,,,Pendente,,,,Não,Google Maps exibe Adicionar website; verificado em 13/08/2026.,materiais
Casa Feliz Material de Construção,Materiais de Construção,47997825647,Joinville,https://www.google.com/maps/place/Casa+Feliz+Material+de+Constru%C3%A7%C3%A3o/data=!4m7!3m6!1s0x94deb6a3725bfb0d:0x779e7043cdf84192!8m2!3d-26.3609802!4d-48.8075776!16s%2Fg%2F11bvcv3m9_!19sChIJDftbcqO23pQRkkH4zUNwnnc,Não,,,Pendente,,,,Não,Google Maps exibe Adicionar website; verificado em 13/08/2026.,materiais
Di Casa Comércio de Ferragens,Materiais de Construção,4734650346,Joinville,https://www.google.com/maps/place/Di+Casa+Com%C3%A9rcio+de+Ferragens/data=!4m7!3m6!1s0x94deb7ccd8dc82d9:0xb17f8c01648648a9!8m2!3d-26.3690992!4d-48.8254173!16s%2Fg%2F11lrs40s5s!19sChIJ2YLc2My33pQRqUiGZAGMf7E,Não,,,Pendente,,,,Não,Google Maps exibe Adicionar website; verificado em 13/08/2026.,materiais
JS PISOS,Materiais de Construção,4734723394,Joinville,https://www.google.com/maps/place/JS+PISOS/data=!4m7!3m6!1s0x94deb6da80432043:0xb8f220da7d8596ed!8m2!3d-26.3580795!4d-48.8313207!16s%2Fg%2F1ptzc_k3l!19sChIJQyBDgNq23pQR7ZaFfdog8rg,Não,,,Pendente,,,,Não,Google Maps exibe Adicionar website; verificado em 13/08/2026.,materiais
JP Artefatos de Cimento,Materiais de Construção,47996552008,Joinville,https://www.google.com/maps/place/JP+Artefatos+de+Cimento/data=!4m7!3m6!1s0x94deb7006a14f81b:0x92bc9900e4e0a768!8m2!3d-26.369708!4d-48.8267677!16s%2Fg%2F11lztb1dx8!19sChIJG_gUagC33pQRaKfg5ACZvJI,Não,,,Pendente,,,,Não,Google Maps exibe Adicionar website; verificado em 13/08/2026.,materiais
Cerâmica do Teco,Materiais de Construção,47996211537,Joinville,https://www.google.com/maps/place/Cer%C3%A2mica+do+Teco/data=!4m7!3m6!1s0x94deb7cffd729811:0xb43b28c9681b9b1f!8m2!3d-26.3623606!4d-48.8276527!16s%2Fg%2F11gy3ksctb!19sChIJEZhy_c-33pQRH5sbaMkoO7Q,Não,,,Pendente,,,,Não,Google Maps exibe Adicionar website; verificado em 13/08/2026.,materiais
Passos Pisos e Acabamentos,Materiais de Construção,4730289913,Joinville,https://www.google.com/maps/place/Passos+Pisos+e+Acabamentos/data=!4m7!3m6!1s0x94deb0e18659721f:0xd17d5067e40d4531!8m2!3d-26.3403209!4d-48.8136456!16s%2Fg%2F1hc43lnwh!19sChIJH3JZhuGw3pQRMUUN5GdQfdE,Não,,,Pendente,,,,Não,Google Maps exibe Adicionar website; verificado em 13/08/2026.,materiais
R.F MARMORARIA,Materiais de Construção,47991648845,Joinville,https://www.google.com/maps/place/R.F+MARMORARIA/data=!4m7!3m6!1s0x94deb7af9522deed:0x805b41a364eb2294!8m2!3d-26.3671183!4d-48.8323823!16s%2Fg%2F11z3yhk5l4!19sChIJ7d4ila-33pQRlCLrZKNBW4A,Não,,,Pendente,,,,Não,Google Maps exibe Adicionar website; verificado em 13/08/2026.,materiais
Cia & Decor,Materiais de Construção,4730251167,Joinville,https://www.google.com/maps/place/Cia+%26+Decor/data=!4m7!3m6!1s0x94deb02bc719006f:0x39814f99eb6fda9!8m2!3d-26.2831078!4d-48.8436209!16s%2Fg%2F1jkygth2d!19sChIJbwAZxyuw3pQRqf22nvkUmAM,Não,,,Pendente,,,,Não,Google Maps exibe Adicionar website; verificado em 13/08/2026.,materiais
Lojão dos Estofados,Materiais de Construção,47996158645,Joinville,https://www.google.com/maps/place/Loj%C3%A3o+dos+Estofados/data=!4m7!3m6!1s0x94deb74950f68ae7:0x4364af8cc89132a9!8m2!3d-26.3607337!4d-48.8335867!16s%2Fg%2F11h3_1n2gx!19sChIJ54r2UEm33pQRqTKRyIyvZEM,Não,,,Pendente,,,,Não,Google Maps exibe Adicionar website; verificado em 13/08/2026.,materiais
FORMACO VILLE ACABAMENTOS,Materiais de Construção,4730317779,Joinville,https://www.google.com/maps/place/FORMACO+VILLE+ACABAMENTOS/data=!4m7!3m6!1s0x94deb15cdf6d0203:0x95eb575838cb9117!8m2!3d-26.3025691!4d-48.8261354!16s%2Fg%2F11njv7yd4l!19sChIJAwJt31yx3pQRF5HLOFhX65U,Não,,,Pendente,,,,Não,Google Maps exibe Adicionar website; verificado em 13/08/2026.,materiais
Bom Retiro Casa e Construção,Materiais de Construção,47997413100,Joinville,https://www.google.com/maps/place/Bom+Retiro+Casa+e+Constru%C3%A7%C3%A3o/data=!4m7!3m6!1s0x94deafc98d0c4d79:0x2a584101108e2fee!8m2!3d-26.2620782!4d-48.8451413!16s%2Fg%2F1tdnm8dq!19sChIJeU0Mjcmv3pQR7i-OEAFBWCo,Não,,,Pendente,,,,Não,Google Maps exibe Adicionar website; verificado em 13/08/2026.,materiais
CIA DO ESPORTE,Materiais de Construção,4738013066,Joinville,https://www.google.com/maps/place/CIA+DO+ESPORTE/data=!4m7!3m6!1s0x94deb0370befffff:0x9dc76a16aa5774f5!8m2!3d-26.2985689!4d-48.8492371!16s%2Fg%2F11b88k91gj!19sChIJ___vCzew3pQR9XRXqhZqx50,Não,,,Pendente,,,,Não,Google Maps exibe Adicionar website; verificado em 13/08/2026.,materiais
DD+Design - Azulejaria diferente,Materiais de Construção,47984191958,Joinville,https://www.google.com/maps/place/DD%2BDesign+-+Azulejaria+diferente/data=!4m7!3m6!1s0x94deaffe87023b9d:0xca86482e30f87b86!8m2!3d-26.292096!4d-48.8409007!16s%2Fg%2F11df6q7qf2!19sChIJnTsCh_6v3pQRhnv4MC5Ihso,Não,,,Pendente,,,,Não,Google Maps exibe Adicionar website; verificado em 13/08/2026.,materiais
Contè Casa,Materiais de Construção,47997141173,Joinville,https://www.google.com/maps/place/Cont%C3%A8+Casa/data=!4m7!3m6!1s0x94deb1a732e4fcbf:0x10d0657fee39e8c7!8m2!3d-26.3069853!4d-48.8619327!16s%2Fg%2F11s4v3z83t!19sChIJv_zkMqex3pQRx-g57n9l0BA,Não,,,Pendente,,,,Não,Google Maps exibe Adicionar website; verificado em 13/08/2026.,materiais
Du Box,Materiais de Construção,4734664014,Joinville,https://www.google.com/maps/place/Du+Box/data=!4m7!3m6!1s0x94deb0e88279d161:0xbb97d1845dcacf1f!8m2!3d-26.306382!4d-48.8579747!16s%2Fg%2F1tf6nbxb!19sChIJYdF5guiw3pQRH8_KXYTRl7s,Não,,,Pendente,,,,Não,Google Maps exibe Adicionar website; verificado em 13/08/2026.,materiais
Casa Mil Materiais para Construção,Materiais de Construção,4734631235,Joinville,https://www.google.com/maps/place/Casa+Mil+Materiais+para+Constru%C3%A7%C3%A3o/data=!4m7!3m6!1s0x94deb46f4031036f:0xd4fcce46c32dc9ad!8m2!3d-26.3435493!4d-48.7737151!16s%2Fg%2F11b6hv3943!19sChIJbwMxQG-03pQRrcktw0bO_NQ,Não,,,Pendente,,,,Não,Google Maps exibe Adicionar website; verificado em 13/08/2026.,materiais
Adriano Revestimento,Materiais de Construção,47999012982,Joinville,https://www.google.com/maps/place/Adriano+Revestimento/data=!4m7!3m6!1s0x94deb18e37f9ecfd:0xd1fd5352ea978698!8m2!3d-26.3170698!4d-48.8525796!16s%2Fg%2F11rfn3vzq3!19sChIJ_ez5N46x3pQRmIaX6lJT_dE,Não,,,Pendente,,,,Não,Google Maps exibe Adicionar website; verificado em 13/08/2026.,materiais
Duquezza Revestimentos,Materiais de Construção,47991492223,Joinville,https://www.google.com/maps/place/Duquezza+Revestimentos/data=!4m7!3m6!1s0x94deb7ffa858bd67:0x61f83e851d509536!8m2!3d-26.360774!4d-48.8174389!16s%2Fg%2F11m2mlz74t!19sChIJZ71YqP-33pQRNpVQHYU--GE,Não,,,Pendente,,,,Não,Google Maps exibe Adicionar website; verificado em 13/08/2026.,materiais
Maferville,Materiais de Construção,4734333015,Joinville,https://www.google.com/maps/place/Maferville/data=!4m7!3m6!1s0x94deb05113452e8f:0xf853c7b6799c9fe2!8m2!3d-26.3132715!4d-48.8460911!16s%2Fg%2F1tlqr3xv!19sChIJjy5FE1Gw3pQR4p-cebbHU_g,Não,,,Pendente,,,,Não,Google Maps exibe Adicionar website; verificado em 13/08/2026.,materiais
Maxel Materiais Elétricos e MRO,Materiais de Construção,4721059100,Joinville,https://www.google.com/maps/place/Maxel+Materiais+El%C3%A9tricos+e+MRO/data=!4m7!3m6!1s0x94deb1ecfafd7d1b:0xd7f5bcea339ae365!8m2!3d-26.3233444!4d-48.855816!16s%2Fg%2F11qbqt7x58!19sChIJG339-uyx3pQRZeOaM-q89dc,Não,,,Pendente,,,,Não,Google Maps exibe Adicionar website; verificado em 13/08/2026.,materiais
Cani Materias para Construção,Materiais de Construção,4734660379,Joinville,https://www.google.com/maps/place/Cani+Materias+para+Constru%C3%A7%C3%A3o/data=!4m7!3m6!1s0x94deb14ee1e35c8b:0xd7ee36fd062cafc5!8m2!3d-26.339476!4d-48.8113221!16s%2Fg%2F1tg_y7b4!19sChIJi1zj4U6x3pQRxa8sBv027tc,Não,,,Pendente,,,,Não,Google Maps exibe Adicionar website; verificado em 13/08/2026.,materiais
Casa do Parafuso,Materiais de Construção,4734333970,Joinville,https://www.google.com/maps/place/Casa+do+Parafuso/data=!4m7!3m6!1s0x94deb0514cb78bed:0xe1b3f0176c33782b!8m2!3d-26.3148371!4d-48.845683!16s%2Fg%2F1thz2tnv!19sChIJ7Yu3TFGw3pQRK3gzbBfws-E,Não,,,Pendente,,,,Não,Google Maps exibe Adicionar website; verificado em 13/08/2026.,materiais
Materiais de Construção AGNES,Materiais de Construção,47992025037,Joinville,https://www.google.com/maps/place/Materiais+de+Constru%C3%A7%C3%A3o+AGNES/data=!4m7!3m6!1s0x94deb1972e87cabd:0xa3804df58bb6371d!8m2!3d-26.2797556!4d-48.8370324!16s%2Fg%2F11kbd4l2by!19sChIJvcqHLpex3pQRHTe2i_VNgKM,Não,,,Pendente,,,,Não,Google Maps exibe Adicionar website; verificado em 13/08/2026.,materiais
Comercial Michelaine Elétrica e Hidráulica em Geral,Materiais de Construção,4734737207,Joinville,https://www.google.com/maps/place/Comercial+Michelaine+El%C3%A9trica+e+Hidr%C3%A1ulica+em+Geral/data=!4m7!3m6!1s0x94dea5606f0150e5:0x6896fdd542cea054!8m2!3d-26.2734651!4d-48.8816463!16s%2Fg%2F11bvt2kmxl!19sChIJ5VABb2Cl3pQRVKDOQtX9lmg,Não,,,Pendente,,,,Não,Google Maps exibe Adicionar website; verificado em 13/08/2026.,materiais
Casa Azul,Materiais de Construção,4734739933,Joinville,https://www.google.com/maps/place/Casa+Azul/data=!4m7!3m6!1s0x94dea5600f50faed:0x4bfe28e23295f83f!8m2!3d-26.2732013!4d-48.8806536!16s%2Fg%2F11b8t5vh_v!19sChIJ7fpQD2Cl3pQRP_iVMuIo_ks,Não,,,Pendente,,,,Não,Google Maps exibe Adicionar website; verificado em 13/08/2026.,materiais
Casa das Tintas,Materiais de Construção,4734353453,Joinville,https://www.google.com/maps/place/Casa+das+Tintas/data=!4m7!3m6!1s0x94deaff25211378b:0x777338d5b7e79352!8m2!3d-26.2731461!4d-48.8778539!16s%2Fg%2F1v_ndndn!19sChIJizcRUvKv3pQRUpPnt9U4c3c,Não,,,Pendente,,,,Não,Google Maps exibe Adicionar website; verificado em 13/08/2026.,materiais
MM acabamento e pisos,Materiais de Construção,47997709795,Joinville,https://www.google.com/maps/place/MM+acabamento+e+pisos/data=!4m7!3m6!1s0x94dea5d22ee362db:0x96a3deb2ee6c73ad!8m2!3d-26.2669919!4d-48.8852076!16s%2Fg%2F11fjtzxxrh!19sChIJ22LjLtKl3pQRrXNs7rLeo5Y,Não,,,Pendente,,,,Não,Google Maps exibe Adicionar website; verificado em 13/08/2026.,materiais
Vivi Acabamentos,Materiais de Construção,47997443021,Joinville,https://www.google.com/maps/place/Vivi+Acabamentos/data=!4m7!3m6!1s0x94deaf0f093b8555:0x9fe58465d7b9204e!8m2!3d-26.2655605!4d-48.881083!16s%2Fg%2F11frrkbtrl!19sChIJVYU7CQ-v3pQRTiC512WE5Z8,Não,,,Pendente,,,,Não,Google Maps exibe Adicionar website; verificado em 13/08/2026.,materiais
Benevenutti Material de Construção,Materiais de Construção,4734390377,Joinville,https://www.google.com/maps/place/Benevenutti+Material+de+Constru%C3%A7%C3%A3o/data=!4m7!3m6!1s0x94deb11bb476c5a3:0xadda207bfcca44f4!8m2!3d-26.2874089!4d-48.8974915!16s%2Fg%2F1s04bb57b!19sChIJo8V2tBux3pQR9ETK_Hsg2q0,Não,,,Pendente,,,,Não,Google Maps exibe Adicionar website; verificado em 13/08/2026.,materiais
Beno Materiais de Construção,Materiais de Construção,4734395099,Joinville,https://www.google.com/maps/place/Beno+Materiais+de+Constru%C3%A7%C3%A3o/data=!4m7!3m6!1s0x94dea53b6a621a49:0xf270b9d9c4fbb4a5!8m2!3d-26.2892569!4d-48.9088897!16s%2Fg%2F1tgdv8sc!19sChIJSRpiajul3pQRpbT7xNm5cPI,Não,,,Pendente,,,,Não,Google Maps exibe Adicionar website; verificado em 13/08/2026.,materiais
Sampa Atacado de Materiais de Construção Ltda,Materiais de Construção,47996548669,Joinville,https://www.google.com/maps/place/Sampa+Atacado+de+Materiais+de+Constru%C3%A7%C3%A3o+Ltda/data=!4m7!3m6!1s0x94dea54a80779bf5:0x1e0173363378cb15!8m2!3d-26.2972951!4d-48.9003366!16s%2Fg%2F11cs3y5156!19sChIJ9Zt3gEql3pQRFct4MzZzAR4,Não,,,Pendente,,,,Não,Google Maps exibe Adicionar website; verificado em 13/08/2026.,materiais
"Decorfloor Pisos Joinville - Pisos laminados, pisos vinílico e moveis sob medida",Materiais de Construção,47991751554,Joinville,"https://www.google.com/maps/place/Decorfloor+Pisos+Joinville+-+Pisos+laminados,+pisos+vin%C3%ADlico+e+moveis+sob+medida/data=!4m7!3m6!1s0x94dea531fda3b8a9:0x63cc18a1e5decfed!8m2!3d-26.2918859!4d-48.9071003!16s%2Fg%2F11t6_gqmqq!19sChIJqbij_TGl3pQR7c_e5aEYzGM",Não,,,Pendente,,,,Não,Google Maps exibe Adicionar website; verificado em 13/08/2026.,materiais
Ferreira Mat. P/ Construção,Materiais de Construção,4734361577,Joinville,https://www.google.com/maps/place/Ferreira+Mat.+P%2F+Constru%C3%A7%C3%A3o/data=!4m7!3m6!1s0x94deb0efcf8eec59:0xa74c1e9f6f316648!8m2!3d-26.332082!4d-48.851548!16s%2Fg%2F1v_0kx6c!19sChIJWeyOz--w3pQRSGYxb58eTKc,Não,,,Pendente,,,,Não,Google Maps exibe Adicionar website; verificado em 13/08/2026.,materiais
Trevo,Materiais de Construção,4734360092,Joinville,https://www.google.com/maps/place/Trevo/data=!4m7!3m6!1s0x94deb0d3a15fc8c1:0x1251aabe4714a413!8m2!3d-26.3557967!4d-48.8465283!16s%2Fg%2F1tf5910r!19sChIJwchfodOw3pQRE6QUR76qURI,Não,,,Pendente,,,,Não,Google Maps exibe Adicionar website; verificado em 13/08/2026.,materiais
TOPP Variedades - Floresta,Materiais de Construção,47992674295,Joinville,https://www.google.com/maps/place/TOPP+Variedades+-+Floresta/data=!4m7!3m6!1s0x94deb1a0cb277c2d:0xc5be86d228c0842a!8m2!3d-26.3357204!4d-48.8478791!16s%2Fg%2F11fk4q_2pd!19sChIJLXwny6Cx3pQRKoTAKNKGvsU,Não,,,Pendente,,,,Não,Google Maps exibe Adicionar website; verificado em 13/08/2026.,materiais
Dinho Reformas e Manutenções – Empresa especializada em Reparos Reformas e Manutenções.,Reformas,47999855800,Joinville,https://www.google.com/maps/place/Dinho+Reformas+e+Manuten%C3%A7%C3%B5es+%E2%80%93+Empresa+especializada+em+Reparos+Reformas+e+Manuten%C3%A7%C3%B5es./data=!4m7!3m6!1s0x94deb6cb32e95555:0xca6ed3c428313310!8m2!3d-26.3507606!4d-48.8228638!16s%2Fg%2F11h94p60b4!19sChIJVVXpMsu23pQREDMxKMTTbso,Não,,,Pendente,,,,Não,Google Maps exibe Adicionar website; verificado em 13/08/2026.,reformas
Paulinho Reformas e Construções,Reformas,47988847711,Joinville,https://www.google.com/maps/place/Paulinho+Reformas+e+Constru%C3%A7%C3%B5es/data=!4m7!3m6!1s0x94deb78fa635443f:0xc6174cd6f3cef784!8m2!3d-26.3608792!4d-48.8046379!16s%2Fg%2F11k9t22ftt!19sChIJP0Q1po-33pQRhPfO89ZMF8Y,Não,,,Pendente,,,,Não,Google Maps exibe Adicionar website; verificado em 13/08/2026.,reformas
"Reformas Realeza / Construções, reformas manutenções",Reformas,47984645353,Joinville,"https://www.google.com/maps/place/Reformas+Realeza+%2F+Constru%C3%A7%C3%B5es,+reformas+manuten%C3%A7%C3%B5es/data=!4m7!3m6!1s0x94deb2219541d2fd:0xa2fa7711de4e9531!8m2!3d-26.2841215!4d-48.7955576!16s%2Fg%2F11bwywmtfr!19sChIJ_dJBlSGy3pQRMZVO3hF3-qI",Não,,,Pendente,,,,Não,Google Maps exibe Adicionar website; verificado em 13/08/2026.,reformas
Reformas Santos,Reformas,47984337714,Joinville,https://www.google.com/maps/place/Reformas+Santos/data=!4m7!3m6!1s0x94deb3028bf9bce7:0x80a384a01bf9ca31!8m2!3d-26.3283437!4d-48.7971498!16s%2Fg%2F11ffl_l5v8!19sChIJ57z5iwKz3pQRMcr5G6CEo4A,Não,,,Pendente,,,,Não,Google Maps exibe Adicionar website; verificado em 13/08/2026.,reformas
M.E reforma de rodas,Reformas,47997850813,Joinville,https://www.google.com/maps/place/M.E+reforma+de+rodas/data=!4m7!3m6!1s0x94deb7d4a7517c61:0xeca93e5bdc7f36c2!8m2!3d-26.3648749!4d-48.8299938!16s%2Fg%2F11zcmlnncx!19sChIJYXxRp9S33pQRwjZ_3Fs-qew,Não,,,Pendente,,,,Não,Google Maps exibe Adicionar website; verificado em 13/08/2026.,reformas
MASTE INTELIGÊNCIA EM OBRAS,Reformas,47991485823,Joinville,https://www.google.com/maps/place/MASTE+INTELIG%C3%8ANCIA+EM+OBRAS/data=!4m7!3m6!1s0x94deb108bb7f3a21:0xbb1d727255f36b4c!8m2!3d-26.3104571!4d-48.8538997!16s%2Fg%2F11wfkwzmbh!19sChIJITp_uwix3pQRTGvzVXJyHbs,Não,,,Pendente,,,,Não,Google Maps exibe Adicionar website; verificado em 13/08/2026.,reformas
Empreiteira Gonçalves,Reformas,4730853330,Joinville,https://www.google.com/maps/place/Empreiteira+Gon%C3%A7alves/data=!4m7!3m6!1s0x94deb1390aeafe61:0x37cad1430e1cd598!8m2!3d-26.3385504!4d-48.8234205!16s%2Fg%2F11c3n1w802!19sChIJYf7qCjmx3pQRmNUcDkPRyjc,Não,,,Pendente,,,,Não,Google Maps exibe Adicionar website; verificado em 13/08/2026.,reformas
Construbel Empreiteira de Mão de Obra,Reformas,4734363274,Joinville,https://www.google.com/maps/place/Construbel+Empreiteira+de+M%C3%A3o+de+Obra/data=!4m7!3m6!1s0x94deb40e05e85c43:0x9de1587c98d2306f!8m2!3d-26.3466139!4d-48.7851342!16s%2Fg%2F1trqjccx!19sChIJQ1zoBQ603pQRbzDSmHxY4Z0,Não,,,Pendente,,,,Não,Google Maps exibe Adicionar website; verificado em 13/08/2026.,reformas
Bela Vista Construções,Reformas,4734382816,Joinville,https://www.google.com/maps/place/Bela+Vista+Constru%C3%A7%C3%B5es/data=!4m7!3m6!1s0x94deb6bd9f6874c7:0x3519e41d02f866ae!8m2!3d-26.365308!4d-48.8130471!16s%2Fg%2F1tdkht8y!19sChIJx3Ron7223pQRrmb4Ah3kGTU,Não,,,Pendente,,,,Não,Google Maps exibe Adicionar website; verificado em 13/08/2026.,reformas
Adecompar Empreiteira De Mao De Obra,Reformas,4730285647,Joinville,https://www.google.com/maps/place/Adecompar+Empreiteira+De+Mao+De+Obra/data=!4m7!3m6!1s0x94deb166361991ff:0xc1cba112a00c5bf6!8m2!3d-26.3234022!4d-48.8085297!16s%2Fg%2F11hbkhxh8p!19sChIJ_5EZNmax3pQR9lsMoBKhy8E,Não,,,Pendente,,,,Não,Google Maps exibe Adicionar website; verificado em 13/08/2026.,reformas
Empreiteira Renato,Reformas,4730286302,Joinville,https://www.google.com/maps/place/Empreiteira+Renato/data=!4m7!3m6!1s0x94deb017c8957067:0x75343d4f867dc6b!8m2!3d-26.2977913!4d-48.8610185!16s%2Fg%2F11b861mdjm!19sChIJZ3CVyBew3pQRa9xn-NRDUwc,Não,,,Pendente,,,,Não,Google Maps exibe Adicionar website; verificado em 13/08/2026.,reformas
Empreiteira,Reformas,47999582082,Joinville,https://www.google.com/maps/place/Empreiteira/data=!4m7!3m6!1s0x94deb1887e654c13:0xe4377c9991624f55!8m2!3d-26.3045057!4d-48.8461212!16s%2Fg%2F11hz6609l9!19sChIJE0xlfoix3pQRVU9ikZl8N-Q,Não,,,Pendente,,,,Não,Google Maps exibe Adicionar website; verificado em 13/08/2026.,reformas
CMB Empreiteira de Mão de Obra,Reformas,4734254629,Joinville,https://www.google.com/maps/place/CMB+Empreiteira+de+M%C3%A3o+de+Obra/data=!4m7!3m6!1s0x94deafcbc60d4699:0x6e60881d0480fc1d!8m2!3d-26.2638295!4d-48.8437928!16s%2Fg%2F11bv6pq6c7!19sChIJmUYNxsuv3pQRHfyABB2IYG4,Não,,,Pendente,,,,Não,Google Maps exibe Adicionar website; verificado em 13/08/2026.,reformas
JMO Empreiteira,Reformas,47984272555,Joinville,https://www.google.com/maps/place/JMO+Empreiteira/data=!4m7!3m6!1s0x94deb105da9e8797:0x2e757815957fee15!8m2!3d-26.3202011!4d-48.8313884!16s%2Fg%2F1tls3zzx!19sChIJl4ee2gWx3pQRFe5_lRV4dS4,Não,,,Pendente,,,,Não,Google Maps exibe Adicionar website; verificado em 13/08/2026.,reformas
Equipe da Construção - Joinville,Reformas,47992554199,Joinville,https://www.google.com/maps/place/Equipe+da+Constru%C3%A7%C3%A3o+-+Joinville/data=!4m7!3m6!1s0x94deb1409abe5157:0x26769654deb02bee!8m2!3d-26.3081097!4d-48.8354622!16s%2Fg%2F11sd_wv7c1!19sChIJV1G-mkCx3pQR7iuw3lSWdiY,Não,,,Pendente,,,,Não,Google Maps exibe Adicionar website; verificado em 13/08/2026.,reformas
Reformas Perucelli,Reformas,47991780316,Joinville,https://www.google.com/maps/place/Reformas+Perucelli/data=!4m7!3m6!1s0x94deaf3082d508d7:0x279ad12c314b59ea!8m2!3d-26.2427526!4d-48.8011252!16s%2Fg%2F11xct4qr69!19sChIJ1wjVgjCv3pQR6llLMSzRmic,Não,,,Pendente,,,,Não,Google Maps exibe Adicionar website; verificado em 13/08/2026.,reformas
F M M Construções Civis,Reformas,4730295521,Joinville,https://www.google.com/maps/place/F+M+M+Constru%C3%A7%C3%B5es+Civis/data=!4m7!3m6!1s0x94deb04c162cc7d3:0xb88ff4e4f6d4d9b2!8m2!3d-26.3054235!4d-48.8440241!16s%2Fg%2F1pt_zpvw0!19sChIJ08csFkyw3pQRstnU9uT0j7g,Não,,,Pendente,,,,Não,Google Maps exibe Adicionar website; verificado em 13/08/2026.,reformas
Construtora Nobre,Reformas,4734232954,Joinville,https://www.google.com/maps/place/Construtora+Nobre/data=!4m7!3m6!1s0x94deb04c7d66a4c7:0xa2107874e697e0b4!8m2!3d-26.3044881!4d-48.8424998!16s%2Fg%2F1tm0v9m7!19sChIJx6RmfUyw3pQRtOCX5nR4EKI,Não,,,Pendente,,,,Não,Google Maps exibe Adicionar website; verificado em 13/08/2026.,reformas
Stilo Construtora e Incorporadora,Reformas,4734366896,Joinville,https://www.google.com/maps/place/Stilo+Construtora+e+Incorporadora/data=!4m7!3m6!1s0x94deb04bbb31894d:0x6bca006e3ceca9e2!8m2!3d-26.3023295!4d-48.8428254!16s%2Fg%2F11bx55h_rk!19sChIJTYkxu0uw3pQR4qnsPG4Ayms,Não,,,Pendente,,,,Não,Google Maps exibe Adicionar website; verificado em 13/08/2026.,reformas
Empreiteira De Mao De Obra Quatro Aguas Ltda,Reformas,47996656610,Joinville,https://www.google.com/maps/place/Empreiteira+De+Mao+De+Obra+Quatro+Aguas+Ltda/data=!4m7!3m6!1s0x94deb049686bec21:0xb6bb55867728d85b!8m2!3d-26.3037423!4d-48.845462!16s%2Fg%2F11j2yqcpz2!19sChIJIexraEmw3pQRW9god4ZVu7Y,Não,,,Pendente,,,,Não,Google Maps exibe Adicionar website; verificado em 13/08/2026.,reformas
Santos & Santos Construção Civil,Reformas,4734262917,Joinville,https://www.google.com/maps/place/Santos+%26+Santos+Constru%C3%A7%C3%A3o+Civil/data=!4m7!3m6!1s0x94deb04a0711fba9:0x4bce700af07d1108!8m2!3d-26.2998945!4d-48.8443402!16s%2Fg%2F1ptxh1s9d!19sChIJqfsRB0qw3pQRCBF98Apwzks,Não,,,Pendente,,,,Não,Google Maps exibe Adicionar website; verificado em 13/08/2026.,reformas
Wazzo Construtora e Incorporadora,Reformas,47991363133,Joinville,https://www.google.com/maps/place/Wazzo+Construtora+e+Incorporadora/data=!4m7!3m6!1s0x94deb181810d9cb7:0x1126fa3140da6d4a!8m2!3d-26.3049836!4d-48.846759!16s%2Fg%2F11nt89j6r7!19sChIJt5wNgYGx3pQRSm3aQDH6JhE,Não,,,Pendente,,,,Não,Google Maps exibe Adicionar website; verificado em 13/08/2026.,reformas
Construtora RM,Reformas,4734226111,Joinville,https://www.google.com/maps/place/Construtora+RM/data=!4m7!3m6!1s0x94deb037bc2cbccd:0x428a02d307fe439e!8m2!3d-26.2997011!4d-48.8485309!16s%2Fg%2F1tgd7pj1!19sChIJzbwsvDew3pQRnkP-B9MCikI,Não,,,Pendente,,,,Não,Google Maps exibe Adicionar website; verificado em 13/08/2026.,reformas
vb empreiteira de mão de na construção civil,Reformas,47984000130,Joinville,https://www.google.com/maps/place/vb+empreiteira+de+m%C3%A3o+de+na+constru%C3%A7%C3%A3o+civil/data=!4m7!3m6!1s0x94deb02f971a7bf3:0x8d25890e269f88e8!8m2!3d-26.2897721!4d-48.8485774!16s%2Fg%2F11r96qg_d!19sChIJ83saly-w3pQR6IifJg6JJY0,Não,,,Pendente,,,,Não,Google Maps exibe Adicionar website; verificado em 13/08/2026.,reformas
AJG Construtora & Reformas,Reformas,4734551848,Joinville,https://www.google.com/maps/place/AJG+Construtora+%26+Reformas/data=!4m7!3m6!1s0x94deb03d74058e79:0x8a39cfe813797cc5!8m2!3d-26.2971808!4d-48.8592143!16s%2Fg%2F1pv603q__!19sChIJeY4FdD2w3pQRxXx5E-jPOYo,Não,,,Pendente,,,,Não,Google Maps exibe Adicionar website; verificado em 13/08/2026.,reformas
A2 Construtora e Incorporadora,Reformas,4730289005,Joinville,https://www.google.com/maps/place/A2+Construtora+e+Incorporadora/data=!4m7!3m6!1s0x94deb04bec1ad583:0x53ab39c418c3efaa!8m2!3d-26.3043036!4d-48.8444251!16s%2Fg%2F11g6qrhb7x!19sChIJg9Ua7Euw3pQRqu_DGMQ5q1M,Não,,,Pendente,,,,Não,Google Maps exibe Adicionar website; verificado em 13/08/2026.,reformas
Empreiteira Braço Forte,Reformas,47997135472,Joinville,https://www.google.com/maps/place/Empreiteira+Bra%C3%A7o+Forte/data=!4m7!3m6!1s0x2e7670041bbc6ee5:0x561a89182d79552e!8m2!3d-26.2807268!4d-48.8498608!16s%2Fg%2F11y2nfg__r!19sChIJ5W68GwRwdi4RLlV5LRiJGlY,Não,,,Pendente,,,,Não,Google Maps exibe Adicionar website; verificado em 13/08/2026.,reformas
Reis Empreiteira Mão de Obra,Reformas,4730342098,Joinville,https://www.google.com/maps/place/Reis+Empreiteira+M%C3%A3o+de+Obra/data=!4m7!3m6!1s0x94deb12fb0dbdbc1:0xc10c0aee40d3f5ea!8m2!3d-26.3219861!4d-48.8138893!16s%2Fg%2F11mtfhsbg0!19sChIJwdvbsC-x3pQR6vXTQO4KDME,Não,,,Pendente,,,,Não,Google Maps exibe Adicionar website; verificado em 13/08/2026.,reformas
Maste Soluções e Reparos,Reformas,47984206450,Joinville,https://www.google.com/maps/place/Maste+Solu%C3%A7%C3%B5es+e+Reparos/data=!4m7!3m6!1s0x4ec0360e32e9df39:0x456e0bac3288585b!8m2!3d-26.3104513!4d-48.853894!16s%2Fg%2F11zdrss9qq!19sChIJOd_pMg42wE4RW1iIMqwLbkU,Não,,,Pendente,,,,Não,Google Maps exibe Adicionar website; verificado em 13/08/2026.,reformas
Termotech Montagens,Reformas,4730271553,Joinville,https://www.google.com/maps/place/Termotech+Montagens/data=!4m7!3m6!1s0x94deb1d276c93303:0x1c789d62d6793419!8m2!3d-26.2895392!4d-48.8488192!16s%2Fg%2F1ptxcjw3m!19sChIJAzPJdtKx3pQRGTR51mKdeBw,Não,,,Pendente,,,,Não,Google Maps exibe Adicionar website; verificado em 13/08/2026.,reformas
Edificazzo Construtora e Incorporadora,Reformas,4730135113,Joinville,https://www.google.com/maps/place/Edificazzo+Construtora+e+Incorporadora/data=!4m7!3m6!1s0x94deb0391c255555:0x1b8a76ac78555dee!8m2!3d-26.3003194!4d-48.8532795!16s%2Fg%2F11fd468s_2!19sChIJVVUlHDmw3pQR7l1VeKx2ihs,Não,,,Pendente,,,,Não,Google Maps exibe Adicionar website; verificado em 13/08/2026.,reformas
Fabre Construtora,Reformas,4730265588,Joinville,https://www.google.com/maps/place/Fabre+Construtora/data=!4m7!3m6!1s0x94deb04465bf012b:0xf86d45f3ddfc05b1!8m2!3d-26.3099132!4d-48.8539831!16s%2Fg%2F11bv2glbyh!19sChIJKwG_ZUSw3pQRsQX83fNFbfg,Não,,,Pendente,,,,Não,Google Maps exibe Adicionar website; verificado em 13/08/2026.,reformas
TC Construtora Joinville,Reformas,47988228006,Joinville,https://www.google.com/maps/place/TC+Construtora+Joinville/data=!4m7!3m6!1s0x94deb1a97ac708bb:0x4e86776016b01368!8m2!3d-26.3150386!4d-48.8649368!16s%2Fg%2F11rb3gfthy!19sChIJuwjHeqmx3pQRaBOwFmB3hk4,Não,,,Pendente,,,,Não,Google Maps exibe Adicionar website; verificado em 13/08/2026.,reformas
N Correia Construções e Incorporações,Reformas,4734230315,Joinville,https://www.google.com/maps/place/N+Correia+Constru%C3%A7%C3%B5es+e+Incorpora%C3%A7%C3%B5es/data=!4m7!3m6!1s0x94deb047346e0a15:0x91e7ce293382daea!8m2!3d-26.3048305!4d-48.8543507!16s%2Fg%2F1ptxsnsl8!19sChIJFQpuNEew3pQR6tqCMynO55E,Não,,,Pendente,,,,Não,Google Maps exibe Adicionar website; verificado em 13/08/2026.,reformas
A R Construções de Edifícios,Reformas,4730277202,Joinville,https://www.google.com/maps/place/A+R+Constru%C3%A7%C3%B5es+de+Edif%C3%ADcios/data=!4m7!3m6!1s0x94deb063e4a6ebd5:0x311bda7d04e76e27!8m2!3d-26.3221217!4d-48.8651779!16s%2Fg%2F1pv1hygw8!19sChIJ1eum5GOw3pQRJ27nBH3aGzE,Não,,,Pendente,,,,Não,Google Maps exibe Adicionar website; verificado em 13/08/2026.,reformas
First Incorporações e Construções,Reformas,4730271268,Joinville,https://www.google.com/maps/place/First+Incorpora%C3%A7%C3%B5es+e+Constru%C3%A7%C3%B5es/data=!4m7!3m6!1s0x94deb05b4c528933:0x9cf9c46eb2787245!8m2!3d-26.3135599!4d-48.8549315!16s%2Fg%2F1ptwgjhpy!19sChIJM4lSTFuw3pQRRXJ4sm7E-Zw,Não,,,Pendente,,,,Não,Google Maps exibe Adicionar website; verificado em 13/08/2026.,reformas
Construtora Evecon,Reformas,47999634828,Joinville,https://www.google.com/maps/place/Construtora+Evecon/data=!4m7!3m6!1s0x94deb01986e6a3a9:0x30d1be7655079fa4!8m2!3d-26.3168134!4d-48.8498507!16s%2Fg%2F11b87c3k1n!19sChIJqaPmhhmw3pQRpJ8HVXa-0TA,Não,,,Pendente,,,,Não,Google Maps exibe Adicionar website; verificado em 13/08/2026.,reformas
RDN Serviços Ltda,Reformas,4738014821,Joinville,https://www.google.com/maps/place/RDN+Servi%C3%A7os+Ltda/data=!4m7!3m6!1s0x94deb0434c6baf21:0x5b4091dbe96afc68!8m2!3d-26.3149084!4d-48.8478068!16s%2Fg%2F1ptwy_hsw!19sChIJIa9rTEOw3pQRaPxq6duRQFs,Não,,,Pendente,,,,Não,Google Maps exibe Adicionar website; verificado em 13/08/2026.,reformas
DM CONSTRUTORA EM JOINVILLE,Reformas,47999711196,Joinville,https://www.google.com/maps/place/DM+CONSTRUTORA+EM+JOINVILLE/data=!4m7!3m6!1s0x94deb143cde62db5:0xeb5f1141c3b45bf5!8m2!3d-26.2846723!4d-48.8327764!16s%2Fg%2F11w4kvlnkw!19sChIJtS3mzUOx3pQR9Vu0w0ERX-s,Não,,,Pendente,,,,Não,Google Maps exibe Adicionar website; verificado em 13/08/2026.,reformas
Dalleon,Reformas,4732026244,Joinville,https://www.google.com/maps/place/Dalleon/data=!4m7!3m6!1s0x94deafd657778059:0x3b84c8ce566a69e8!8m2!3d-26.2788838!4d-48.8466823!16s%2Fg%2F11jp21g7lz!19sChIJWYB3V9av3pQR6GlqVs7IhDs,Não,,,Pendente,,,,Não,Google Maps exibe Adicionar website; verificado em 13/08/2026.,reformas
VB EMPREITEIRA,Reformas,47988752611,Joinville,https://www.google.com/maps/place/VB+EMPREITEIRA/data=!4m7!3m6!1s0x211f0085a8529599:0xef192f0fdc29eb8d!8m2!3d-26.256315!4d-48.802291!16s%2Fg%2F11ynw1xc5s!19sChIJmZVSqIUAHyERjesp3A8vGe8,Não,,,Pendente,,,,Não,Google Maps exibe Adicionar website; verificado em 13/08/2026.,reformas
AWS construções e reformas,Reformas,4732781901,Joinville,https://www.google.com/maps/place/AWS+constru%C3%A7%C3%B5es+e+reformas/data=!4m7!3m6!1s0x94deaf25c248c111:0x59d2a348cd9d5570!8m2!3d-26.2686136!4d-48.8649958!16s%2Fg%2F11qn4vhb6k!19sChIJEcFIwiWv3pQRcFWdzUij0lk,Não,,,Pendente,,,,Não,Google Maps exibe Adicionar website; verificado em 13/08/2026.,reformas
WS cerviços e Reformas,Reformas,47996655128,Joinville,https://www.google.com/maps/place/WS+cervi%C3%A7os+e+Reformas/data=!4m7!3m6!1s0x94deaf4005f77f7b:0x19c88f0a22974402!8m2!3d-26.2392072!4d-48.8359469!16s%2Fg%2F11sbq65rrg!19sChIJe3_3BUCv3pQRAkSXIgqPyBk,Não,,,Pendente,,,,Não,Google Maps exibe Adicionar website; verificado em 13/08/2026.,reformas
Obra Reformas Inteligentes,Reformas,47996388220,Joinville,https://www.google.com/maps/place/Obra+Reformas+Inteligentes/data=!4m7!3m6!1s0x94deafda455445bf:0xf28c67d6c13bd48a!8m2!3d-26.2733951!4d-48.8614748!16s%2Fg%2F11fsmvlmfb!19sChIJv0VURdqv3pQRitQ7wdZnjPI,Não,,,Pendente,,,,Não,Google Maps exibe Adicionar website; verificado em 13/08/2026.,reformas
A.a Vilson - Pedreiro ( 30 Anos de Experiência),Reformas,4730261462,Joinville,https://www.google.com/maps/place/A.a+Vilson+-+Pedreiro+%28+30+Anos+de+Experi%C3%AAncia%29/data=!4m7!3m6!1s0x94dea5669dd3b54d:0x2915405244fcdeaa!8m2!3d-26.2707881!4d-48.8869127!16s%2Fg%2F1pv0ymvq6!19sChIJTbXTnWal3pQRqt78RFJAFSk,Não,,,Pendente,,,,Não,Google Maps exibe Adicionar website; verificado em 13/08/2026.,reformas
NR Gesso,Reformas,47996147999,Joinville,https://www.google.com/maps/place/NR+Gesso/data=!4m7!3m6!1s0x94dea5c4cacfd9c9:0xd811ce0028c840c8!8m2!3d-26.2737607!4d-48.8859205!16s%2Fg%2F11yzc35xrh!19sChIJydnPysSl3pQRyEDIKADOEdg,Não,,,Pendente,,,,Não,Google Maps exibe Adicionar website; verificado em 13/08/2026.,reformas
Construtora J A,Reformas,47999888670,Joinville,https://www.google.com/maps/place/Construtora+J+A/data=!4m7!3m6!1s0x94deaf935b64f025:0x49bc4ace7445dfbc!8m2!3d-26.2672577!4d-48.8653729!16s%2Fg%2F11bzrlbjrj!19sChIJJfBkW5Ov3pQRvN9FdM5KvEk,Não,,,Pendente,,,,Não,Google Maps exibe Adicionar website; verificado em 13/08/2026.,reformas
JVW7 ALIANÇA,Reformas,47992303928,Joinville,https://www.google.com/maps/place/JVW7+ALIAN%C3%87A/data=!4m7!3m6!1s0x94dea5b696c4dbb5:0x4b7d127b95be3eeb!8m2!3d-26.2794358!4d-48.8999594!16s%2Fg%2F11rb2ppvw0!19sChIJtdvElral3pQR6z6-lXsSfUs,Não,,,Pendente,,,,Não,Google Maps exibe Adicionar website; verificado em 13/08/2026.,reformas
Empreiteira Tayane,Reformas,47991880845,Joinville,https://www.google.com/maps/place/Empreiteira+Tayane/data=!4m7!3m6!1s0x94dea57eb4bee5e7:0xccb80d940507cf5e!8m2!3d-26.2920863!4d-48.9133432!16s%2Fg%2F11t89c03fx!19sChIJ5-W-tH6l3pQRXs8HBZQNuMw,Não,,,Pendente,,,,Não,Google Maps exibe Adicionar website; verificado em 13/08/2026.,reformas
ALG Soluções em Pavimentação,Reformas,47991769961,Joinville,https://www.google.com/maps/place/ALG+Solu%C3%A7%C3%B5es+em+Pavimenta%C3%A7%C3%A3o/data=!4m7!3m6!1s0x861a730354e908f:0xe1412b4c69e79d07!8m2!3d-26.2889357!4d-48.9132399!16s%2Fg%2F11wnm3vv4v!19sChIJj5BONTCnYQgRB53naUwrQeE,Não,,,Pendente,,,,Não,Google Maps exibe Adicionar website; verificado em 13/08/2026.,reformas
INOVAVILLE Reformas & Construções,Reformas,47997472119,Joinville,https://www.google.com/maps/place/INOVAVILLE+Reformas+%26+Constru%C3%A7%C3%B5es/data=!4m7!3m6!1s0x94deb1c8261d7cbb:0x1767388ebcc7da53!8m2!3d-26.3393182!4d-48.8731875!16s%2Fg%2F11gnsc2kkw!19sChIJu3wdJsix3pQRU9rHvI44Zxc,Não,,,Pendente,,,,Não,Google Maps exibe Adicionar website; verificado em 13/08/2026.,reformas
Bela Arte Pinturas E Reformas,Reformas,47996231793,Joinville,https://www.google.com/maps/place/Bela+Arte+Pinturas+E+Reformas/data=!4m7!3m6!1s0x94dea540e0cda1b9:0x1e69d79b6630447b!8m2!3d-26.2742329!4d-48.9354783!16s%2Fg%2F11hzk50fdd!19sChIJuaHN4ECl3pQRe0QwZpvXaR4,Não,,,Pendente,,,,Não,Google Maps exibe Adicionar website; verificado em 13/08/2026.,reformas
Galvanoplastia Vila Nova - Galvanização/Zincagem e Pintura a Pó,Reformas,4734390471,Joinville,https://www.google.com/maps/place/Galvanoplastia+Vila+Nova+-+Galvaniza%C3%A7%C3%A3o%2FZincagem+e+Pintura+a+P%C3%B3/data=!4m7!3m6!1s0x94dea5792ad70fbf:0xd38f59df326d9459!8m2!3d-26.2895203!4d-48.896986!16s%2Fg%2F11ghp2j1tj!19sChIJvw_XKnml3pQRWZRtMt9Zj9M,Não,,,Pendente,,,,Não,Google Maps exibe Adicionar website; verificado em 13/08/2026.,reformas
RW Serralheria & CIA,Reformas,47991835819,Joinville,https://www.google.com/maps/place/RW+Serralheria+%26+CIA/data=!4m7!3m6!1s0x94dea592ee4d7883:0xe0ca6356ba1894f6!8m2!3d-26.2952819!4d-48.9082625!16s%2Fg%2F11fnbtw2wy!19sChIJg3hN7pKl3pQR9pQYulZjyuA,Não,,,Pendente,,,,Não,Google Maps exibe Adicionar website; verificado em 13/08/2026.,reformas
Empreiteira Kalb Ltda,Reformas,4734224607,Joinville,https://www.google.com/maps/place/Empreiteira+Kalb+Ltda/data=!4m7!3m6!1s0x94dea4e00482f481:0x57ee74f1d0068ffe!8m2!3d-26.2894313!4d-48.920758!16s%2Fg%2F1vpfkph9!19sChIJgfSCBOCk3pQR_o8G0PF07lc,Não,,,Pendente,,,,Não,Google Maps exibe Adicionar website; verificado em 13/08/2026.,reformas
Completa Incorporadora LTDA,Reformas,47984486834,Joinville,https://www.google.com/maps/place/Completa+Incorporadora+LTDA/data=!4m7!3m6!1s0x94deaf9809f030ed:0x66f7a8c929df0a91!8m2!3d-26.288434!4d-48.9183318!16s%2Fg%2F11qhkmkcdx!19sChIJ7TDwCZiv3pQRkQrfKcmo92Y,Não,,,Pendente,,,,Não,Google Maps exibe Adicionar website; verificado em 13/08/2026.,reformas
Silvano perfuração e corte em concreto,Reformas,47991294469,Joinville,https://www.google.com/maps/place/Silvano+perfura%C3%A7%C3%A3o+e+corte+em+concreto/data=!4m7!3m6!1s0x94dea516b6499f95:0x6cd43039d7178dd3!8m2!3d-26.295324!4d-48.9106421!16s%2Fg%2F11vwvbnqj0!19sChIJlZ9Jthal3pQR040X1zkw1Gw,Não,,,Pendente,,,,Não,Google Maps exibe Adicionar website; verificado em 13/08/2026.,reformas
Pousada Floresta,Hotel,47996532158,Joinville,https://www.google.com/maps/place/Pousada+Floresta/data=!4m10!3m9!1s0x94deb0d97ee939f1:0xdb7f0196e55605a!5m2!4m1!1i2!8m2!3d-26.3458187!4d-48.8445689!16s%2Fg%2F11rlsn7jjs!19sChIJ8Tnpftmw3pQRWmBVbhnwtw0,Não,,,Pendente,,,,Não,Google Maps exibe Adicionar website; verificado em 13/08/2026.,hotel
Hotel Cheri Ami,Hotel,4734362269,Joinville,https://www.google.com/maps/place/Hotel+Cheri+Ami/data=!4m10!3m9!1s0x94deb0da5e00ae4f:0x614ebf390862b7f8!5m2!4m1!1i2!8m2!3d-26.3478406!4d-48.8470621!16s%2Fg%2F1trchk_j!19sChIJT64AXtqw3pQR-LdiCDm_TmE,Não,,,Pendente,,,,Não,Google Maps exibe Adicionar website; verificado em 13/08/2026.,hotel
Pousada - Valentina Ramos - Joinville -SC,Hotel,47992096416,Joinville,https://www.google.com/maps/place/Pousada+-+Valentina+Ramos+-+Joinville+-SC/data=!4m10!3m9!1s0x94deb1d6dffc0cb3:0xf4cc50cfbd4e199b!5m2!4m1!1i2!8m2!3d-26.3157695!4d-48.8678689!16s%2Fg%2F11s753wn2j!19sChIJswz839ax3pQRmxlOvc9QzPQ,Não,,,Pendente,,,,Não,Google Maps exibe Adicionar website; verificado em 13/08/2026.,hotel
Motel Big,Hotel,4734660103,Joinville,https://www.google.com/maps/place/Motel+Big/data=!4m10!3m9!1s0x94deb140615691d5:0x1afe4118f14c5dba!5m2!4m1!1i2!8m2!3d-26.3317308!4d-48.818579!16s%2Fg%2F11bv5stkfb!19sChIJ1ZFWYUCx3pQRul1M8RhB_ho,Não,,,Pendente,,,,Não,Google Maps exibe Adicionar website; verificado em 13/08/2026.,hotel
Motel Las Vegas,Hotel,47997542176,Joinville,https://www.google.com/maps/place/Motel+Las+Vegas/data=!4m10!3m9!1s0x94deb310d2c64537:0x86be6165a37d592d!5m2!4m1!1i2!8m2!3d-26.2852074!4d-48.7932115!16s%2Fg%2F11fl87sjkv!19sChIJN0XG0hCz3pQRLVl9o2VhvoY,Não,,,Pendente,,,,Não,Google Maps exibe Adicionar website; verificado em 13/08/2026.,hotel
Hostel Come Home,Hotel,47999233235,Joinville,https://www.google.com/maps/place/Hostel+Come+Home/data=!4m10!3m9!1s0x94dea55ef5afffff:0x3bab76dac0429b76!5m2!4m1!1i2!8m2!3d-26.2771253!4d-48.88361!16s%2Fg%2F11rpjb0vlk!19sChIJ__-v9V6l3pQRdptCwNp2qzs,Não,,,Pendente,,,,Não,Google Maps exibe Adicionar website; verificado em 13/08/2026.,hotel
Hotel Joinvillense,Hotel,47999148311,Joinville,https://www.google.com/maps/place/Hotel+Joinvillense/data=!4m10!3m9!1s0x94deb04c91208b2b:0xef4d890e87859dc5!5m2!4m1!1i2!8m2!3d-26.3041927!4d-48.8413228!16s%2Fg%2F11b6drhpn3!19sChIJK4sgkUyw3pQRxZ2Fhw6JTe8,Não,,,Pendente,,,,Não,Google Maps exibe Adicionar website; verificado em 13/08/2026.,hotel
Hotel Graciosa,Hotel,4734361700,Joinville,https://www.google.com/maps/place/Hotel+Graciosa/data=!4m10!3m9!1s0x94deb1025a97c091:0x87151ec31fdb2989!5m2!4m1!1i2!8m2!3d-26.3237719!4d-48.8379029!16s%2Fg%2F1tfb346x!19sChIJkcCXWgKx3pQRiSnbH8MeFYc,Não,,,Pendente,,,,Não,Google Maps exibe Adicionar website; verificado em 13/08/2026.,hotel
Ferdin Hostel e Pousada,Hotel,47992555035,Joinville,https://www.google.com/maps/place/Ferdin+Hostel+e+Pousada/data=!4m10!3m9!1s0x94deb169dd5258f7:0x7d9c055a3b8830ef!5m2!4m1!1i2!8m2!3d-26.3152768!4d-48.8592754!16s%2Fg%2F11wbfpnvrh!19sChIJ91hS3Wmx3pQR7zCIO1oFnH0,Não,,,Pendente,,,,Não,Google Maps exibe Adicionar website; verificado em 13/08/2026.,hotel
"Pousada Central, Joinville",Hotel,47991908644,Joinville,"https://www.google.com/maps/place/Pousada+Central,+Joinville/data=!4m10!3m9!1s0x94deb1b287032fdd:0x70536dbdcd49ce91!5m2!4m1!1i2!8m2!3d-26.3089277!4d-48.8435001!16s%2Fg%2F11ydn6p500!19sChIJ3S8Dh7Kx3pQRkc5Jzb1tU3A",Não,,,Pendente,,,,Não,Google Maps exibe Adicionar website; verificado em 13/08/2026.,hotel
Pousada Joinville,Hotel,47997089365,Joinville,https://www.google.com/maps/place/Pousada+Joinville/data=!4m10!3m9!1s0x94deb00aca887acb:0x6743189c51389e9d!5m2!4m1!1i2!8m2!3d-26.3116499!4d-48.8788764!16s%2Fg%2F11c510c6kl!19sChIJy3qIygqw3pQRnZ44UZwYQ2c,Não,,,Pendente,,,,Não,Google Maps exibe Adicionar website; verificado em 13/08/2026.,hotel
Hostel Pousada Floresta em Joinville,Hotel,47999597964,Joinville,https://www.google.com/maps/place/Hostel+Pousada+Floresta+em+Joinville/data=!4m10!3m9!1s0x94deb16354411ed1:0x8e148e5fcd85177b!5m2!4m1!1i2!8m2!3d-26.3393007!4d-48.8564253!16s%2Fg%2F11tnggx1h9!19sChIJ0R5BVGOx3pQRexeFzV-OFI4,Não,,,Pendente,,,,Não,Google Maps exibe Adicionar website; verificado em 13/08/2026.,hotel
Hostel e Pousada Boa Vista,Hotel,47989149835,Joinville,https://www.google.com/maps/place/Hostel+e+Pousada+Boa+Vista/data=!4m10!3m9!1s0x94deb19a01e15555:0x87d7e102f4d56954!5m2!4m1!1i2!8m2!3d-26.2992115!4d-48.814351!16s%2Fg%2F11hksq0fpp!19sChIJVVXhAZqx3pQRVGnV9ALh14c,Não,,,Pendente,,,,Não,Google Maps exibe Adicionar website; verificado em 13/08/2026.,hotel
Recanto dos Pássaros,Hotel,4733079459,Joinville,https://www.google.com/maps/place/Recanto+dos+P%C3%A1ssaros/data=!4m10!3m9!1s0x94deb1eebf5a097b:0x244ab9ba099abd6f!5m2!4m1!1i2!8m2!3d-26.3157496!4d-48.8679592!16s%2Fg%2F11h4z7lcmf!19sChIJewlav-6x3pQRb72aCbq5SiQ,Não,,,Pendente,,,,Não,Google Maps exibe Adicionar website; verificado em 13/08/2026.,hotel
Pousada Emilly,Hotel,47996819119,Joinville,https://www.google.com/maps/place/Pousada+Emilly/data=!4m10!3m9!1s0x94deb1c2ca7dfe7d:0x310d2061407f33cb!5m2!4m1!1i2!8m2!3d-26.3073202!4d-48.8404895!16s%2Fg%2F11st_yql4b!19sChIJff59ysKx3pQRyzN_QGEgDTE,Não,,,Pendente,,,,Não,Google Maps exibe Adicionar website; verificado em 13/08/2026.,hotel
Hotéis XV,Hotel,47999771557,Joinville,https://www.google.com/maps/place/Hot%C3%A9is+XV/data=!4m10!3m9!1s0x94deb11fcbf4d41b:0xdeec0532a2b6c790!5m2!4m1!1i2!8m2!3d-26.296817!4d-48.8707941!16s%2Fg%2F11rclf33wk!19sChIJG9T0yx-x3pQRkMe2ojIF7N4,Não,,,Pendente,,,,Não,Google Maps exibe Adicionar website; verificado em 13/08/2026.,hotel
Loft ON!,Hotel,47997507918,Joinville,https://www.google.com/maps/place/Loft+ON!/data=!4m10!3m9!1s0x94deb14c02848ffd:0xefb9a9353cc045f5!5m2!4m1!1i2!8m2!3d-26.3016784!4d-48.8461464!16s%2Fg%2F11w3b66h9n!19sChIJ_Y-EAkyx3pQR9UXAPDWpue8,Não,,,Pendente,,,,Não,Google Maps exibe Adicionar website; verificado em 13/08/2026.,hotel
Studio H Residencial Flipchave STH000,Hotel,47997880123,Joinville,https://www.google.com/maps/place/Studio+H+Residencial+Flipchave+STH000/data=!4m10!3m9!1s0x94deb03f46b77bc1:0xddd69917ca3470f6!5m2!4m1!1i2!8m2!3d-26.302778!4d-48.855739!16s%2Fg%2F11yr23w2v8!19sChIJwXu3Rj-w3pQR9nA0yheZ1t0,Não,,,Pendente,,,,Não,Google Maps exibe Adicionar website; verificado em 13/08/2026.,hotel
HOTEL GILLAU'S,Hotel,4734333002,Joinville,https://www.google.com/maps/place/HOTEL+GILLAU%27S/data=!4m10!3m9!1s0x94deb04cf6445507:0xdc3a0136f6e28f58!5m2!4m1!1i2!8m2!3d-26.3056161!4d-48.8422493!16s%2Fg%2F11bzwppc6x!19sChIJB1VE9kyw3pQRWI_i9jYBOtw,Não,,,Pendente,,,,Não,Google Maps exibe Adicionar website; verificado em 13/08/2026.,hotel
Smart Stay Lofts Joinville,Hotel,47997100241,Joinville,https://www.google.com/maps/place/Smart+Stay+Lofts+Joinville/data=!4m10!3m9!1s0x94deb19ce020c7b3:0x37705449a405b375!5m2!4m1!1i2!8m2!3d-26.3016784!4d-48.8461464!16s%2Fg%2F11ms00j6wd!19sChIJs8cg4Jyx3pQRdbMFpElUcDc,Não,,,Pendente,,,,Não,Google Maps exibe Adicionar website; verificado em 13/08/2026.,hotel
Hotel de Trânsito do 62º BI,Hotel,47988090527,Joinville,https://www.google.com/maps/place/Hotel+de+Tr%C3%A2nsito+do+62%C2%BA+BI/data=!4m10!3m9!1s0x94deb15235b3eb59:0x93d8342c50ecf227!5m2!4m1!1i2!8m2!3d-26.3061334!4d-48.8526189!16s%2Fg%2F11hwf06fyq!19sChIJWeuzNVKx3pQRJ_LsUCw02JM,Não,,,Pendente,,,,Não,Google Maps exibe Adicionar website; verificado em 13/08/2026.,hotel
Hotel Paraíso das Flores,Hotel,4734334707,Joinville,https://www.google.com/maps/place/Hotel+Para%C3%ADso+das+Flores/data=!4m10!3m9!1s0x94deb0447e46bbfb:0x5b9ffed3885513d1!5m2!4m1!1i2!8m2!3d-26.3104239!4d-48.8547896!16s%2Fg%2F1tcx2p9j!19sChIJ-7tGfkSw3pQR0RNViNP-n1s,Não,,,Pendente,,,,Não,Google Maps exibe Adicionar website; verificado em 13/08/2026.,hotel
Hospedagem Doce Lar,Hotel,47996654776,Joinville,https://www.google.com/maps/place/Hospedagem+Doce+Lar/data=!4m10!3m9!1s0x94dea53638e1aaad:0xb625fa0fd6d21d9f!5m2!4m1!1i2!8m2!3d-26.277127!4d-48.8835873!16s%2Fg%2F11xlsptkyg!19sChIJrarhODal3pQRnx3S1g_6JbY,Não,,,Pendente,,,,Não,Google Maps exibe Adicionar website; verificado em 13/08/2026.,hotel
Pousada e Flat Joinville SC,Hotel,47984672313,Joinville,https://www.google.com/maps/place/Pousada+e+Flat+Joinville+SC/data=!4m7!3m6!1s0x94deb191304230c7:0x568e60a36fbb95c1!8m2!3d-26.3225928!4d-48.865403!16s%2Fg%2F11z43892mb!19sChIJxzBCMJGx3pQRwZW7b6NgjlY,Não,,,Pendente,,,,Não,Google Maps exibe Adicionar website; verificado em 13/08/2026.,hotel
Hostel BR,Hotel,47992362093,Joinville,https://www.google.com/maps/place/Hostel+BR/data=!4m10!3m9!1s0x94deb1ebc97f6a35:0x37eca7d637b9d401!5m2!4m1!1i2!8m2!3d-26.3235133!4d-48.8705864!16s%2Fg%2F11vpzf2jlb!19sChIJNWp_yeux3pQRAdS5N9an7Dc,Não,,,Pendente,,,,Não,Google Maps exibe Adicionar website; verificado em 13/08/2026.,hotel
Pousada e Lanches Ipanema,Hotel,47997956503,Joinville,https://www.google.com/maps/place/Pousada+e+Lanches+Ipanema/data=!4m10!3m9!1s0x94deb1aa47de9a41:0x9d4229612358f461!5m2!4m1!1i2!8m2!3d-26.31434!4d-48.8568934!16s%2Fg%2F11ffw0x4s9!19sChIJQZreR6qx3pQRYfRYI2EpQp0,Não,,,Pendente,,,,Não,Google Maps exibe Adicionar website; verificado em 13/08/2026.,hotel
Hotel Novo Horizonte,Hotel,4730255107,Joinville,https://www.google.com/maps/place/Hotel+Novo+Horizonte/data=!4m10!3m9!1s0x94deb05cc48cb485:0xa827864f1ef8b55c!5m2!4m1!1i2!8m2!3d-26.3146677!4d-48.8566197!16s%2Fg%2F11bzwpjf8z!19sChIJhbSMxFyw3pQRXLX4Hk-GJ6g,Não,,,Pendente,,,,Não,Google Maps exibe Adicionar website; verificado em 13/08/2026.,hotel
CASA PORTO HOSTEL,Hotel,47988619990,Joinville,https://www.google.com/maps/place/CASA+PORTO+HOSTEL/data=!4m10!3m9!1s0x94deb1f0ebc60527:0xfa2fa8ad69a079fd!5m2!4m1!1i2!8m2!3d-26.3171339!4d-48.8518238!16s%2Fg%2F11zbgxh8fv!19sChIJJwXG6_Cx3pQR_Xmgaa2oL_o,Não,,,Pendente,,,,Não,Google Maps exibe Adicionar website; verificado em 13/08/2026.,hotel
Hotel + Lazer,Hotel,47984541533,Joinville,https://www.google.com/maps/place/Hotel+%2B+Lazer/data=!4m10!3m9!1s0x94deb1025a8d142b:0x3185ab6cdfba3a9b!5m2!4m1!1i2!8m2!3d-26.323821!4d-48.837927!16s%2Fg%2F11y9b2fh6_!19sChIJKxSNWgKx3pQRmzq632yrhTE,Não,,,Pendente,,,,Não,Google Maps exibe Adicionar website; verificado em 13/08/2026.,hotel
GM DORMITÓRIO,Hotel,47997446345,Joinville,https://www.google.com/maps/place/GM+DORMIT%C3%93RIO/data=!4m7!3m6!1s0x94deaf13fdba4709:0x7161784619dc750e!8m2!3d-26.2639858!4d-48.8635234!16s%2Fg%2F11lylrydgg!19sChIJCUe6_ROv3pQRDnXcGUZ4YXE,Não,,,Pendente,,,,Não,Google Maps exibe Adicionar website; verificado em 13/08/2026.,hotel
Condominio Henriqueta,Hotel,47988339697,Joinville,https://www.google.com/maps/place/Condominio+Henriqueta/data=!4m7!3m6!1s0x94dea5001aa5024f:0x76b783037e13bf9e!8m2!3d-26.2737075!4d-48.8831431!16s%2Fg%2F11yklgcqk5!19sChIJTwKlGgCl3pQRnr8TfgODt3Y,Não,,,Pendente,,,,Não,Google Maps exibe Adicionar website; verificado em 13/08/2026.,hotel
Hostel Casarão Mineiro,Hotel,47991485150,Joinville,https://www.google.com/maps/place/Hostel+Casar%C3%A3o+Mineiro/data=!4m10!3m9!1s0x94deb118b7b89ad1:0x61818992b1b988b4!5m2!4m1!1i2!8m2!3d-26.300966!4d-48.8607642!16s%2Fg%2F11frsv0hnb!19sChIJ0Zq4txix3pQRtIi5sZKJgWE,Não,,,Pendente,,,,Não,Google Maps exibe Adicionar website; verificado em 13/08/2026.,hotel
Pousada Eliza e Helon,Hotel,47996151304,Joinville,https://www.google.com/maps/place/Pousada+Eliza+e+Helon/data=!4m10!3m9!1s0x94deb12105c84ced:0xd4089469302c1373!5m2!4m1!1i2!8m2!3d-26.3388557!4d-48.836753!16s%2Fg%2F11rlsnz_gl!19sChIJ7UzIBSGx3pQRcxMsMGmUCNQ,Não,,,Pendente,,,,Não,Google Maps exibe Adicionar website; verificado em 13/08/2026.,hotel
MANCHOUSE,Hotel,47999676907,Joinville,https://www.google.com/maps/place/MANCHOUSE/data=!4m7!3m6!1s0x94deb1202638f63b:0xf8be779a10bfacba!8m2!3d-26.3367546!4d-48.838193!16s%2Fg%2F1hdy_6vwy!19sChIJO_Y4JiCx3pQRuqy_EJp3vvg,Não,,,Pendente,,,,Não,Google Maps exibe Adicionar website; verificado em 13/08/2026.,hotel
Iza Mega Hair,Hotel,47997297740,Joinville,https://www.google.com/maps/place/Iza+Mega+Hair/data=!4m10!3m9!1s0x94deafb47a978b79:0xbd361cfbbc96efd0!5m2!4m1!1i2!8m2!3d-26.2678356!4d-48.8430209!16s%2Fg%2F11f6nylwqq!19sChIJeYuXerSv3pQR0O-WvPscNr0,Não,,,Pendente,,,,Não,Google Maps exibe Adicionar website; verificado em 13/08/2026.,hotel
Casa Confortável 02,Hotel,47999430007,Joinville,https://www.google.com/maps/place/Casa+Confort%C3%A1vel+02/data=!4m10!3m9!1s0x94deafc302b6a895:0x95bc654455133c25!5m2!4m1!1i2!8m2!3d-26.2731509!4d-48.8567365!16s%2Fg%2F11mdj00yjj!19sChIJlai2AsOv3pQRJTwTVURlvJU,Não,,,Pendente,,,,Não,Google Maps exibe Adicionar website; verificado em 13/08/2026.,hotel
Recanto das Árvores,Hotel,47996756546,Joinville,https://www.google.com/maps/place/Recanto+das+%C3%81rvores/data=!4m7!3m6!1s0x94deaf512ab51c7b:0xd85a682dfd66bceb!8m2!3d-26.2509428!4d-48.8214345!16s%2Fg%2F11y43_dnd7!19sChIJexy1KlGv3pQR67xm_S1oWtg,Não,,,Pendente,,,,Não,Google Maps exibe Adicionar website; verificado em 13/08/2026.,hotel
BENEVI,Hotel,47996393301,Joinville,https://www.google.com/maps/place/BENEVI/data=!4m7!3m6!1s0x94deb196f221a937:0xff5092e5e5e124d6!8m2!3d-26.3203936!4d-48.8286801!16s%2Fg%2F11yvy7gwct!19sChIJN6kh8pax3pQR1iTh5eWSUP8,Não,,,Pendente,,,,Não,Google Maps exibe Adicionar website; verificado em 13/08/2026.,hotel
Hotel Ervin,Hotel,4734240031,Joinville,https://www.google.com/maps/place/Hotel+Ervin/data=!4m10!3m9!1s0x94dea65bf7372cc1:0x160cb7fbc358712d!5m2!4m1!1i2!8m2!3d-26.2022646!4d-48.9144938!16s%2Fg%2F1q6j2y53_!19sChIJwSw391um3pQRLXFYw_u3DBY,Não,,,Pendente,,,,Não,Google Maps exibe Adicionar website; verificado em 13/08/2026.,hotel
Motel Colonial,Hotel,4734241196,Joinville,https://www.google.com/maps/place/Motel+Colonial/data=!4m10!3m9!1s0x94dea6741425be75:0xa3bc911517e7a51e!5m2!4m1!1i2!8m2!3d-26.2190755!4d-48.9036963!16s%2Fg%2F1vzv4tfc!19sChIJdb4lFHSm3pQRHqXnFxWRvKM,Não,,,Pendente,,,,Não,Google Maps exibe Adicionar website; verificado em 13/08/2026.,hotel
Hotel Hubener,Hotel,4734402533,Joinville,https://www.google.com/maps/place/Hotel+Hubener/data=!4m10!3m9!1s0x94dc1e23ff6932bf:0x1c8138d3061f31a6!5m2!4m1!1i2!8m2!3d-26.168343!4d-48.9850725!16s%2Fg%2F11bzy6hsh6!19sChIJvzJp_yMe3JQRpjEfBtM4gRw,Não,,,Pendente,,,,Não,Google Maps exibe Adicionar website; verificado em 13/08/2026.,hotel
Hotel Animal,Hotel,47999268100,Joinville,https://www.google.com/maps/place/Hotel+Animal/data=!4m7!3m6!1s0x94deb185bf460501:0x862bbd752092ef01!8m2!3d-26.3133277!4d-48.8325123!16s%2Fg%2F11vz91x10r!19sChIJAQVGv4Wx3pQRAe-SIHW9K4Y,Não,,,Pendente,,,,Não,Google Maps exibe Adicionar website; verificado em 13/08/2026.,hotel
Cama em quarto compartilhado,Pousada,47997114209,Joinville,https://www.google.com/maps/place/Cama+em+quarto+compartilhado/data=!4m7!3m6!1s0x94deb06faf964f13:0xcf75c3eafb8c8f5e!8m2!3d-26.3383!4d-48.8218887!16s%2Fg%2F11h11kwnlg!19sChIJE0-Wr2-w3pQRXo-M--rDdc8,Não,,,Pendente,,,,Não,Google Maps exibe Adicionar website; verificado em 13/08/2026.,pousada
Hospedaria Don Camilo Joinville,Pousada,47984721026,Joinville,https://www.google.com/maps/place/Hospedaria+Don+Camilo+Joinville/data=!4m7!3m6!1s0x94deb03dce500001:0xf675ba022d67e5da!8m2!3d-26.2988812!4d-48.8578022!16s%2Fg%2F11d_pvgpc7!19sChIJAQBQzj2w3pQR2uVnLQK6dfY,Não,,,Pendente,,,,Não,Google Maps exibe Adicionar website; verificado em 13/08/2026.,pousada
América Colchões,Pousada,47992078043,Joinville,https://www.google.com/maps/place/Am%C3%A9rica+Colch%C3%B5es/data=!4m7!3m6!1s0x94deb10bfb30a6c5:0x9ae9eecffd157ecf!8m2!3d-26.2987341!4d-48.8221959!16s%2Fg%2F11w1cz_3kb!19sChIJxaYw-wux3pQRz34V_c_u6Zo,Não,,,Pendente,,,,Não,Google Maps exibe Adicionar website; verificado em 13/08/2026.,pousada
Premier Eventos (Recanto Ellos),Buffet,47988491129,Joinville,https://www.google.com/maps/place/Premier+Eventos+%28Recanto+Ellos%29/data=!4m7!3m6!1s0x94deb0ff3abf07fb:0x387dc206909db22b!8m2!3d-26.3651814!4d-48.8130684!16s%2Fg%2F1ptvykxm5!19sChIJ-we_Ov-w3pQRK7KdkAbCfTg,Não,,,Pendente,,,,Não,Google Maps exibe Adicionar website; verificado em 13/08/2026.,buffet
Kangoo’s Park Buffet Infantil,Buffet,47984769197,Joinville,https://www.google.com/maps/place/Kangoo%E2%80%99s+Park+Buffet+Infantil/data=!4m7!3m6!1s0x94deb059bc464061:0xcdf286aa365528d3!8m2!3d-26.3178099!4d-48.8522389!16s%2Fg%2F1td_6b48!19sChIJYUBGvFmw3pQR0yhVNqqG8s0,Não,,,Pendente,,,,Não,Google Maps exibe Adicionar website; verificado em 13/08/2026.,buffet
Galpão Luz - Eventos e Festas Infantis,Buffet,47996588486,Joinville,https://www.google.com/maps/place/Galp%C3%A3o+Luz+-+Eventos+e+Festas+Infantis/data=!4m7!3m6!1s0x94deb5962ced75ed:0xdd8b88149f4aaedb!8m2!3d-26.3443509!4d-48.7971252!16s%2Fg%2F11v0cpnrqg!19sChIJ7XXtLJa13pQR265KnxSIi90,Não,,,Pendente,,,,Não,Google Maps exibe Adicionar website; verificado em 13/08/2026.,buffet
@charleschurrasco,Buffet,47999010907,Joinville,https://www.google.com/maps/place/%27@charleschurrasco%27/data=!4m7!3m6!1s0x94dea5894eca93c7:0xc7586ce86db5a46!8m2!3d-26.2840439!4d-48.8816686!16s%2Fg%2F11lf_qwlc3!19sChIJx5PKToml3pQRRlrbhs6GdQw,Não,,,Pendente,,,,Não,Google Maps exibe Adicionar website; verificado em 13/08/2026.,buffet
Espaço Cata Festa,Buffet,47991569879,Joinville,https://www.google.com/maps/place/Espa%C3%A7o+Cata+Festa/data=!4m7!3m6!1s0x94deb1777c085a75:0xbf189c90196f2d70!8m2!3d-26.3500597!4d-48.8291103!16s%2Fg%2F11ssbzgvh9!19sChIJdVoIfHex3pQRcC1vGZCcGL8,Não,,,Pendente,,,,Não,Google Maps exibe Adicionar website; verificado em 13/08/2026.,buffet
Novara Club Festas e Eventos,Buffet,47992068486,Joinville,https://www.google.com/maps/place/Novara+Club+Festas+e+Eventos/data=!4m7!3m6!1s0x94deb7e5da8b8f8b:0x7d495c10c2590699!8m2!3d-26.3586515!4d-48.8318357!16s%2Fg%2F11fq4cs0jf!19sChIJi4-L2uW33pQRmQZZwhBcSX0,Não,,,Pendente,,,,Não,Google Maps exibe Adicionar website; verificado em 13/08/2026.,buffet
Salão de Festas Armênio,Buffet,47992217705,Joinville,https://www.google.com/maps/place/Sal%C3%A3o+de+Festas+Arm%C3%AAnio/data=!4m7!3m6!1s0x94deb74a1bf93c43:0x8c56de7652fb1fa0!8m2!3d-26.3729486!4d-48.825818!16s%2Fg%2F11w7lmv3c9!19sChIJQzz5G0q33pQRoB_7UnbeVow,Não,,,Pendente,,,,Não,Google Maps exibe Adicionar website; verificado em 13/08/2026.,buffet
Analu Festas e Eventos,Buffet,47988319890,Joinville,https://www.google.com/maps/place/Analu+Festas+e+Eventos/data=!4m7!3m6!1s0x94deb1ed67010bbd:0x30443cb59519dd61!8m2!3d-26.3395039!4d-48.8123357!16s%2Fg%2F11p5r6yvnw!19sChIJvQsBZ-2x3pQRYd0ZlbU8RDA,Não,,,Pendente,,,,Não,Google Maps exibe Adicionar website; verificado em 13/08/2026.,buffet
Naty Festas & Eventos,Buffet,47988477329,Joinville,https://www.google.com/maps/place/Naty+Festas+%26+Eventos/data=!4m7!3m6!1s0x94deb1a5874307cb:0x62174b8679f7c092!8m2!3d-26.320589!4d-48.831708!16s%2Fg%2F11lmdyvyjj!19sChIJywdDh6Wx3pQRksD3eYZLF2I,Não,,,Pendente,,,,Não,Google Maps exibe Adicionar website; verificado em 13/08/2026.,buffet
Alegria Mágica Salão de Festa Infantil e Decoração,Buffet,47999705653,Joinville,https://www.google.com/maps/place/Alegria+M%C3%A1gica+Sal%C3%A3o+de+Festa+Infantil+e+Decora%C3%A7%C3%A3o/data=!4m7!3m6!1s0x2d9b4063a6e32d51:0x1e918ea20937932f!8m2!3d-26.3305809!4d-48.8310372!16s%2Fg%2F11v19gtdl5!19sChIJUS3jpmNAmy0RL5M3CaKOkR4,Não,,,Pendente,,,,Não,Google Maps exibe Adicionar website; verificado em 13/08/2026.,buffet
Festa com Risoto - Buffet & Coquetel,Buffet,47999701792,Joinville,https://www.google.com/maps/place/Festa+com+Risoto+-+Buffet+%26+Coquetel/data=!4m7!3m6!1s0x94deb1fd11f03d91:0x41813aaed81932fe!8m2!3d-26.304816!4d-48.8480322!16s%2Fg%2F11gw1csyz_!19sChIJkT3wEf2x3pQR_jIZ2K46gUE,Não,,,Pendente,,,,Não,Google Maps exibe Adicionar website; verificado em 13/08/2026.,buffet
Restaurante Casarão,Buffet,47996418688,Joinville,https://www.google.com/maps/place/Restaurante+Casar%C3%A3o/data=!4m7!3m6!1s0x94deb1e0fb7a9907:0x68ca36768cd89108!8m2!3d-26.3036912!4d-48.8458813!16s%2Fg%2F11j03wwk0y!19sChIJB5l6--Cx3pQRCJHYjHY2ymg,Não,,,Pendente,,,,Não,Google Maps exibe Adicionar website; verificado em 13/08/2026.,buffet
Fun House Festas,Buffet,47997180549,Joinville,https://www.google.com/maps/place/Fun+House+Festas/data=!4m7!3m6!1s0x94deb1005497066d:0x7b0e9bf87a299d47!8m2!3d-26.2753001!4d-48.8206463!16s%2Fg%2F11vt8d41br!19sChIJbQaXVACx3pQRR50pevibDns,Não,,,Pendente,,,,Não,Google Maps exibe Adicionar website; verificado em 13/08/2026.,buffet
Teatro da Liga,Buffet,47992741388,Joinville,https://www.google.com/maps/place/Teatro+da+Liga/data=!4m7!3m6!1s0x94deb048c444fe4f:0x902d839870fbd8df!8m2!3d-26.3049855!4d-48.8482286!16s%2Fg%2F11csqt0y1j!19sChIJT_5ExEiw3pQR39j7cJiDLZA,Não,,,Pendente,,,,Não,Google Maps exibe Adicionar website; verificado em 13/08/2026.,buffet
A Fábrica de Festas,Buffet,47991487072,Joinville,https://www.google.com/maps/place/A+F%C3%A1brica+de+Festas/data=!4m7!3m6!1s0x94deafd9b4658dcf:0x850fa6b99e22a98a!8m2!3d-26.2801565!4d-48.8513184!16s%2Fg%2F11gb3r9r87!19sChIJz41ltNmv3pQRiqkinrmmD4U,Não,,,Pendente,,,,Não,Google Maps exibe Adicionar website; verificado em 13/08/2026.,buffet
Salão de Festa Festejar com Ane,Buffet,47992170728,Joinville,https://www.google.com/maps/place/Sal%C3%A3o+de+Festa+Festejar+com+Ane/data=!4m7!3m6!1s0x94deaf5de889d2fb:0x8bb9f7f43c4ea90!8m2!3d-26.2327969!4d-48.8030133!16s%2Fg%2F11v3t47988!19sChIJ-9KJ6F2v3pQRkOrEQ3-fuwg,Não,,,Pendente,,,,Não,Google Maps exibe Adicionar website; verificado em 13/08/2026.,buffet
JK Universo de Festas,Buffet,47999850145,Joinville,https://www.google.com/maps/place/JK+Universo+de+Festas/data=!4m7!3m6!1s0x94dea500354f8e63:0xf0828018638b581b!8m2!3d-26.2791495!4d-48.8987281!16s%2Fg%2F11w7s4hhs0!19sChIJY45PNQCl3pQRG1iLYxiAgvA,Não,,,Pendente,,,,Não,Google Maps exibe Adicionar website; verificado em 13/08/2026.,buffet
Clube 31 de Julho - Sargentos de Joinville,Buffet,4734331937,Joinville,https://www.google.com/maps/place/Clube+31+de+Julho+-+Sargentos+de+Joinville/data=!4m7!3m6!1s0x94deb0446cbdef19:0x2fa48294b653c78f!8m2!3d-26.3094802!4d-48.85398!16s%2Fg%2F11b822fz6k!19sChIJGe-9bESw3pQRj8dTtpSCpC8,Não,,,Pendente,,,,Não,Google Maps exibe Adicionar website; verificado em 13/08/2026.,buffet
Elaine Theodoro Fotografia Profissional em Joinville,Buffet,47996662232,Joinville,https://www.google.com/maps/place/Elaine+Theodoro+Fotografia+Profissional+em+Joinville/data=!4m7!3m6!1s0x94deb03f59031229:0xa87640433517d6a0!8m2!3d-26.3037468!4d-48.8554426!16s%2Fg%2F11c6d_cq9n!19sChIJKRIDWT-w3pQRoNYXNUNAdqg,Não,,,Pendente,,,,Não,Google Maps exibe Adicionar website; verificado em 13/08/2026.,buffet
Jelton organização e planejamento de eventos ltda,Buffet,47997074012,Joinville,https://www.google.com/maps/place/Jelton+organiza%C3%A7%C3%A3o+e+planejamento+de+eventos+ltda/data=!4m7!3m6!1s0x94deb107b170363f:0x144f77efbc3a34c0!8m2!3d-26.3160145!4d-48.8634133!16s%2Fg%2F11pycgyd57!19sChIJPzZwsQex3pQRwDQ6vO93TxQ,Não,,,Pendente,,,,Não,Google Maps exibe Adicionar website; verificado em 13/08/2026.,buffet
The Uncle Gastronomia,Buffet,47988101329,Joinville,https://www.google.com/maps/place/The+Uncle+Gastronomia/data=!4m7!3m6!1s0x94deb1253b581c7f:0xcf7f5ecc0b9587f3!8m2!3d-26.3196161!4d-48.8553345!16s%2Fg%2F11rvd8721w!19sChIJfxxYOyWx3pQR84eVC8xef88,Não,,,Pendente,,,,Não,Google Maps exibe Adicionar website; verificado em 13/08/2026.,buffet
Mont`s Blanc Eventos,Buffet,47991742985,Joinville,https://www.google.com/maps/place/Mont%60s+Blanc+Eventos/data=!4m7!3m6!1s0x94deb1c8276e6b73:0x790b3ec614beeb64!8m2!3d-26.3240847!4d-48.8573877!16s%2Fg%2F11ntp87rkr!19sChIJc2tuJ8ix3pQRZOu-FMY-C3k,Não,,,Pendente,,,,Não,Google Maps exibe Adicionar website; verificado em 13/08/2026.,buffet
Amazônia Bistrô Casa de Eventos,Buffet,47999834780,Joinville,https://www.google.com/maps/place/Amaz%C3%B4nia+Bistr%C3%B4+Casa+de+Eventos/data=!4m7!3m6!1s0x94deb19954fcd12d:0x43ef47c6336334ed!8m2!3d-26.3109732!4d-48.8461402!16s%2Fg%2F11x1py88rf!19sChIJLdH8VJmx3pQR7TRjM8ZH70M,Não,,,Pendente,,,,Não,Google Maps exibe Adicionar website; verificado em 13/08/2026.,buffet
Bela Vista Festas e Eventos,Buffet,4734334472,Joinville,https://www.google.com/maps/place/Bela+Vista+Festas+e+Eventos/data=!4m7!3m6!1s0x94deb05c1b1f293b:0x821b232c33668181!8m2!3d-26.3176794!4d-48.855402!16s%2Fg%2F1tks7gbt!19sChIJOykfG1yw3pQRgYFmMywjG4I,Não,,,Pendente,,,,Não,Google Maps exibe Adicionar website; verificado em 13/08/2026.,buffet
Viva Momentos Cerimonial,Buffet,47997775982,Joinville,https://www.google.com/maps/place/Viva+Momentos+Cerimonial/data=!4m7!3m6!1s0x8ec8f7dd575a0043:0x30cb36d86e227fd!8m2!3d-26.2822012!4d-48.8411141!16s%2Fg%2F11mzfd3nqq!19sChIJQwBaV933yI4R_Sfihm2zDAM,Não,,,Pendente,,,,Não,Google Maps exibe Adicionar website; verificado em 13/08/2026.,buffet
Toque de amor em arts,Buffet,47991164367,Joinville,https://www.google.com/maps/place/Toque+de+amor+em+arts/data=!4m7!3m6!1s0x94deb1a83ce9b84f:0xd520f9906347aa61!8m2!3d-26.2804181!4d-48.840487!16s%2Fg%2F11krflt8zz!19sChIJT7jpPKix3pQRYapHY5D5INU,Não,,,Pendente,,,,Não,Google Maps exibe Adicionar website; verificado em 13/08/2026.,buffet
Festerê Joinville,Buffet,4738040934,Joinville,https://www.google.com/maps/place/Fester%C3%AA+Joinville/data=!4m7!3m6!1s0x94dea51c029e3593:0x85a3c0d72c5993e9!8m2!3d-26.273849!4d-48.8876906!16s%2Fg%2F11t74c74qv!19sChIJkzWeAhyl3pQR6ZNZLNfAo4U,Não,,,Pendente,,,,Não,Google Maps exibe Adicionar website; verificado em 13/08/2026.,buffet
Thuany Festas,Buffet,47997685983,Joinville,https://www.google.com/maps/place/Thuany+Festas/data=!4m7!3m6!1s0x94deaf8b61cb4211:0x62c43ec0b13fa83d!8m2!3d-26.2704185!4d-48.8752194!16s%2Fg%2F1tcx2p9s!19sChIJEULLYYuv3pQRPag_scA-xGI,Não,,,Pendente,,,,Não,Google Maps exibe Adicionar website; verificado em 13/08/2026.,buffet
Mundo das Embalagens,Buffet,47933897249,Joinville,https://www.google.com/maps/place/Mundo+das+Embalagens/data=!4m7!3m6!1s0x94dea54469dcc333:0x3d3bd9dadd5d6c3f!8m2!3d-26.2737496!4d-48.8825232!16s%2Fg%2F11nb_nkcxm!19sChIJM8PcaUSl3pQRP2xd3drZOz0,Não,,,Pendente,,,,Não,Google Maps exibe Adicionar website; verificado em 13/08/2026.,buffet
Hoffmann Eventos e Restaurante,Buffet,47991757005,Joinville,https://www.google.com/maps/place/Hoffmann+Eventos+e+Restaurante/data=!4m7!3m6!1s0x94dea565e13b9f63:0x92eeb6c1911bf2a3!8m2!3d-26.2859706!4d-48.8988714!16s%2Fg%2F11ss7drsh5!19sChIJY5874WWl3pQRo_IbkcG27pI,Não,,,Pendente,,,,Não,Google Maps exibe Adicionar website; verificado em 13/08/2026.,buffet
Lolo Festas e Eventos,Buffet,47991799074,Joinville,https://www.google.com/maps/place/Lolo+Festas+e+Eventos/data=!4m7!3m6!1s0x94dea50016fe528d:0x4942a61c83a4d56a!8m2!3d-26.2865604!4d-48.912405!16s%2Fg%2F11ml2qd7s6!19sChIJjVL-FgCl3pQRatWkgxymQkk,Não,,,Pendente,,,,Não,Google Maps exibe Adicionar website; verificado em 13/08/2026.,buffet
Catafestas Eventos,Buffet,47984897249,Joinville,https://www.google.com/maps/place/Catafestas+Eventos/data=!4m7!3m6!1s0x94dea59a3f63381d:0x2d6a6aee26556265!8m2!3d-26.2665778!4d-48.9234673!16s%2Fg%2F11lcf1_34h!19sChIJHThjP5ql3pQRZWJVJu5qai0,Não,,,Pendente,,,,Não,Google Maps exibe Adicionar website; verificado em 13/08/2026.,buffet
RECANTO WOLFF,Buffet,47999201451,Joinville,https://www.google.com/maps/place/RECANTO+WOLFF/data=!4m7!3m6!1s0x94dea3dafb7b111b:0xdb2b50e544687a86!8m2!3d-26.2781991!4d-48.9713365!16s%2Fg%2F11pyhjy59x!19sChIJGxF7-9qj3pQRhnpoROVQK9s,Não,,,Pendente,,,,Não,Google Maps exibe Adicionar website; verificado em 13/08/2026.,buffet
Chácara Deretti,Buffet,47988213665,Joinville,https://www.google.com/maps/place/Ch%C3%A1cara+Deretti/data=!4m7!3m6!1s0x94dea51a525cb115:0x15bcd4e6998dbe49!8m2!3d-26.2724687!4d-48.8996788!16s%2Fg%2F11c7k_phtr!19sChIJFbFcUhql3pQRSb6NmebUvBU,Não,,,Pendente,,,,Não,Google Maps exibe Adicionar website; verificado em 13/08/2026.,buffet
Doce Mel Festas e Eventos,Buffet,4730290346,Joinville,https://www.google.com/maps/place/Doce+Mel+Festas+e+Eventos/data=!4m7!3m6!1s0x94dea5ff68f2e96b:0xd61d115786bbbeb9!8m2!3d-26.2949231!4d-48.9046015!16s%2Fg%2F11s22dhkp4!19sChIJa-nyaP-l3pQRub67hlcRHdY,Não,,,Pendente,,,,Não,Google Maps exibe Adicionar website; verificado em 13/08/2026.,buffet
Recanto das Arrozeiras,Buffet,47988432063,Joinville,https://www.google.com/maps/place/Recanto+das+Arrozeiras/data=!4m7!3m6!1s0x94debb2e63f46c4f:0x1428556c45f2fdb5!8m2!3d-26.315112!4d-48.928138!16s%2Fg%2F119wmlwrt!19sChIJT2z0Yy673pQRtf3yRWxVKBQ,Não,,,Pendente,,,,Não,Google Maps exibe Adicionar website; verificado em 13/08/2026.,buffet
Vila Park Eventos,Buffet,47996669993,Joinville,https://www.google.com/maps/place/Vila+Park+Eventos/data=!4m7!3m6!1s0x94dea5f0c7614f15:0xc16dc4fcd1d86fb8!8m2!3d-26.2791263!4d-48.9015606!16s%2Fg%2F11sv1ms781!19sChIJFU9hx_Cl3pQRuG_Y0fzEbcE,Não,,,Pendente,,,,Não,Google Maps exibe Adicionar website; verificado em 13/08/2026.,buffet
RK Eventos,Buffet,47984318588,Joinville,https://www.google.com/maps/place/RK+Eventos/data=!4m7!3m6!1s0x94deb0d951be7045:0xe97866a534925860!8m2!3d-26.3437896!4d-48.8446884!16s%2Fg%2F11g6nbskvw!19sChIJRXC-Udmw3pQRYFiSNKVmeOk,Não,,,Pendente,,,,Não,Google Maps exibe Adicionar website; verificado em 13/08/2026.,buffet
Casa de Brincar - Festas & Eventos,Buffet,47996052099,Joinville,https://www.google.com/maps/place/Casa+de+Brincar+-+Festas+%26+Eventos/data=!4m7!3m6!1s0x94deb141be82fe81:0x2b411ce49ef0e210!8m2!3d-26.3303936!4d-48.8458808!16s%2Fg%2F11h18vnn_c!19sChIJgf6CvkGx3pQREOLwnuQcQSs,Não,,,Pendente,,,,Não,Google Maps exibe Adicionar website; verificado em 13/08/2026.,buffet
Lidiane Rimeri,Buffet,47997273393,Joinville,https://www.google.com/maps/place/Lidiane+Rimeri/data=!4m7!3m6!1s0x94deb16381346931:0x8c1868d2edc88e45!8m2!3d-26.3365052!4d-48.8453881!16s%2Fg%2F11zwp2bzpv!19sChIJMWk0gWOx3pQRRY7I7dJoGIw,Não,,,Pendente,,,,Não,Google Maps exibe Adicionar website; verificado em 13/08/2026.,buffet
Só Festa,Buffet,4733079808,Joinville,https://www.google.com/maps/place/S%C3%B3+Festa/data=!4m7!3m6!1s0x94deb1cc18a83a2f:0x7f534837ba6f8055!8m2!3d-26.3351314!4d-48.817081!16s%2Fg%2F11s47pxpkf!19sChIJLzqoGMyx3pQRVYBvujdIU38,Não,,,Pendente,,,,Não,Google Maps exibe Adicionar website; verificado em 13/08/2026.,buffet
.,Buffet,47999015694,Joinville,https://www.google.com/maps/place/data=!4m7!3m6!1s0x94deb15d2b0154c7:0xaf2dcddda4b35ac9!8m2!3d-26.3343199!4d-48.8189351!16s%2Fg%2F11wfk6gd2z!19sChIJx1QBK12x3pQRyVqzpN3NLa8,Não,,,Pendente,,,,Não,Google Maps exibe Adicionar website; verificado em 13/08/2026.,buffet
Social e Rigor,Buffet,47996334247,Joinville,https://www.google.com/maps/place/Social+e+Rigor/data=!4m7!3m6!1s0x94deb102eac773cd:0x267557aa7adbd70b!8m2!3d-26.3256198!4d-48.8384318!16s%2Fg%2F11b824cvvv!19sChIJzXPH6gKx3pQRC9fbeqpXdSY,Não,,,Pendente,,,,Não,Google Maps exibe Adicionar website; verificado em 13/08/2026.,buffet
Recanto Sul Eventos,Buffet,47996896997,Joinville,https://www.google.com/maps/place/Recanto+Sul+Eventos/data=!4m7!3m6!1s0x94deb7f5be049357:0xc6910fbdd451202b!8m2!3d-26.3652291!4d-48.8123807!16s%2Fg%2F11vk7btvxv!19sChIJV5MEvvW33pQRKyBR1L0PkcY,Não,,,Pendente,,,,Não,Google Maps exibe Adicionar website; verificado em 13/08/2026.,buffet
PH Brinkedos e PH Decorações,Buffet,47989003271,Joinville,https://www.google.com/maps/place/PH+Brinkedos+e+PH+Decora%C3%A7%C3%B5es/data=!4m7!3m6!1s0x94deb6cfc6f7d61f:0xdab06ee88ea3b7cc!8m2!3d-26.3581246!4d-48.8283117!16s%2Fg%2F11cs6dxp7v!19sChIJH9b3xs-23pQRzLejjuhusNo,Não,,,Pendente,,,,Não,Google Maps exibe Adicionar website; verificado em 13/08/2026.,buffet
Dumbo Festas e Eventos,Buffet,4734657528,Joinville,https://www.google.com/maps/place/Dumbo+Festas+e+Eventos/data=!4m7!3m6!1s0x94deb6c2f90c5fe7:0x69132e4909884a88!8m2!3d-26.3697327!4d-48.8274464!16s%2Fg%2F11bwm9n756!19sChIJ518M-cK23pQRiEqICUkuE2k,Não,,,Pendente,,,,Não,Google Maps exibe Adicionar website; verificado em 13/08/2026.,buffet
PH Casa de Eventos,Buffet,47996665998,Joinville,https://www.google.com/maps/place/PH+Casa+de+Eventos/data=!4m7!3m6!1s0x94deb7dffd6d1361:0x5022d4ebef7d4847!8m2!3d-26.3892215!4d-48.8169998!16s%2Fg%2F11xrmm91_n!19sChIJYRNt_d-33pQRR0h97-vUIlA,Não,,,Pendente,,,,Não,Google Maps exibe Adicionar website; verificado em 13/08/2026.,buffet
Casa LR Festas e Eventos,Buffet,47989135092,Joinville,https://www.google.com/maps/place/Casa+LR+Festas+e+Eventos/data=!4m7!3m6!1s0x94deaf137b8aad25:0xd38413b98a2c2195!8m2!3d-26.238546!4d-48.8123874!16s%2Fg%2F11yml_6bm8!19sChIJJa2KexOv3pQRlSEsirkThNM,Não,,,Pendente,,,,Não,Google Maps exibe Adicionar website; verificado em 13/08/2026.,buffet
AVIVAH Festas & Eventos,Buffet,47996964556,Joinville,https://www.google.com/maps/place/AVIVAH+Festas+%26+Eventos/data=!4m7!3m6!1s0x94deaf826bb06ecb:0xd62df44d02ffbddd!8m2!3d-26.2945522!4d-48.8164753!16s%2Fg%2F11xn3dj3j6!19sChIJy26wa4Kv3pQR3b3_Ak30LdY,Não,,,Pendente,,,,Não,Google Maps exibe Adicionar website; verificado em 13/08/2026.,buffet
Restaurante Júnior,Buffet,47991096710,Joinville,https://www.google.com/maps/place/Restaurante+J%C3%BAnior/data=!4m7!3m6!1s0x94deae3d9be6a9cb:0x52d3e42b3c513e34!8m2!3d-26.2588859!4d-48.8199724!16s%2Fg%2F1tdx9vqh!19sChIJy6nmmz2u3pQRND5RPCvk01I,Não,,,Pendente,,,,Não,Google Maps exibe Adicionar website; verificado em 13/08/2026.,buffet
Rancho Verde Eventos,Buffet,47999561514,Joinville,https://www.google.com/maps/place/Rancho+Verde+Eventos/data=!4m7!3m6!1s0x94dea794433a8053:0x96d4edce4cb6b1cb!8m2!3d-26.1612853!4d-48.8971243!16s%2Fg%2F11f3r2wbvj!19sChIJU4A6Q5Sn3pQRy7G2TM7t1JY,Não,,,Pendente,,,,Não,Google Maps exibe Adicionar website; verificado em 13/08/2026.,buffet
Muraro & Correia Festas & Eventos,Buffet,47991654452,Joinville,https://www.google.com/maps/place/Muraro+%26+Correia+Festas+%26+Eventos/data=!4m7!3m6!1s0x94dead42f5c28775:0x3e5c6b363ceb5f15!8m2!3d-26.2538481!4d-48.8046133!16s%2Fg%2F11f8622b9q!19sChIJdYfC9UKt3pQRFV_rPDZrXD4,Não,,,Pendente,,,,Não,Google Maps exibe Adicionar website; verificado em 13/08/2026.,buffet
JCarlos Assador Joinville,Buffet,47996555602,Joinville,https://www.google.com/maps/place/JCarlos+Assador+Joinville/data=!4m7!3m6!1s0x94deadcb785302dd:0x7d8ecc158e568ae!8m2!3d-26.2478513!4d-48.7969716!16s%2Fg%2F11fl79_lqs!19sChIJ3QJTeMut3pQRrmjlWMHs2Ac,Não,,,Pendente,,,,Não,Google Maps exibe Adicionar website; verificado em 13/08/2026.,buffet
Toda Festa,Buffet,4734373450,Joinville,https://www.google.com/maps/place/Toda+Festa/data=!4m7!3m6!1s0x94deae0ab923473b:0x457867183fbd264f!8m2!3d-26.2462365!4d-48.8010391!16s%2Fg%2F1tftggjy!19sChIJO0cjuQqu3pQRTya9PxhneEU,Não,,,Pendente,,,,Não,Google Maps exibe Adicionar website; verificado em 13/08/2026.,buffet
Casa de Festas Meister Festas e Eventos,Buffet,47991105350,Joinville,https://www.google.com/maps/place/Casa+de+Festas+Meister+Festas+e+Eventos/data=!4m7!3m6!1s0x94deb1ebfd2bae7d:0xaa2b6d0ca89d58c5!8m2!3d-26.2608321!4d-48.8102746!16s%2Fg%2F11f6w1q_md!19sChIJfa4r_eux3pQRxVidqAxtK6o,Não,,,Pendente,,,,Não,Google Maps exibe Adicionar website; verificado em 13/08/2026.,buffet
Casa Micale,Buffet,47997374117,Joinville,https://www.google.com/maps/place/Casa+Micale/data=!4m7!3m6!1s0x94deaf002623b7c1:0x782b14c74406214a!8m2!3d-26.2477743!4d-48.8103335!16s%2Fg%2F11y49p1zbl!19sChIJwbcjJgCv3pQRSiEGRMcUK3g,Não,,,Pendente,,,,Não,Google Maps exibe Adicionar website; verificado em 13/08/2026.,buffet
WJunior Photography,Fotografia,47991544227,Joinville,https://www.google.com/maps/place/WJunior+Photography/data=!4m7!3m6!1s0x94deb77e6bbbb94b:0xd7206337c74acdc6!8m2!3d-26.3650179!4d-48.8278114!16s%2Fg%2F11g1nmtsw7!19sChIJS7m7a3633pQRxs1KxzdjINc,Não,,,Pendente,,,,Não,Google Maps exibe Adicionar website; verificado em 13/08/2026.,fotografia
Thiago Leonardo Fotografias,Fotografia,47999665042,Joinville,https://www.google.com/maps/place/Thiago+Leonardo+Fotografias/data=!4m7!3m6!1s0x94deb776ec2819a3:0xed54d9e6a386884f!8m2!3d-26.3579155!4d-48.8397497!16s%2Fg%2F11yc85kzqs!19sChIJoxko7Ha33pQRT4iGo-bZVO0,Não,,,Pendente,,,,Não,Google Maps exibe Adicionar website; verificado em 13/08/2026.,fotografia
Ana Bomkowski Fotografia | Agência Shopee,Fotografia,47988104406,Joinville,https://www.google.com/maps/place/Ana+Bomkowski+Fotografia+%7C+Ag%C3%AAncia+Shopee/data=!4m7!3m6!1s0x94deb110e3ccde61:0xabcfe4e72f0112c0!8m2!3d-26.3567432!4d-48.8463403!16s%2Fg%2F11n0bwq5dt!19sChIJYd7M4xCx3pQRwBIBL-fkz6s,Não,,,Pendente,,,,Não,Google Maps exibe Adicionar website; verificado em 13/08/2026.,fotografia
Excalibur Modelos Oficial,Fotografia,47997667292,Joinville,https://www.google.com/maps/place/Excalibur+Modelos+Oficial/data=!4m7!3m6!1s0x94deb7eb380bf89f:0x7f6eb841d0ce941!8m2!3d-26.3653011!4d-48.831205!16s%2Fg%2F11ww05_kr4!19sChIJn_gLOOu33pQRQekMHYTr9gc,Não,,,Pendente,,,,Não,Google Maps exibe Adicionar website; verificado em 13/08/2026.,fotografia
Chaveiro E Foto Cícero,Fotografia,4734657747,Joinville,https://www.google.com/maps/place/Chaveiro+E+Foto+C%C3%ADcero/data=!4m7!3m6!1s0x94deb6d1b0be263f:0x507d714b699ab6df!8m2!3d-26.360362!4d-48.8313288!16s%2Fg%2F11b8d2sszz!19sChIJPya-sNG23pQR37aaaUtxfVA,Não,,,Pendente,,,,Não,Google Maps exibe Adicionar website; verificado em 13/08/2026.,fotografia
Eberson Teodoro Estúdio e Escola de Fotografia,Fotografia,47984344098,Joinville,https://www.google.com/maps/place/Eberson+Teodoro+Est%C3%BAdio+e+Escola+de+Fotografia/data=!4m7!3m6!1s0x94deb02f977d68f1:0x37d6f9406356bb6a!8m2!3d-26.3049903!4d-48.8463358!16s%2Fg%2F11b90f5nfz!19sChIJ8Wh9ly-w3pQRartWY0D51jc,Não,,,Pendente,,,,Não,Google Maps exibe Adicionar website; verificado em 13/08/2026.,fotografia
Contrast Fotografia - Studio Fotográfico,Fotografia,47999888408,Joinville,https://www.google.com/maps/place/Contrast+Fotografia+-+Studio+Fotogr%C3%A1fico/data=!4m7!3m6!1s0x94deb1a263afb68f:0x7a09ab599e9a4c7e!8m2!3d-26.3037283!4d-48.8204332!16s%2Fg%2F11c6s88c0r!19sChIJj7avY6Kx3pQRfkyanlmrCXo,Não,,,Pendente,,,,Não,Google Maps exibe Adicionar website; verificado em 13/08/2026.,fotografia
lovephotofotografia,Fotografia,47996409363,Joinville,https://www.google.com/maps/place/lovephotofotografia/data=!4m7!3m6!1s0x94deb7c86fbe6bb5:0x949de813327b27ae!8m2!3d-26.3609324!4d-48.8341895!16s%2Fg%2F11vkhp9q0h!19sChIJtWu-b8i33pQRrid7MhPonZQ,Não,,,Pendente,,,,Não,Google Maps exibe Adicionar website; verificado em 13/08/2026.,fotografia
Sobradão Personalizados,Fotografia,47992671858,Joinville,https://www.google.com/maps/place/Sobrad%C3%A3o+Personalizados/data=!4m7!3m6!1s0x94deb77f508c0a75:0x1e0afbde9f4da091!8m2!3d-26.3616279!4d-48.8364738!16s%2Fg%2F11fwh_l0gg!19sChIJdQqMUH-33pQRkaBNn977Ch4,Não,,,Pendente,,,,Não,Google Maps exibe Adicionar website; verificado em 13/08/2026.,fotografia
Thayná Dobner Fotografias,Fotografia,47984959427,Joinville,https://www.google.com/maps/place/Thayn%C3%A1+Dobner+Fotografias/data=!4m7!3m6!1s0x94deb797fa088863:0xec1049cc41852d47!8m2!3d-26.3616966!4d-48.8046445!16s%2Fg%2F11ll1v4yjn!19sChIJY4gI-pe33pQRRy2FQcxJEOw,Não,,,Pendente,,,,Não,Google Maps exibe Adicionar website; verificado em 13/08/2026.,fotografia
Francener Fotografia,Fotografia,4734360153,Joinville,https://www.google.com/maps/place/Francener+Fotografia/data=!4m7!3m6!1s0x94deb6ed5992f2db:0xd45792e7df30f947!8m2!3d-26.3787941!4d-48.8204244!16s%2Fg%2F1pp2tlbpc!19sChIJ2_KSWe223pQRR_kw3-eSV9Q,Não,,,Pendente,,,,Não,Google Maps exibe Adicionar website; verificado em 13/08/2026.,fotografia
Flash fotos e personalizados,Fotografia,47992151414,Joinville,https://www.google.com/maps/place/Flash+fotos+e+personalizados/data=!4m7!3m6!1s0x94deb10a6c5a7c51:0xcd6741dd96cf9f40!8m2!3d-26.3017584!4d-48.8443777!16s%2Fg%2F11y5m27838!19sChIJUXxabAqx3pQRQJ_Plt1BZ80,Não,,,Pendente,,,,Não,Google Maps exibe Adicionar website; verificado em 13/08/2026.,fotografia
Kodak,Fotografia,4739033137,Joinville,https://www.google.com/maps/place/Kodak/data=!4m7!3m6!1s0x94deb0487e527bc9:0xe1aa29ac026a345f!8m2!3d-26.303916!4d-48.849367!16s%2Fg%2F11bv38f1qz!19sChIJyXtSfkiw3pQRXzRqAqwpquE,Não,,,Pendente,,,,Não,Google Maps exibe Adicionar website; verificado em 13/08/2026.,fotografia
3x4 Joinville,Fotografia,47991595431,Joinville,https://www.google.com/maps/place/3x4+Joinville/data=!4m7!3m6!1s0x94deb16a9b4456d5:0xda92be7fc17b473a!8m2!3d-26.3055105!4d-48.8434542!16s%2Fg%2F11xdfdqxx5!19sChIJ1VZEm2qx3pQROkd7wX--kto,Não,,,Pendente,,,,Não,Google Maps exibe Adicionar website; verificado em 13/08/2026.,fotografia
Animatic Fotografia,Fotografia,47997600859,Joinville,https://www.google.com/maps/place/Animatic+Fotografia/data=!4m7!3m6!1s0x94deb19d021e48a5:0xcc161cc6a5db347!8m2!3d-26.3041273!4d-48.844899!16s%2Fg%2F11yzx4nwtd!19sChIJpUgeAp2x3pQRR7NdasxhwQw,Não,,,Pendente,,,,Não,Google Maps exibe Adicionar website; verificado em 13/08/2026.,fotografia
Juliana Maul Fotografia,Fotografia,47999117716,Joinville,https://www.google.com/maps/place/Juliana+Maul+Fotografia/data=!4m7!3m6!1s0x94deb1d8b5bb8dd9:0x3ab24764dbaac856!8m2!3d-26.2995541!4d-48.8503128!16s%2Fg%2F11n5gx4sn7!19sChIJ2Y27tdix3pQRVsiq22RHsjo,Não,,,Pendente,,,,Não,Google Maps exibe Adicionar website; verificado em 13/08/2026.,fotografia
STUDIO PHDE,Fotografia,47999769919,Joinville,https://www.google.com/maps/place/STUDIO+PHDE/data=!4m7!3m6!1s0x94deb173929725f1:0x3a79c131abe256a9!8m2!3d-26.3060038!4d-48.8457936!16s%2Fg%2F11sdvybwzv!19sChIJ8SWXknOx3pQRqVbiqzHBeTo,Não,,,Pendente,,,,Não,Google Maps exibe Adicionar website; verificado em 13/08/2026.,fotografia
Make A Wedding Pic - Fotógrafo de Casamento,Fotografia,47997548779,Joinville,https://www.google.com/maps/place/Make+A+Wedding+Pic+-+Fot%C3%B3grafo+de+Casamento/data=!4m7!3m6!1s0x94deb178b881d98b:0xc069e6d63f6b2e73!8m2!3d-26.2826477!4d-48.8490141!16s%2Fg%2F11mzw9f8r0!19sChIJi9mBuHix3pQRcy5rP9bmacA,Não,,,Pendente,,,,Não,Google Maps exibe Adicionar website; verificado em 13/08/2026.,fotografia
JA Estúdio!,Fotografia,47999858548,Joinville,https://www.google.com/maps/place/JA+Est%C3%BAdio!/data=!4m7!3m6!1s0x94deae1c137411d5:0x9c19a17f996b4753!8m2!3d-26.2656293!4d-48.8134751!16s%2Fg%2F11bvcvywbk!19sChIJ1RF0Exyu3pQRU0drmX-hGZw,Não,,,Pendente,,,,Não,Google Maps exibe Adicionar website; verificado em 13/08/2026.,fotografia
Estúdio Marília Oliveira - Especializada em Gestantes e Newborn.,Fotografia,47996862475,Joinville,https://www.google.com/maps/place/Est%C3%BAdio+Mar%C3%ADlia+Oliveira+-+Especializada+em+Gestantes+e+Newborn./data=!4m7!3m6!1s0x94deaf658cb69699:0xcab98651a631a788!8m2!3d-26.2574713!4d-48.818774!16s%2Fg%2F11f7110ldb!19sChIJmZa2jGWv3pQRiKcxplGGuco,Não,,,Pendente,,,,Não,Google Maps exibe Adicionar website; verificado em 13/08/2026.,fotografia
Feux Fotografia,Fotografia,4734299145,Joinville,https://www.google.com/maps/place/Feux+Fotografia/data=!4m7!3m6!1s0x94deb0e7ad9054b5:0x40dfa7b95356feb6!8m2!3d-26.3376861!4d-48.8478681!16s%2Fg%2F11b88tp1z6!19sChIJtVSQreew3pQRtv5WU7mn30A,Não,,,Pendente,,,,Não,Google Maps exibe Adicionar website; verificado em 13/08/2026.,fotografia
Célebre Eventos e Fotografia,Fotografia,47997227042,Joinville,https://www.google.com/maps/place/C%C3%A9lebre+Eventos+e+Fotografia/data=!4m7!3m6!1s0x94deba8056566eed:0x9036698ab92977cc!8m2!3d-26.3302833!4d-48.8831461!16s%2Fg%2F12m9j872p!19sChIJ7W5WVoC63pQRzHcpuYppNpA,Não,,,Pendente,,,,Não,Google Maps exibe Adicionar website; verificado em 13/08/2026.,fotografia
Ananice Fotografia,Fotografia,47999290344,Joinville,https://www.google.com/maps/place/Ananice+Fotografia/data=!4m7!3m6!1s0x94deaf305b02c56f:0x676778068e4ca49c!8m2!3d-26.2651371!4d-48.8395241!16s%2Fg%2F11jdk0l0tp!19sChIJb8UCWzCv3pQRnKRMjgZ4Z2c,Não,,,Pendente,,,,Não,Google Maps exibe Adicionar website; verificado em 13/08/2026.,fotografia
Studio Chris Porto,Fotografia,47991626564,Joinville,https://www.google.com/maps/place/Studio+Chris+Porto/data=!4m7!3m6!1s0x94deb05028347db9:0x90011d96a34d6094!8m2!3d-26.3110205!4d-48.8476487!16s%2Fg%2F11b8_p9qz2!19sChIJuX00KFCw3pQRlGBNo5YdAZA,Não,,,Pendente,,,,Não,Google Maps exibe Adicionar website; verificado em 13/08/2026.,fotografia
Geovana Machado Fotografia,Fotografia,47999708044,Joinville,https://www.google.com/maps/place/Geovana+Machado+Fotografia/data=!4m7!3m6!1s0x94deb0e84f72e167:0xac24b52795665148!8m2!3d-26.3396541!4d-48.851685!16s%2Fg%2F11c545f3g5!19sChIJZ-FyT-iw3pQRSFFmlSe1JKw,Não,,,Pendente,,,,Não,Google Maps exibe Adicionar website; verificado em 13/08/2026.,fotografia
Rafael Tuma | Fotografias,Fotografia,47992100959,Joinville,https://www.google.com/maps/place/Rafael+Tuma+%7C+Fotografias/data=!4m7!3m6!1s0x4092220e85a47879:0xa6548f687147afe8!8m2!3d-26.3046533!4d-48.8541608!16s%2Fg%2F11kc8wz2vw!19sChIJeXikhQ4ikkAR6K9HcWiPVKY,Não,,,Pendente,,,,Não,Google Maps exibe Adicionar website; verificado em 13/08/2026.,fotografia
Indfotos,Fotografia,47999114812,Joinville,https://www.google.com/maps/place/Indfotos/data=!4m7!3m6!1s0x94deb0440998b32d:0x3f4832bf7b0bae0!8m2!3d-26.3091797!4d-48.8547474!16s%2Fg%2F11h03_5zn8!19sChIJLbOYCUSw3pQR4Lqw9yuD9AM,Não,,,Pendente,,,,Não,Google Maps exibe Adicionar website; verificado em 13/08/2026.,fotografia
Loquei Cabine de Fotos,Fotografia,47984766057,Joinville,https://www.google.com/maps/place/Loquei+Cabine+de+Fotos/data=!4m7!3m6!1s0x94deb16f83745165:0x38adaf99b915d947!8m2!3d-26.3195558!4d-48.8095785!16s%2Fg%2F11hbgjdrs5!19sChIJZVF0g2-x3pQRR9kVuZmvrTg,Não,,,Pendente,,,,Não,Google Maps exibe Adicionar website; verificado em 13/08/2026.,fotografia
Fotopix,Fotografia,4734337078,Joinville,https://www.google.com/maps/place/Fotopix/data=!4m7!3m6!1s0x94deb04fdbeb0d85:0x9fd84b40a58e19f8!8m2!3d-26.310477!4d-48.848165!16s%2Fg%2F12htb9x8y!19sChIJhQ3r20-w3pQR-BmOpUBL2J8,Não,,,Pendente,,,,Não,Google Maps exibe Adicionar website; verificado em 13/08/2026.,fotografia
Sestrem Studios,Fotografia,47997802261,Joinville,https://www.google.com/maps/place/Sestrem+Studios/data=!4m7!3m6!1s0x94deb1981b333149:0x4ba71b8f0f5b533b!8m2!3d-26.3179302!4d-48.8377679!16s%2Fg%2F11yz_30v_x!19sChIJSTEzG5ix3pQRO1NbD48bp0s,Não,,,Pendente,,,,Não,Google Maps exibe Adicionar website; verificado em 13/08/2026.,fotografia
Rodrigo Madruga,Fotografia,47991414578,Joinville,https://www.google.com/maps/place/Rodrigo+Madruga/data=!4m7!3m6!1s0x94deb1ffac793623:0x82df0b9fac78e458!8m2!3d-26.3049771!4d-48.8464291!16s%2Fg%2F11h1f29bfp!19sChIJIzZ5rP-x3pQRWOR4rJ8L34I,Não,,,Pendente,,,,Não,Google Maps exibe Adicionar website; verificado em 13/08/2026.,fotografia
Magna Filmes,Fotografia,47992256569,Joinville,https://www.google.com/maps/place/Magna+Filmes/data=!4m7!3m6!1s0x94dea59c3702f679:0xe948c95d94991ba2!8m2!3d-26.3029747!4d-48.8433308!16s%2Fg%2F11h6g2cy4c!19sChIJefYCN5yl3pQRohuZlF3JSOk,Não,,,Pendente,,,,Não,Google Maps exibe Adicionar website; verificado em 13/08/2026.,fotografia
InFoccus Fotografia,Fotografia,4732070325,Joinville,https://www.google.com/maps/place/InFoccus+Fotografia/data=!4m7!3m6!1s0x94deb0fa828c3b4f:0x358349bbe9543bc4!8m2!3d-26.3287596!4d-48.8501325!16s%2Fg%2F1tdm9h2l!19sChIJTzuMgvqw3pQRxDtU6btJgzU,Não,,,Pendente,,,,Não,Google Maps exibe Adicionar website; verificado em 13/08/2026.,fotografia
Rec Brasil Produtora de Vídeo,Fotografia,4730285066,Joinville,https://www.google.com/maps/place/Rec+Brasil+Produtora+de+V%C3%ADdeo/data=!4m7!3m6!1s0x94deb05b4ba9d553:0x83163db260e1a9cb!8m2!3d-26.3131461!4d-48.8537198!16s%2Fg%2F1pt_m6f3v!19sChIJU9WpS1uw3pQRy6nhYLI9FoM,Não,,,Pendente,,,,Não,Google Maps exibe Adicionar website; verificado em 13/08/2026.,fotografia
Encanto Estudio,Fotografia,47991371778,Joinville,https://www.google.com/maps/place/Encanto+Estudio/data=!4m7!3m6!1s0x94deb13b3255b54d:0x5916d0601237386e!8m2!3d-26.3204972!4d-48.8406078!16s%2Fg%2F11z0wlgfrw!19sChIJTbVVMjux3pQRbjg3EmDQFlk,Não,,,Pendente,,,,Não,Google Maps exibe Adicionar website; verificado em 13/08/2026.,fotografia
Gracielle Lopes Fotografia,Fotografia,47997881044,Joinville,https://www.google.com/maps/place/Gracielle+Lopes+Fotografia/data=!4m7!3m6!1s0x94deb7a48c145bd9:0xb5a0f731b95ca11c!8m2!3d-26.3799248!4d-48.8197174!16s%2Fg%2F11vkc7ktrm!19sChIJ2VsUjKS33pQRHKFcuTH3oLU,Não,,,Pendente,,,,Não,Google Maps exibe Adicionar website; verificado em 13/08/2026.,fotografia
Barulho de Motor,Fotografia,47996102168,Joinville,https://www.google.com/maps/place/Barulho+de+Motor/data=!4m7!3m6!1s0x94deb1d2e484ffa7:0xd35d10756849b00a!8m2!3d-26.2856797!4d-48.8379394!16s%2Fg%2F11bxjkvsyb!19sChIJp_-E5NKx3pQRCrBJaHUQXdM,Não,,,Pendente,,,,Não,Google Maps exibe Adicionar website; verificado em 13/08/2026.,fotografia
Adilson Gregório Fotografias,Fotografia,4734376693,Joinville,https://www.google.com/maps/place/Adilson+Greg%C3%B3rio+Fotografias/data=!4m7!3m6!1s0x94deae2c6ad0cfa5:0x6b688a3275c0470f!8m2!3d-26.2712595!4d-48.8361094!16s%2Fg%2F1tg6r84w!19sChIJpc_Qaiyu3pQRD0fAdTKKaGs,Não,,,Pendente,,,,Não,Google Maps exibe Adicionar website; verificado em 13/08/2026.,fotografia
Blue Fotos,Fotografia,4734270025,Joinville,https://www.google.com/maps/place/Blue+Fotos/data=!4m7!3m6!1s0x94deb1e3f89594c7:0x23e6e3221cafc08a!8m2!3d-26.2747066!4d-48.8141437!16s%2Fg%2F11b88trgh4!19sChIJx5SV-OOx3pQRisCvHCLj5iM,Não,,,Pendente,,,,Não,Google Maps exibe Adicionar website; verificado em 13/08/2026.,fotografia
Cabine Fotos na Festa,Fotografia,4731219618,Joinville,https://www.google.com/maps/place/Cabine+Fotos+na+Festa/data=!4m7!3m6!1s0x94deb02d4052f84d:0x5f29b3a3979149de!8m2!3d-26.2878913!4d-48.8407901!16s%2Fg%2F11g_gnzsv!19sChIJTfhSQC2w3pQR3kmRl6OzKV8,Não,,,Pendente,,,,Não,Google Maps exibe Adicionar website; verificado em 13/08/2026.,fotografia
CATI FOTOGRAFIA,Fotografia,47999618318,Joinville,https://www.google.com/maps/place/CATI+FOTOGRAFIA/data=!4m7!3m6!1s0x94deb11487b5a269:0x1de89a6319e48809!8m2!3d-26.3402037!4d-48.8064142!16s%2Fg%2F11z35cw31j!19sChIJaaK1hxSx3pQRCYjkGWOa6B0,Não,,,Pendente,,,,Não,Google Maps exibe Adicionar website; verificado em 13/08/2026.,fotografia
Studio Marina Alves Fotografias,Fotografia,47988082800,Joinville,https://www.google.com/maps/place/Studio+Marina+Alves+Fotografias/data=!4m7!3m6!1s0x94deb12ef73520ad:0xe2af45463ff66fab!8m2!3d-26.2992504!4d-48.813082!16s%2Fg%2F11s7dx_5vf!19sChIJrSA19y6x3pQRq2_2P0ZFr-I,Não,,,Pendente,,,,Não,Google Maps exibe Adicionar website; verificado em 13/08/2026.,fotografia
Jacke Dias Fotografia,Fotografia,47991445006,Joinville,https://www.google.com/maps/place/Jacke+Dias+Fotografia/data=!4m7!3m6!1s0x94deaf57b6e51c51:0xda4851c0210626b4!8m2!3d-26.2896242!4d-48.8795987!16s%2Fg%2F11fnqm3zcy!19sChIJURzltlev3pQRtCYGIcBRSNo,Não,,,Pendente,,,,Não,Google Maps exibe Adicionar website; verificado em 13/08/2026.,fotografia
Gold Cabine,Fotografia,4738040487,Joinville,https://www.google.com/maps/place/Gold+Cabine/data=!4m7!3m6!1s0x94deaff3fc60d897:0xc5811f32cb2ca38!8m2!3d-26.2759854!4d-48.8745533!16s%2Fg%2F11g9m9lh37!19sChIJl9hg_POv3pQROMqyLPMRWAw,Não,,,Pendente,,,,Não,Google Maps exibe Adicionar website; verificado em 13/08/2026.,fotografia
LAN HOUSE MAXINET INFORMÁTICA,Fotografia,47997342042,Joinville,https://www.google.com/maps/place/LAN+HOUSE+MAXINET+INFORM%C3%81TICA/data=!4m7!3m6!1s0x94deaff2daa7a457:0x21c1293df96b4ed0!8m2!3d-26.2708848!4d-48.872652!16s%2Fg%2F1tff45bz!19sChIJV6Sn2vKv3pQR0E5r-T0pwSE,Não,,,Pendente,,,,Não,Google Maps exibe Adicionar website; verificado em 13/08/2026.,fotografia
Três Oitavos Filmes e Animações,Fotografia,47988866555,Joinville,https://www.google.com/maps/place/Tr%C3%AAs+Oitavos+Filmes+e+Anima%C3%A7%C3%B5es/data=!4m7!3m6!1s0x94dea5db1c87283f:0xd333edaaf6d3afbe!8m2!3d-26.2734268!4d-48.8691867!16s%2Fg%2F11h82146jt!19sChIJPyiHHNul3pQRvq_T9qrtM9M,Não,,,Pendente,,,,Não,Google Maps exibe Adicionar website; verificado em 13/08/2026.,fotografia
Vanessa Aviz Fotografia,Fotografia,47996381001,Joinville,https://www.google.com/maps/place/Vanessa+Aviz+Fotografia/data=!4m7!3m6!1s0x94dea53a7e54cfe5:0xc299c2c766709512!8m2!3d-26.29238!4d-48.9075455!16s%2Fg%2F11f53n9zv4!19sChIJ5c9Ufjql3pQREpVwZsfCmcI,Não,,,Pendente,,,,Não,Google Maps exibe Adicionar website; verificado em 13/08/2026.,fotografia
Carol Doudat Fotografia,Fotografia,47992418878,Joinville,https://www.google.com/maps/place/Carol+Doudat+Fotografia/data=!4m7!3m6!1s0x94dea550b4344f11:0x2dbaf06dcc0fdb44!8m2!3d-26.2905521!4d-48.892353!16s%2Fg%2F11q848lqb8!19sChIJEU80tFCl3pQRRNsPzG3wui0,Não,,,Pendente,,,,Não,Google Maps exibe Adicionar website; verificado em 13/08/2026.,fotografia
Lata de Tinta Fotografia,Fotografia,47999191568,Joinville,https://www.google.com/maps/place/Lata+de+Tinta+Fotografia/data=!4m7!3m6!1s0x94dea539d21ed6bb:0xce99591eb593ff94!8m2!3d-26.290371!4d-48.9029943!16s%2Fg%2F11dxkyt247!19sChIJu9Ye0jml3pQRlP-TtR5Zmc4,Não,,,Pendente,,,,Não,Google Maps exibe Adicionar website; verificado em 13/08/2026.,fotografia
Star Fotos e Eventos,Fotografia,4730264086,Joinville,https://www.google.com/maps/place/Star+Fotos+e+Eventos/data=!4m7!3m6!1s0x94deb10e66a4aab1:0x82c8c130a9d8ca18!8m2!3d-26.2951954!4d-48.9060967!16s%2Fg%2F1tctyq1n!19sChIJsaqkZg6x3pQRGMrYqTDByII,Não,,,Pendente,,,,Não,Google Maps exibe Adicionar website; verificado em 13/08/2026.,fotografia
Arsego Produções,Fotografia,47984489000,Joinville,https://www.google.com/maps/place/Arsego+Produ%C3%A7%C3%B5es/data=!4m7!3m6!1s0x94dea54690523abb:0x5e5fdaeeecc893de!8m2!3d-26.2848871!4d-48.895733!16s%2Fg%2F1thx566c!19sChIJuzpSkEal3pQR3pPI7O7aX14,Não,,,Pendente,,,,Não,Google Maps exibe Adicionar website; verificado em 13/08/2026.,fotografia
EM Produções - Produção Musical,Fotografia,47999164199,Joinville,https://www.google.com/maps/place/EM+Produ%C3%A7%C3%B5es+-+Produ%C3%A7%C3%A3o+Musical/data=!4m7!3m6!1s0x94dea53107cde0ab:0x3b5375c36f8de8d3!8m2!3d-26.2955343!4d-48.9075516!16s%2Fg%2F11gbqn5rh1!19sChIJq-DNBzGl3pQR0-iNb8N1Uzs,Não,,,Pendente,,,,Não,Google Maps exibe Adicionar website; verificado em 13/08/2026.,fotografia
Caroline Rodrigues Fotografia,Fotografia,4732789597,Joinville,https://www.google.com/maps/place/Caroline+Rodrigues+Fotografia/data=!4m7!3m6!1s0x94deb0e558bd963b:0xe0ada04394ff4fa8!8m2!3d-26.3316637!4d-48.8497703!16s%2Fg%2F11c5gd5zs0!19sChIJO5a9WOWw3pQRqE__lEOgreA,Não,,,Pendente,,,,Não,Google Maps exibe Adicionar website; verificado em 13/08/2026.,fotografia
Estúdio Promix,Fotografia,47999469215,Joinville,https://www.google.com/maps/place/Est%C3%BAdio+Promix/data=!4m7!3m6!1s0x94deb0e84f3f5635:0x5058c36fa10327ad!8m2!3d-26.3396491!4d-48.8517238!16s%2Fg%2F11c0pjh34j!19sChIJNVY_T-iw3pQRrScDoW_DWFA,Não,,,Pendente,,,,Não,Google Maps exibe Adicionar website; verificado em 13/08/2026.,fotografia
Priscila F Dordet Fotógrafa,Fotografia,47992440404,Joinville,https://www.google.com/maps/place/Priscila+F+Dordet+Fot%C3%B3grafa/data=!4m7!3m6!1s0x94deb793efb6c7f9:0xf794bbfd82ca784d!8m2!3d-26.3960627!4d-48.8132757!16s%2Fg%2F11q2yl8lzt!19sChIJ-ce275O33pQRTXjKgv27lPc,Não,,,Pendente,,,,Não,Google Maps exibe Adicionar website; verificado em 13/08/2026.,fotografia
Camila Finocchi Fotografia,Fotografia,47996246617,Joinville,https://www.google.com/maps/place/Camila+Finocchi+Fotografia/data=!4m7!3m6!1s0x94deb1681c8648ff:0x99cc969dd641fade!8m2!3d-26.3336419!4d-48.8293708!16s%2Fg%2F11j3xdxhy1!19sChIJ_0iGHGix3pQR3vpB1p2WzJk,Não,,,Pendente,,,,Não,Google Maps exibe Adicionar website; verificado em 13/08/2026.,fotografia
"WEBETV Soluções Online - Vídeo produção, Estúdio e Transmissão",Fotografia,47996675160,Joinville,"https://www.google.com/maps/place/WEBETV+Solu%C3%A7%C3%B5es+Online+-+V%C3%ADdeo+produ%C3%A7%C3%A3o,+Est%C3%BAdio+e+Transmiss%C3%A3o/data=!4m7!3m6!1s0x94deb1f27dfb425b:0xde5ece0613a5650!8m2!3d-26.3237151!4d-48.8387897!16s%2Fg%2F11h5lklq5j!19sChIJW0L7ffKx3pQRUFY6YeDs5Q0",Não,,,Pendente,,,,Não,Google Maps exibe Adicionar website; verificado em 13/08/2026.,fotografia
May almeida Beauty,Fotografia,47984715222,Joinville,https://www.google.com/maps/place/May+almeida+Beauty/data=!4m7!3m6!1s0x94deb105904906cd:0x26dfdd6a25de9df9!8m2!3d-26.3426199!4d-48.8323667!16s%2Fg%2F11npt5n6fn!19sChIJzQZJkAWx3pQR-Z3eJWrd3yY,Não,,,Pendente,,,,Não,Google Maps exibe Adicionar website; verificado em 13/08/2026.,fotografia
Infinito Fotografia,Fotografia,47997310885,Joinville,https://www.google.com/maps/place/Infinito+Fotografia/data=!4m7!3m6!1s0x94deafc1a2ec142f:0xb21231fa995ee5d3!8m2!3d-26.2462084!4d-48.8107923!16s%2Fg%2F11llzcdkdh!19sChIJLxTsosGv3pQR0-VemfoxErI,Não,,,Pendente,,,,Não,Google Maps exibe Adicionar website; verificado em 13/08/2026.,fotografia
Kattellyn Fotografia,Fotografia,47996058682,Joinville,https://www.google.com/maps/place/Kattellyn+Fotografia/data=!4m7!3m6!1s0x94deb7eee4a99ff9:0x3d7de56295e7c9b3!8m2!3d-26.3585718!4d-48.8113304!16s%2Fg%2F11kjfgf6xj!19sChIJ-Z-p5O633pQRs8nnlWLlfT0,Não,,,Pendente,,,,Não,Google Maps exibe Adicionar website; verificado em 13/08/2026.,fotografia
Master Gesso,Fotografia,47997736114,Joinville,https://www.google.com/maps/place/Master+Gesso/data=!4m7!3m6!1s0x94deb6f2151b1021:0x1b19c79161513435!8m2!3d-26.3811373!4d-48.8234959!16s%2Fg%2F11b8t87nsn!19sChIJIRAbFfK23pQRNTRRYZHHGRs,Não,,,Pendente,,,,Não,Google Maps exibe Adicionar website; verificado em 13/08/2026.,fotografia
Visão Sul Records,Fotografia,47996594139,Joinville,https://www.google.com/maps/place/Vis%C3%A3o+Sul+Records/data=!4m7!3m6!1s0x94deb6cf232480e9:0x6bfac21d95941576!8m2!3d-26.3594381!4d-48.8256032!16s%2Fg%2F11f15j06_6!19sChIJ6YAkI8-23pQRdhWUlR3C-ms,Não,,,Pendente,,,,Não,Google Maps exibe Adicionar website; verificado em 13/08/2026.,fotografia
Freitas Studio,Fotografia,47991133487,Joinville,https://www.google.com/maps/place/Freitas+Studio/data=!4m7!3m6!1s0x94deb0d570626059:0x4b203bdd6fa38418!8m2!3d-26.3540211!4d-48.8432366!16s%2Fg%2F11gz9vh78!19sChIJWWBicNWw3pQRGISjb907IEs,Não,,,Pendente,,,,Não,Google Maps exibe Adicionar website; verificado em 13/08/2026.,fotografia
Estúdio Bia Cidral,Fotografia,47999371061,Joinville,https://www.google.com/maps/place/Est%C3%BAdio+Bia+Cidral/data=!4m7!3m6!1s0x94deb16152f202c5:0x74bc5dc984c293e1!8m2!3d-26.3388559!4d-48.8123332!16s%2Fg%2F11swnch5sy!19sChIJxQLyUmGx3pQR4ZPChMldvHQ,Não,,,Pendente,,,,Não,Google Maps exibe Adicionar website; verificado em 13/08/2026.,fotografia
By Gustavo Photografia e Filmagem,Fotografia,47988037451,Joinville,https://www.google.com/maps/place/By+Gustavo+Photografia+e+Filmagem/data=!4m7!3m6!1s0x94deae1243240141:0xe6cd211bed284f28!8m2!3d-26.2527311!4d-48.8180988!16s%2Fg%2F1tk_kw5x!19sChIJQQEkQxKu3pQRKE8o7RshzeY,Não,,,Pendente,,,,Não,Google Maps exibe Adicionar website; verificado em 13/08/2026.,fotografia
Douglas Hille Fotografia,Fotografia,4732785216,Joinville,https://www.google.com/maps/place/Douglas+Hille+Fotografia/data=!4m7!3m6!1s0x94deae6dd6c7add5:0x762b8e0036052ab5!8m2!3d-26.2449669!4d-48.8116799!16s%2Fg%2F11bv6pk6r_!19sChIJ1a3H1m2u3pQRtSoFNgCOK3Y,Não,,,Pendente,,,,Não,Google Maps exibe Adicionar website; verificado em 13/08/2026.,fotografia
Preciosa Make,Fotografia,47991339059,Joinville,https://www.google.com/maps/place/Preciosa+Make/data=!4m7!3m6!1s0x94deaf2476b43d9b:0x55f694856ed54636!8m2!3d-26.2608145!4d-48.8157686!16s%2Fg%2F11z80lzhky!19sChIJmz20diSv3pQRNkbVboWU9lU,Não,,,Pendente,,,,Não,Google Maps exibe Adicionar website; verificado em 13/08/2026.,fotografia
fotografalariperazza,Fotografia,47997281591,Joinville,https://www.google.com/maps/place/fotografalariperazza/data=!4m7!3m6!1s0x94deaf78c8253265:0x96722ec649d6abd6!8m2!3d-26.2606653!4d-48.8066719!16s%2Fg%2F11z9phg6q4!19sChIJZTIlyHiv3pQR1qvWScYucpY,Não,,,Pendente,,,,Não,Google Maps exibe Adicionar website; verificado em 13/08/2026.,fotografia
CS FOTOGRAFIA,Fotografia,47996313388,Joinville,https://www.google.com/maps/place/CS+FOTOGRAFIA/data=!4m7!3m6!1s0x94deb1e800a6189d:0x37eba1bd8e75cb26!8m2!3d-26.281479!4d-48.819225!16s%2Fg%2F11fzd21l32!19sChIJnRimAOix3pQRJst1jr2h6zc,Não,,,Pendente,,,,Não,Google Maps exibe Adicionar website; verificado em 13/08/2026.,fotografia
"Gráfica Solaris - Computação Gráfica, Foto e Informática",Fotografia,47984814286,Joinville,"https://www.google.com/maps/place/Gr%C3%A1fica+Solaris+-+Computa%C3%A7%C3%A3o+Gr%C3%A1fica,+Foto+e+Inform%C3%A1tica/data=!4m7!3m6!1s0x94deae21f1ae1a87:0x395291b39eacaf48!8m2!3d-26.267633!4d-48.8202316!16s%2Fg%2F11g_fgd_s!19sChIJhxqu8SGu3pQRSK-snrORUjk",Não,,,Pendente,,,,Não,Google Maps exibe Adicionar website; verificado em 13/08/2026.,fotografia
Fotoville,Fotografia,4730286774,Joinville,https://www.google.com/maps/place/Fotoville/data=!4m7!3m6!1s0x94deb1bdb2651e9d:0x6e5efb8f6be2aeed!8m2!3d-26.2986257!4d-48.8219039!16s%2Fg%2F11b88s8xk4!19sChIJnR5lsr2x3pQR7a7ia4_7Xm4,Não,,,Pendente,,,,Não,Google Maps exibe Adicionar website; verificado em 13/08/2026.,fotografia
Foto Borba,Fotografia,4732788739,Joinville,https://www.google.com/maps/place/Foto+Borba/data=!4m7!3m6!1s0x94deb1fa62eb5efb:0xdcceb5c9b172bae6!8m2!3d-26.2763985!4d-48.8069719!16s%2Fg%2F11bv6pg4gg!19sChIJ-17rYvqx3pQR5rpyscm1ztw,Não,,,Pendente,,,,Não,Google Maps exibe Adicionar website; verificado em 13/08/2026.,fotografia
Voltz Gráfica e Comunicação Visual,Fotografia,47988949300,Joinville,https://www.google.com/maps/place/Voltz+Gr%C3%A1fica+e+Comunica%C3%A7%C3%A3o+Visual/data=!4m7!3m6!1s0x94deb19a5fb1063b:0xb19c0a3c2039dec8!8m2!3d-26.3026914!4d-48.8258685!16s%2Fg%2F11yrx67wh1!19sChIJOwaxX5qx3pQRyN45IDwKnLE,Não,,,Pendente,,,,Não,Google Maps exibe Adicionar website; verificado em 13/08/2026.,fotografia
Limfit academia,Academia,47991520853,Joinville,https://www.google.com/maps/place/Limfit+academia/data=!4m7!3m6!1s0x94deb76b324c7865:0x4f2e08d55f92ae5!8m2!3d-26.3637847!4d-48.8292483!16s%2Fg%2F11ypst88y6!19sChIJZXhMMmu33pQR5Sr5VY3g8gQ,Não,,,Pendente,,,,Não,Google Maps exibe Adicionar website; verificado em 13/08/2026.,academia
GD Academia,Academia,47989111463,Joinville,https://www.google.com/maps/place/GD+Academia/data=!4m7!3m6!1s0x94deb1488ce548f3:0x4aee26f9c248e17f!8m2!3d-26.3498224!4d-48.8184234!16s%2Fg%2F11f4_3v_s0!19sChIJ80jljEix3pQRf-FIwvkm7ko,Não,,,Pendente,,,,Não,Google Maps exibe Adicionar website; verificado em 13/08/2026.,academia
OVJ Fit Academia,Academia,47996106938,Joinville,https://www.google.com/maps/place/OVJ+Fit+Academia/data=!4m7!3m6!1s0x94deb74c08a93e89:0x68ca0e4e3232d187!8m2!3d-26.3556628!4d-48.8064047!16s%2Fg%2F11ss1fsqq5!19sChIJiT6pCEy33pQRh9EyMk4Oymg,Não,,,Pendente,,,,Não,Google Maps exibe Adicionar website; verificado em 13/08/2026.,academia
ACADEMIA TRIBUS GYM,Academia,47988266812,Joinville,https://www.google.com/maps/place/ACADEMIA+TRIBUS+GYM/data=!4m7!3m6!1s0x94deb148593b75e3:0xd881d065171bfc6c!8m2!3d-26.3408635!4d-48.8172523!16s%2Fg%2F11c5rv3mx7!19sChIJ43U7WUix3pQRbPwbF2XQgdg,Não,,,Pendente,,,,Não,Google Maps exibe Adicionar website; verificado em 13/08/2026.,academia
Ritmo da Forma,Academia,4734266750,Joinville,https://www.google.com/maps/place/Ritmo+da+Forma/data=!4m7!3m6!1s0x94deb11e21432009:0x9426e27a353242e8!8m2!3d-26.3329582!4d-48.8393359!16s%2Fg%2F1v3_3vcy!19sChIJCSBDIR6x3pQR6EIyNXriJpQ,Não,,,Pendente,,,,Não,Google Maps exibe Adicionar website; verificado em 13/08/2026.,academia
Club Fitness Sul Academia,Academia,4730347738,Joinville,https://www.google.com/maps/place/Club+Fitness+Sul+Academia/data=!4m7!3m6!1s0x94deb1516b759089:0x968537ae91fa9d9f!8m2!3d-26.3390147!4d-48.8060999!16s%2Fg%2F11gfd30svx!19sChIJiZB1a1Gx3pQRn536ka43hZY,Não,,,Pendente,,,,Não,Google Maps exibe Adicionar website; verificado em 13/08/2026.,academia
Academia Equilíbrio,Academia,4734635312,Joinville,https://www.google.com/maps/place/Academia+Equil%C3%ADbrio/data=!4m7!3m6!1s0x94deb140d7ec9c4d:0xc3aa7ef3d7e4c2a4!8m2!3d-26.3334869!4d-48.8171125!16s%2Fg%2F11b88pbd2y!19sChIJTZzs10Cx3pQRpMLk1_N-qsM,Não,,,Pendente,,,,Não,Google Maps exibe Adicionar website; verificado em 13/08/2026.,academia
Academia Getúlio,Academia,4734220222,Joinville,https://www.google.com/maps/place/Academia+Get%C3%BAlio/data=!4m7!3m6!1s0x94deb051de8f58dd:0x9f20a03d49f7f578!8m2!3d-26.310292!4d-48.845924!16s%2Fg%2F1tmgdl55!19sChIJ3ViP3lGw3pQRePX3ST2gIJ8,Não,,,Pendente,,,,Não,Google Maps exibe Adicionar website; verificado em 13/08/2026.,academia
Fitness Studio,Academia,47992927400,Joinville,https://www.google.com/maps/place/Fitness+Studio/data=!4m7!3m6!1s0x94deb1da83f6c1e3:0x9c0ab1299439b6d6!8m2!3d-26.2928398!4d-48.8487654!16s%2Fg%2F11ng5kf_r6!19sChIJ48H2g9qx3pQR1rY5lCmxCpw,Não,,,Pendente,,,,Não,Google Maps exibe Adicionar website; verificado em 13/08/2026.,academia
Studio Físio & Movement,Academia,47991070008,Joinville,https://www.google.com/maps/place/Studio+F%C3%ADsio+%26+Movement/data=!4m7!3m6!1s0x94deb1679f6f8fdf:0x28f1ce5e8f43d62a!8m2!3d-26.3054235!4d-48.8440241!16s%2Fg%2F11fnpnk5k9!19sChIJ349vn2ex3pQRKtZDj17O8Sg,Não,,,Pendente,,,,Não,Google Maps exibe Adicionar website; verificado em 13/08/2026.,academia
Academia Mega Fit,Academia,47996624186,Joinville,https://www.google.com/maps/place/Academia+Mega+Fit/data=!4m7!3m6!1s0x94deb1bb413cecdd:0xe7a4c9738245bd6a!8m2!3d-26.3021058!4d-48.8256889!16s%2Fg%2F11bv3y23ty!19sChIJ3ew8Qbux3pQRar1FgnPJpOc,Não,,,Pendente,,,,Não,Google Maps exibe Adicionar website; verificado em 13/08/2026.,academia
MyBox Joinville - América,Academia,47999715463,Joinville,https://www.google.com/maps/place/MyBox+Joinville+-+Am%C3%A9rica/data=!4m7!3m6!1s0x94deb1d8f5a02151:0xea6c8c497695ddf7!8m2!3d-26.2840727!4d-48.8498597!16s%2Fg%2F11g4cxhtxw!19sChIJUSGg9dix3pQR992VdkmMbOo,Não,,,Pendente,,,,Não,Google Maps exibe Adicionar website; verificado em 13/08/2026.,academia
SC Incombat,Academia,47984890848,Joinville,https://www.google.com/maps/place/SC+Incombat/data=!4m7!3m6!1s0x94deb7bd795bb539:0x3ad080f886fb09b!8m2!3d-26.3556995!4d-48.8361083!16s%2Fg%2F11s22g9j7f!19sChIJObVbeb233pQRm7BviA8IrQM,Não,,,Pendente,,,,Não,Google Maps exibe Adicionar website; verificado em 13/08/2026.,academia
Academia GW Fitness,Academia,4733054527,Joinville,https://www.google.com/maps/place/Academia+GW+Fitness/data=!4m7!3m6!1s0x94deb5bef45f23c9:0x245089c501eaedbf!8m2!3d-26.3470905!4d-48.7912175!16s%2Fg%2F11twr6tntr!19sChIJySNf9L613pQRv-3qAcWJUCQ,Não,,,Pendente,,,,Não,Google Maps exibe Adicionar website; verificado em 13/08/2026.,academia
Studio Life Espaço Fitness,Academia,47999321517,Joinville,https://www.google.com/maps/place/Studio+Life+Espa%C3%A7o+Fitness/data=!4m7!3m6!1s0x94deb029ac240001:0xaa9d04660905f825!8m2!3d-26.284753!4d-48.8565787!16s%2Fg%2F11hcy_3_74!19sChIJAQAkrCmw3pQRJfgFCWYEnao,Não,,,Pendente,,,,Não,Google Maps exibe Adicionar website; verificado em 13/08/2026.,academia
Manaaki Crossfit,Academia,47988949093,Joinville,https://www.google.com/maps/place/Manaaki+Crossfit/data=!4m7!3m6!1s0x94deb1f789cb26a5:0xad773a3e5e1301c0!8m2!3d-26.2867854!4d-48.8511186!16s%2Fg%2F11scr3gjcm!19sChIJpSbLifex3pQRwAETXj46d60,Não,,,Pendente,,,,Não,Google Maps exibe Adicionar website; verificado em 13/08/2026.,academia
Atitude Academia,Academia,47988633387,Joinville,https://www.google.com/maps/place/Atitude+Academia/data=!4m7!3m6!1s0x94deb1a100c2074d:0xe2bd58ad11e7d105!8m2!3d-26.3094008!4d-48.8540261!16s%2Fg%2F11qbsbbgwm!19sChIJTQfCAKGx3pQRBdHnEa1YveI,Não,,,Pendente,,,,Não,Google Maps exibe Adicionar website; verificado em 13/08/2026.,academia
Tavella Training,Academia,47996109192,Joinville,https://www.google.com/maps/place/Tavella+Training/data=!4m7!3m6!1s0x94deb1eb05c84fc7:0x6d432a86ab802853!8m2!3d-26.3003373!4d-48.8532805!16s%2Fg%2F11p3hf40dk!19sChIJx0_IBeux3pQRUyiAq4YqQ20,Não,,,Pendente,,,,Não,Google Maps exibe Adicionar website; verificado em 13/08/2026.,academia
Crossfit Insano,Academia,4730851332,Joinville,https://www.google.com/maps/place/Crossfit+Insano/data=!4m7!3m6!1s0x94deb15071da8b37:0x845f9eff66a72613!8m2!3d-26.3239877!4d-48.8562964!16s%2Fg%2F11h5n7tq71!19sChIJN4vacVCx3pQREyanZv-eX4Q,Não,,,Pendente,,,,Não,Google Maps exibe Adicionar website; verificado em 13/08/2026.,academia
MD Fitness Academia,Academia,4730318930,Joinville,https://www.google.com/maps/place/MD+Fitness+Academia/data=!4m7!3m6!1s0x94deafc593f78087:0x81c3e0359e25c033!8m2!3d-26.2704438!4d-48.8507498!16s%2Fg%2F11b86w3z71!19sChIJh4D3k8Wv3pQRM8AlnjXgw4E,Não,,,Pendente,,,,Não,Google Maps exibe Adicionar website; verificado em 13/08/2026.,academia
Studio Pilates Mais,Academia,47999142013,Joinville,https://www.google.com/maps/place/Studio+Pilates+Mais/data=!4m7!3m6!1s0x94deb02afcf07b43:0x4eb409208c000947!8m2!3d-26.2819909!4d-48.8424079!16s%2Fg%2F11gfk122w_!19sChIJQ3vw_Cqw3pQRRwkAjCAJtE4,Não,,,Pendente,,,,Não,Google Maps exibe Adicionar website; verificado em 13/08/2026.,academia
Quéti Studio de Ginástica Artística,Academia,47999908057,Joinville,https://www.google.com/maps/place/Qu%C3%A9ti+Studio+de+Gin%C3%A1stica+Art%C3%ADstica/data=!4m7!3m6!1s0x94deb17fb05f8c23:0x3bcf1ea64e1783c0!8m2!3d-26.2885612!4d-48.8410765!16s%2Fg%2F11w3s9dgzj!19sChIJI4xfsH-x3pQRwIMXTqYezzs,Não,,,Pendente,,,,Não,Google Maps exibe Adicionar website; verificado em 13/08/2026.,academia
Dal Farra Studio de Musculação,Academia,4730286500,Joinville,https://www.google.com/maps/place/Dal+Farra+Studio+de+Muscula%C3%A7%C3%A3o/data=!4m7!3m6!1s0x94deaffc9be2363b:0x27ab1062ad55be42!8m2!3d-26.2845948!4d-48.8734588!16s%2Fg%2F11b8jd15gh!19sChIJOzbim_yv3pQRQr5VrWIQqyc,Não,,,Pendente,,,,Não,Google Maps exibe Adicionar website; verificado em 13/08/2026.,academia
Cereja rosa fitness,Academia,47988484468,Joinville,https://www.google.com/maps/place/Cereja+rosa+fitness/data=!4m7!3m6!1s0x94dea542b13b9fa5:0x8860e66adac60a05!8m2!3d-26.2709409!4d-48.8813184!16s%2Fg%2F11njqkhvjz!19sChIJpZ87sUKl3pQRBQrG2mrmYIg,Não,,,Pendente,,,,Não,Google Maps exibe Adicionar website; verificado em 13/08/2026.,academia
WodStorm,Academia,47996473738,Joinville,https://www.google.com/maps/place/WodStorm/data=!4m7!3m6!1s0x94deaf00039b5419:0xa1eb8c8b184b10d3!8m2!3d-26.267085!4d-48.8584192!16s%2Fg%2F11mzm5fggf!19sChIJGVSbAwCv3pQR0xBLGIuM66E,Não,,,Pendente,,,,Não,Google Maps exibe Adicionar website; verificado em 13/08/2026.,academia
Academia FitWay,Academia,4733056540,Joinville,https://www.google.com/maps/place/Academia+FitWay/data=!4m7!3m6!1s0x94dea5001d3974f9:0xa32b3ab85ab3c9d2!8m2!3d-26.2924763!4d-48.9061382!16s%2Fg%2F11mf4fp5yz!19sChIJ-XQ5HQCl3pQR0smzWrg6K6M,Não,,,Pendente,,,,Não,Google Maps exibe Adicionar website; verificado em 13/08/2026.,academia
Way Academia,Academia,47997679546,Joinville,https://www.google.com/maps/place/Way+Academia/data=!4m7!3m6!1s0x94dea53c665e47d3:0xf7f45fbdd5c3c343!8m2!3d-26.2864843!4d-48.9072045!16s%2Fg%2F11b8jc_6kq!19sChIJ00deZjyl3pQRQ8PD1b1f9Pc,Não,,,Pendente,,,,Não,Google Maps exibe Adicionar website; verificado em 13/08/2026.,academia
Academia GRID,Academia,47991700039,Joinville,https://www.google.com/maps/place/Academia+GRID/data=!4m7!3m6!1s0x94dea52dec64d797:0xa9afc0c71bc1ae90!8m2!3d-26.2870652!4d-48.9002293!16s%2Fg%2F11tg9dxcns!19sChIJl9dk7C2l3pQRkK7BG8fAr6k,Não,,,Pendente,,,,Não,Google Maps exibe Adicionar website; verificado em 13/08/2026.,academia
BLUE WAY Cross Training,Academia,4730430297,Joinville,https://www.google.com/maps/place/BLUE+WAY+Cross+Training/data=!4m7!3m6!1s0x94dea57f1cc5264f:0xf56b3b115e444713!8m2!3d-26.2861062!4d-48.9068889!16s%2Fg%2F11fsv_yw5l!19sChIJTybFHH-l3pQRE0dEXhE7a_U,Não,,,Pendente,,,,Não,Google Maps exibe Adicionar website; verificado em 13/08/2026.,academia
CT Lion Black team,Academia,47997577657,Joinville,https://www.google.com/maps/place/CT+Lion+Black+team/data=!4m7!3m6!1s0x94dea55c76d8d037:0x5b8226495e3cceb9!8m2!3d-26.2788145!4d-48.9079839!16s%2Fg%2F11y_l04p1f!19sChIJN9DYdlyl3pQRuc48Xkkmgls,Não,,,Pendente,,,,Não,Google Maps exibe Adicionar website; verificado em 13/08/2026.,academia
Kickboxing da Vila,Academia,47984872632,Joinville,https://www.google.com/maps/place/Kickboxing+da+Vila/data=!4m7!3m6!1s0x94dea5368580c63b:0x37e248d310ab873c!8m2!3d-26.2872844!4d-48.9224148!16s%2Fg%2F11npcrfdfp!19sChIJO8aAhTal3pQRPIerENNI4jc,Não,,,Pendente,,,,Não,Google Maps exibe Adicionar website; verificado em 13/08/2026.,academia
Treinador de Gamers,Academia,47999433732,Joinville,https://www.google.com/maps/place/Treinador+de+Gamers/data=!4m7!3m6!1s0x94dea53b1f9b05eb:0x34af10d7ddcda263!8m2!3d-26.2905245!4d-48.9088902!16s%2Fg%2F11f5f7pjh8!19sChIJ6wWbHzul3pQRY6LN3dcQrzQ,Não,,,Pendente,,,,Não,Google Maps exibe Adicionar website; verificado em 13/08/2026.,academia
Academia Movimento Fitness,Academia,47992808961,Joinville,https://www.google.com/maps/place/Academia+Movimento+Fitness/data=!4m7!3m6!1s0x94deb1f682ccf231:0x510530cad0838460!8m2!3d-26.3318589!4d-48.8684579!16s%2Fg%2F11y1357fg1!19sChIJMfLMgvax3pQRYISD0MowBVE,Não,,,Pendente,,,,Não,Google Maps exibe Adicionar website; verificado em 13/08/2026.,academia
Spaço Saúde Academia,Academia,47988545863,Joinville,https://www.google.com/maps/place/Spa%C3%A7o+Sa%C3%BAde+Academia/data=!4m7!3m6!1s0x94deb08975c10945:0xac2837928a8b0795!8m2!3d-26.3292758!4d-48.8661149!16s%2Fg%2F11cjhl0pgz!19sChIJRQnBdYmw3pQRlQeLipI3KKw,Não,,,Pendente,,,,Não,Google Maps exibe Adicionar website; verificado em 13/08/2026.,academia
Corpo Mania Academia,Academia,4734324374,Joinville,https://www.google.com/maps/place/Corpo+Mania+Academia/data=!4m7!3m6!1s0x94deb0ecf835bab3:0x7c4f961b9a16d307!8m2!3d-26.336523!4d-48.8574216!16s%2Fg%2F11b88mwl70!19sChIJs7o1-Oyw3pQRB9MWmhuWT3w,Não,,,Pendente,,,,Não,Google Maps exibe Adicionar website; verificado em 13/08/2026.,academia
CT de Lutas King of Kings,Academia,47999484682,Joinville,https://www.google.com/maps/place/CT+de+Lutas+King+of+Kings/data=!4m7!3m6!1s0x94deb1b6ce74ed0f:0x18ef4c3eb88048d0!8m2!3d-26.3327069!4d-48.8420393!16s%2Fg%2F11n4qpc338!19sChIJD-10zrax3pQR0EiAuD5M7xg,Não,,,Pendente,,,,Não,Google Maps exibe Adicionar website; verificado em 13/08/2026.,academia
Pista treinamento de moto Autoescola Principe Floresta,Academia,4734221272,Joinville,https://www.google.com/maps/place/Pista+treinamento+de+moto+Autoescola+Principe+Floresta/data=!4m7!3m6!1s0x94deb1241fd325ad:0x22ab62ee7f49cb5c!8m2!3d-26.3454936!4d-48.8468436!16s%2Fg%2F11kr8zcsvv!19sChIJrSXTHySx3pQRXMtJf-5iqyI,Não,,,Pendente,,,,Não,Google Maps exibe Adicionar website; verificado em 13/08/2026.,academia
Cirlei Santos,Academia,4730342410,Joinville,https://www.google.com/maps/place/Cirlei+Santos/data=!4m7!3m6!1s0x94deb11e23055555:0x30697095bec7fcce!8m2!3d-26.3334575!4d-48.8392276!16s%2Fg%2F1yfjc94l_!19sChIJVVUFIx6x3pQRzvzHvpVwaTA,Não,,,Pendente,,,,Não,Google Maps exibe Adicionar website; verificado em 13/08/2026.,academia
FIT LIFE STUDIO,Academia,47999521282,Joinville,https://www.google.com/maps/place/FIT+LIFE+STUDIO/data=!4m7!3m6!1s0x94deb119088a7bc5:0x1560993bd095e325!8m2!3d-26.3314276!4d-48.8323262!16s%2Fg%2F11gd1x3w5n!19sChIJxXuKCBmx3pQRJeOV0DuZYBU,Não,,,Pendente,,,,Não,Google Maps exibe Adicionar website; verificado em 13/08/2026.,academia
Gold Fitness,Academia,4730256836,Joinville,https://www.google.com/maps/place/Gold+Fitness/data=!4m7!3m6!1s0x94deb10ee7059b25:0xac2a8c1602d08ae9!8m2!3d-26.3194029!4d-48.8266876!16s%2Fg%2F11bv3rlmfr!19sChIJJZsF5w6x3pQR6YrQAhaMKqw,Não,,,Pendente,,,,Não,Google Maps exibe Adicionar website; verificado em 13/08/2026.,academia
Efeito Pilates e Consultoria Ltda,Academia,47992391617,Joinville,https://www.google.com/maps/place/Efeito+Pilates+e+Consultoria+Ltda/data=!4m7!3m6!1s0x94deb1c25c1733dd:0x8a1bc2eb0f3d1797!8m2!3d-26.3402419!4d-48.8229076!16s%2Fg%2F11mbwpwxtb!19sChIJ3TMXXMKx3pQRlxc9D-vCG4o,Não,,,Pendente,,,,Não,Google Maps exibe Adicionar website; verificado em 13/08/2026.,academia
Dieta fitness emagrecer na cert,Academia,47992300075,Joinville,https://www.google.com/maps/place/Dieta+fitness+emagrecer+na+cert/data=!4m7!3m6!1s0x94deb1c4e5f87599:0x32b618c79c95c556!8m2!3d-26.3392389!4d-48.8356742!16s%2Fg%2F11pyc3y8qw!19sChIJmXX45cSx3pQRVsWVnMcYtjI,Não,,,Pendente,,,,Não,Google Maps exibe Adicionar website; verificado em 13/08/2026.,academia
T Class Studio de Dança,Academia,47996980831,Joinville,https://www.google.com/maps/place/T+Class+Studio+de+Dan%C3%A7a/data=!4m7!3m6!1s0x94deb7cf60232b9f:0x2f9f6ce29dcc0546!8m2!3d-26.3602383!4d-48.8374394!16s%2Fg%2F11h4tpk7qn!19sChIJnysjYM-33pQRRgXMneJsny8,Não,,,Pendente,,,,Não,Google Maps exibe Adicionar website; verificado em 13/08/2026.,academia
Personal Trainer Eliana do Rosário,Academia,47998045014,Joinville,https://www.google.com/maps/place/Personal+Trainer+Eliana+do+Ros%C3%A1rio/data=!4m7!3m6!1s0x94deb16a2a24e655:0x171d1bed11806ae6!8m2!3d-26.3343551!4d-48.837584!16s%2Fg%2F11m75ctklw!19sChIJVeYkKmqx3pQR5mqAEe0bHRc,Não,,,Pendente,,,,Não,Google Maps exibe Adicionar website; verificado em 13/08/2026.,academia
ESPAÇO FEMININO GI BATISTA,Academia,47988948398,Joinville,https://www.google.com/maps/place/ESPA%C3%87O+FEMININO+GI+BATISTA/data=!4m7!3m6!1s0x94deb763683e2681:0x75a1901d06489e3e!8m2!3d-26.3617962!4d-48.8144281!16s%2Fg%2F11z7tbr1zx!19sChIJgSY-aGO33pQRPp5IBh2QoXU,Não,,,Pendente,,,,Não,Google Maps exibe Adicionar website; verificado em 13/08/2026.,academia
VIBE FITNESS,Academia,47997521402,Joinville,https://www.google.com/maps/place/VIBE+FITNESS/data=!4m7!3m6!1s0x94deb7ebaf893f3f:0x43256c4afe62a644!8m2!3d-26.3610781!4d-48.8261128!16s%2Fg%2F11pv2l5hzk!19sChIJPz-Jr-u33pQRRKZi_kpsJUM,Não,,,Pendente,,,,Não,Google Maps exibe Adicionar website; verificado em 13/08/2026.,academia
Life Up treinamento funcional,Academia,47988959314,Joinville,https://www.google.com/maps/place/Life+Up+treinamento+funcional/data=!4m7!3m6!1s0x94deb7b9b9eff861:0x28506714853e77d9!8m2!3d-26.3811406!4d-48.8227762!16s%2Fg%2F11zj9v62vr!19sChIJYfjvubm33pQR2Xc-hRRnUCg,Não,,,Pendente,,,,Não,Google Maps exibe Adicionar website; verificado em 13/08/2026.,academia
2007 Academias,Academia,47997850068,Joinville,https://www.google.com/maps/place/2007+Academias/data=!4m7!3m6!1s0x94deaff4a95bc43f:0xc3ccf8e70cc92494!8m2!3d-26.2454755!4d-48.8115825!16s%2Fg%2F11wy7h76sr!19sChIJP8RbqfSv3pQRlCTJDOf4zMM,Não,,,Pendente,,,,Não,Google Maps exibe Adicionar website; verificado em 13/08/2026.,academia
🏋‍♀️Academia DanLucas,Academia,4733074813,Joinville,https://www.google.com/maps/place/%F0%9F%8F%8B%E2%80%8D%E2%99%80%EF%B8%8FAcademia+DanLucas/data=!4m7!3m6!1s0x94deae0d6a93b9a9:0x27715bd578df89f6!8m2!3d-26.2494958!4d-48.8084798!16s%2Fg%2F11bw8m2682!19sChIJqbmTag2u3pQR9onfeNVbcSc,Não,,,Pendente,,,,Não,Google Maps exibe Adicionar website; verificado em 13/08/2026.,academia
Academia Korporal,Academia,47997521225,Joinville,https://www.google.com/maps/place/Academia+Korporal/data=!4m7!3m6!1s0x94deae19d966399b:0x64532bd2c788732d!8m2!3d-26.261042!4d-48.8163424!16s%2Fg%2F1tlbq97r!19sChIJmzlm2Rmu3pQRLXOIx9IrU2Q,Não,,,Pendente,,,,Não,Google Maps exibe Adicionar website; verificado em 13/08/2026.,academia
Academia Yokohama Jardim Iririú,Academia,4732780328,Joinville,https://www.google.com/maps/place/Academia+Yokohama+Jardim+Iriri%C3%BA/data=!4m7!3m6!1s0x94deae0428d98573:0x1c26126427abd796!8m2!3d-26.2615548!4d-48.8067611!16s%2Fg%2F11c5_94xjs!19sChIJc4XZKASu3pQRlterJ2QSJhw,Não,,,Pendente,,,,Não,Google Maps exibe Adicionar website; verificado em 13/08/2026.,academia
Yellow Studio Personal,Academia,47996489419,Joinville,https://www.google.com/maps/place/Yellow+Studio+Personal/data=!4m7!3m6!1s0x94deaf32d904e0d3:0xfff3df99ed427003!8m2!3d-26.2624089!4d-48.8187943!16s%2Fg%2F11j_tds8jl!19sChIJ0-AE2TKv3pQRA3BC7Znf8_8,Não,,,Pendente,,,,Não,Google Maps exibe Adicionar website; verificado em 13/08/2026.,academia
Academia Iron Black,Academia,47991852048,Joinville,https://www.google.com/maps/place/Academia+Iron+Black/data=!4m7!3m6!1s0x94deaf006fc60887:0x68c8dd6099b8543a!8m2!3d-26.2687257!4d-48.8242397!16s%2Fg%2F11xnlcqyx3!19sChIJhwjGbwCv3pQROlS4mWDdyGg,Não,,,Pendente,,,,Não,Google Maps exibe Adicionar website; verificado em 13/08/2026.,academia
Dai Pilates Floresta,Pilates,47999780914,Joinville,https://www.google.com/maps/place/Dai+Pilates+Floresta/data=!4m7!3m6!1s0x94deb1b524351af7:0xdb89027a6535161!8m2!3d-26.3455056!4d-48.8446921!16s%2Fg%2F11s5fhmjvf!19sChIJ9xo1JLWx3pQRYVFTpieQuA0,Não,,,Pendente,,,,Não,Google Maps exibe Adicionar website; verificado em 13/08/2026.,pilates
Vivendo Pilates,Pilates,47992139242,Joinville,https://www.google.com/maps/place/Vivendo+Pilates/data=!4m7!3m6!1s0x94deb15dc6c527f3:0x52abc060ad63fc00!8m2!3d-26.3365131!4d-48.8578182!16s%2Fg%2F11m9vggl58!19sChIJ8yfFxl2x3pQRAPxjrWDAq1I,Não,,,Pendente,,,,Não,Google Maps exibe Adicionar website; verificado em 13/08/2026.,pilates
Pilatessilvanamachado,Pilates,47992288366,Joinville,https://www.google.com/maps/place/Pilatessilvanamachado/data=!4m7!3m6!1s0x94deb1397393b2d5:0xf5cf9125893081e3!8m2!3d-26.3391421!4d-48.8476583!16s%2Fg%2F11h5s2j0jf!19sChIJ1bKTczmx3pQR44EwiSWRz_U,Não,,,Pendente,,,,Não,Google Maps exibe Adicionar website; verificado em 13/08/2026.,pilates
Vitax Studio Pilates e Treinamento Funcional,Pilates,47996515221,Joinville,https://www.google.com/maps/place/Vitax+Studio+Pilates+e+Treinamento+Funcional/data=!4m7!3m6!1s0x94deb046202682c9:0xa68beebe1075ab02!8m2!3d-26.3061067!4d-48.8492819!16s%2Fg%2F1th0clhz!19sChIJyYImIEaw3pQRAqt1EL7ui6Y,Não,,,Pendente,,,,Não,Google Maps exibe Adicionar website; verificado em 13/08/2026.,pilates
Terapia e Movimento Studio de Pilates e Fisioterapia,Pilates,47989275121,Joinville,https://www.google.com/maps/place/Terapia+e+Movimento+Studio+de+Pilates+e+Fisioterapia/data=!4m7!3m6!1s0x94deb19dee32c757:0x29f9b55160509e69!8m2!3d-26.3110422!4d-48.8444648!16s%2Fg%2F11lv27wr25!19sChIJV8cy7p2x3pQRaZ5QYFG1-Sk,Não,,,Pendente,,,,Não,Google Maps exibe Adicionar website; verificado em 13/08/2026.,pilates
New Pilates Studio,Pilates,4730274457,Joinville,https://www.google.com/maps/place/New+Pilates+Studio/data=!4m7!3m6!1s0x94deb036cd8d1237:0x880b2962fe344457!8m2!3d-26.2960099!4d-48.8465059!16s%2Fg%2F11bv2fmldj!19sChIJNxKNzTaw3pQRV0Q0_mIpC4g,Não,,,Pendente,,,,Não,Google Maps exibe Adicionar website; verificado em 13/08/2026.,pilates
Formus Studio Pilates,Pilates,47991511112,Joinville,https://www.google.com/maps/place/Formus+Studio+Pilates/data=!4m7!3m6!1s0x94deb04f6bcedc0b:0x7b55aedbc34f091!8m2!3d-26.3075919!4d-48.8487854!16s%2Fg%2F11bv6pcyl3!19sChIJC9zOa0-w3pQRkfA0vO1atQc,Não,,,Pendente,,,,Não,Google Maps exibe Adicionar website; verificado em 13/08/2026.,pilates
Unique Studio Pilates,Pilates,4734551050,Joinville,https://www.google.com/maps/place/Unique+Studio+Pilates/data=!4m7!3m6!1s0x94deb03b41746155:0xd32687014dadea48!8m2!3d-26.2945516!4d-48.8537325!16s%2Fg%2F11b_3cvtqd!19sChIJVWF0QTuw3pQRSOqtTQGHJtM,Não,,,Pendente,,,,Não,Google Maps exibe Adicionar website; verificado em 13/08/2026.,pilates
Voll Pilates Studios América,Pilates,47992397192,Joinville,https://www.google.com/maps/place/Voll+Pilates+Studios+Am%C3%A9rica/data=!4m7!3m6!1s0x94deb1bc1d9707f7:0xe0ca9d70bd2f0c4f!8m2!3d-26.2977913!4d-48.8610185!16s%2Fg%2F11yhy2py3y!19sChIJ9weXHbyx3pQRTwwvvXCdyuA,Não,,,Pendente,,,,Não,Google Maps exibe Adicionar website; verificado em 13/08/2026.,pilates
Revoo Pilates,Pilates,47992126768,Joinville,https://www.google.com/maps/place/Revoo+Pilates/data=!4m7!3m6!1s0x94deb1ce59d7e965:0xa6bd7ef95da12710!8m2!3d-26.2883879!4d-48.8483475!16s%2Fg%2F11yr12w4wl!19sChIJZenXWc6x3pQRECehXfl-vaY,Não,,,Pendente,,,,Não,Google Maps exibe Adicionar website; verificado em 13/08/2026.,pilates
Stúdio 3 Pilates - Equilíbrio e Bem-Estar,Pilates,47992849032,Joinville,https://www.google.com/maps/place/St%C3%BAdio+3+Pilates+-+Equil%C3%ADbrio+e+Bem-Estar/data=!4m7!3m6!1s0x94deafd95f674519:0x917e2a4d59c96012!8m2!3d-26.2787887!4d-48.8538207!16s%2Fg%2F11b823y_d2!19sChIJGUVnX9mv3pQREmDJWU0qfpE,Não,,,Pendente,,,,Não,Google Maps exibe Adicionar website; verificado em 13/08/2026.,pilates
My Pilates/PatiBelato,Pilates,47996921023,Joinville,https://www.google.com/maps/place/My+Pilates%2FPatiBelato/data=!4m7!3m6!1s0x22159822df388243:0xdbf4d6f9e0f484b2!8m2!3d-26.2851937!4d-48.8446134!16s%2Fg%2F11sbxl3b8r!19sChIJQ4I43yKYFSIRsoT04PnW9Ns,Não,,,Pendente,,,,Não,Google Maps exibe Adicionar website; verificado em 13/08/2026.,pilates
Studio K Freitas,Pilates,47988067261,Joinville,https://www.google.com/maps/place/Studio+K+Freitas/data=!4m7!3m6!1s0x94deaf5385fd629f:0x831287f075f30107!8m2!3d-26.2780346!4d-48.8556179!16s%2Fg%2F11fd6n3r8g!19sChIJn2L9hVOv3pQRBwHzdfCHEoM,Não,,,Pendente,,,,Não,Google Maps exibe Adicionar website; verificado em 13/08/2026.,pilates
Estúdio Ametista - Yoga e Pilates Joinville,Pilates,47997440932,Joinville,https://www.google.com/maps/place/Est%C3%BAdio+Ametista+-+Yoga+e+Pilates+Joinville/data=!4m7!3m6!1s0x94deb18e0a41281f:0x4dc77a302a021961!8m2!3d-26.3184043!4d-48.8517082!16s%2Fg%2F11hyndzhp9!19sChIJHyhBCo6x3pQRYRkCKjB6x00,Não,,,Pendente,,,,Não,Google Maps exibe Adicionar website; verificado em 13/08/2026.,pilates
Espaço Casagrande pilates e reabilitação,Pilates,47999012520,Joinville,https://www.google.com/maps/place/Espa%C3%A7o+Casagrande+pilates+e+reabilita%C3%A7%C3%A3o/data=!4m7!3m6!1s0x94deb18ddc387e51:0x76cb21495ae4fb94!8m2!3d-26.2957823!4d-48.8664169!16s%2Fg%2F11z5pg7rws!19sChIJUX443I2x3pQRlPvkWkkhy3Y,Não,,,Pendente,,,,Não,Google Maps exibe Adicionar website; verificado em 13/08/2026.,pilates
Studio de Pilates RB,Pilates,47999717597,Joinville,https://www.google.com/maps/place/Studio+de+Pilates+RB/data=!4m7!3m6!1s0x94deb0573d66e53f:0x6b5fe39daa303ce5!8m2!3d-26.3168285!4d-48.8479194!16s%2Fg%2F11bv2gzh0g!19sChIJP-VmPVew3pQR5Twwqp3jX2s,Não,,,Pendente,,,,Não,Google Maps exibe Adicionar website; verificado em 13/08/2026.,pilates
Marja Souto Pilates,Pilates,47991384925,Joinville,https://www.google.com/maps/place/Marja+Souto+Pilates/data=!4m7!3m6!1s0x94deb118e70724a9:0x92587fd4d91b4cfb!8m2!3d-26.3294783!4d-48.8771484!16s%2Fg%2F11x1tchvwc!19sChIJqSQH5xix3pQR-0wb2dR_WJI,Não,,,Pendente,,,,Não,Google Maps exibe Adicionar website; verificado em 13/08/2026.,pilates
Zoe Pilates,Pilates,47997435306,Joinville,https://www.google.com/maps/place/Zoe+Pilates/data=!4m7!3m6!1s0x94deaf5d6da68b8f:0xef17c62a557b01d8!8m2!3d-26.273495!4d-48.8322637!16s%2Fg%2F11xgrjmypl!19sChIJj4umbV2v3pQR2AF7VSrGF-8,Não,,,Pendente,,,,Não,Google Maps exibe Adicionar website; verificado em 13/08/2026.,pilates
Stúdio Karla Accordi,Pilates,47996757868,Joinville,https://www.google.com/maps/place/St%C3%BAdio+Karla+Accordi/data=!4m7!3m6!1s0x94deb10b9bac3b39:0x43e84e8712f6ba55!8m2!3d-26.2787292!4d-48.8358016!16s%2Fg%2F11fsqp2n74!19sChIJOTusmwux3pQRVbr2EodO6EM,Não,,,Pendente,,,,Não,Google Maps exibe Adicionar website; verificado em 13/08/2026.,pilates
RE.FORM Espaço Pilates,Pilates,47996050141,Joinville,https://www.google.com/maps/place/RE.FORM+Espa%C3%A7o+Pilates/data=!4m7!3m6!1s0x94deaf995e58eb51:0xf86c15f22b84a42f!8m2!3d-26.2678496!4d-48.874108!16s%2Fg%2F11x7wp758v!19sChIJUetYXpmv3pQRL6SEK_IVbPg,Não,,,Pendente,,,,Não,Google Maps exibe Adicionar website; verificado em 13/08/2026.,pilates
Core Up Estúdio de Pilates,Pilates,4732786616,Joinville,https://www.google.com/maps/place/Core+Up+Est%C3%BAdio+de+Pilates/data=!4m7!3m6!1s0x94deaff0b39b6b43:0x469e1e9a7628d48d!8m2!3d-26.2803167!4d-48.8747828!16s%2Fg%2F11hd4zfhrq!19sChIJQ2ubs_Cv3pQRjdQodpoenkY,Não,,,Pendente,,,,Não,Google Maps exibe Adicionar website; verificado em 13/08/2026.,pilates
Bruna Zuchi Melchioretto - Microfisioterapia e Pilates,Pilates,47984591824,Joinville,https://www.google.com/maps/place/Bruna+Zuchi+Melchioretto+-+Microfisioterapia+e+Pilates/data=!4m7!3m6!1s0x94dea59ae0474755:0x8a85486545bd680e!8m2!3d-26.2864688!4d-48.9071997!16s%2Fg%2F11mkc2fn7h!19sChIJVUdH4Jql3pQRDmi9RWVIhYo,Não,,,Pendente,,,,Não,Google Maps exibe Adicionar website; verificado em 13/08/2026.,pilates
Studio Roberta Godoy - Pole Aéreos e Pilates,Pilates,47989137441,Joinville,https://www.google.com/maps/place/Studio+Roberta+Godoy+-+Pole+A%C3%A9reos+e+Pilates/data=!4m7!3m6!1s0x94deafff1d884f7f:0x2b19e984fde38bfe!8m2!3d-26.2916571!4d-48.8968559!16s%2Fg%2F11c1mzvycv!19sChIJf0-IHf-v3pQR_ovj_YTpGSs,Não,,,Pendente,,,,Não,Google Maps exibe Adicionar website; verificado em 13/08/2026.,pilates
Attivus Studio,Pilates,47996146013,Joinville,https://www.google.com/maps/place/Attivus+Studio/data=!4m7!3m6!1s0x94deb16b3ba423e9:0x48de10c3516ea8b0!8m2!3d-26.3417702!4d-48.8166213!16s%2Fg%2F11xg7j6c1_!19sChIJ6SOkO2ux3pQRsKhuUcMQ3kg,Não,,,Pendente,,,,Não,Google Maps exibe Adicionar website; verificado em 13/08/2026.,pilates
Agora Vai,Pilates,47997228911,Joinville,https://www.google.com/maps/place/Agora+Vai/data=!4m7!3m6!1s0x94deaf24a4698ee1:0xdf1222ac373f3c3c!8m2!3d-26.2535969!4d-48.8402336!16s%2Fg%2F11y8dm9bmp!19sChIJ4Y5ppCSv3pQRPDw_N6wiEt8,Não,,,Pendente,,,,Não,Google Maps exibe Adicionar website; verificado em 13/08/2026.,pilates
Samus Pilates,Pilates,47992179353,Joinville,https://www.google.com/maps/place/Samus+Pilates/data=!4m7!3m6!1s0x94deb142c2546a33:0x1e0f5e7b1aa3fc82!8m2!3d-26.266421!4d-48.8000167!16s%2Fg%2F11wvrr7hx_!19sChIJM2pUwkKx3pQRgvyjGnteDx4,Não,,,Pendente,,,,Não,Google Maps exibe Adicionar website; verificado em 13/08/2026.,pilates
Studio MOVIMENT Treinamento funcional,Pilates,47996293238,Joinville,https://www.google.com/maps/place/Studio+MOVIMENT+Treinamento+funcional/data=!4m7!3m6!1s0x94deaf7841d73cb9:0xb3056e3002450acb!8m2!3d-26.26203!4d-48.8166587!16s%2Fg%2F11wj6tk0m7!19sChIJuTzXQXiv3pQRywpFAjBuBbM,Não,,,Pendente,,,,Não,Google Maps exibe Adicionar website; verificado em 13/08/2026.,pilates
VF Studio,Pilates,47997920629,Joinville,https://www.google.com/maps/place/VF+Studio/data=!4m7!3m6!1s0x94deaf1b3ed44279:0x52bc8c232fee4fc2!8m2!3d-26.2501901!4d-48.8179675!16s%2Fg%2F11ht448kc5!19sChIJeULUPhuv3pQRwk_uLyOMvFI,Não,,,Pendente,,,,Não,Google Maps exibe Adicionar website; verificado em 13/08/2026.,pilates
Studio Everlym Santos,Pilates,47996256877,Joinville,https://www.google.com/maps/place/Studio+Everlym+Santos/data=!4m7!3m6!1s0x94deaf1ac4d7ac71:0x52381413362283d8!8m2!3d-26.256137!4d-48.8169925!16s%2Fg%2F11msl6qk2c!19sChIJcazXxBqv3pQR2IMiNhMUOFI,Não,,,Pendente,,,,Não,Google Maps exibe Adicionar website; verificado em 13/08/2026.,pilates
Academia Performance Fitness,Pilates,4732780506,Joinville,https://www.google.com/maps/place/Academia+Performance+Fitness/data=!4m7!3m6!1s0x94deb1ddc48de0e1:0x821452966f561def!8m2!3d-26.2780409!4d-48.8213316!16s%2Fg%2F11bv381drd!19sChIJ4eCNxN2x3pQR7x1Wb5ZSFII,Não,,,Pendente,,,,Não,Google Maps exibe Adicionar website; verificado em 13/08/2026.,pilates
viva Pilates em casa,Pilates,47996709524,Joinville,https://www.google.com/maps/place/viva+Pilates+em+casa/data=!4m7!3m6!1s0x94deb1ceeea4964b:0x71541c5cc2883c57!8m2!3d-26.2997543!4d-48.8139855!16s%2Fg%2F11lp6lfbk2!19sChIJS5ak7s6x3pQRVzyIwlwcVHE,Não,,,Pendente,,,,Não,Google Maps exibe Adicionar website; verificado em 13/08/2026.,pilates
Atitude Física Academia,Pilates,4734335368,Joinville,https://www.google.com/maps/place/Atitude+F%C3%ADsica+Academia/data=!4m7!3m6!1s0x94deb1a49d831eb3:0x3d250cd3b21e2fa6!8m2!3d-26.3043733!4d-48.8249682!16s%2Fg%2F1td39dbt!19sChIJsx6DnaSx3pQRpi8estMMJT0,Não,,,Pendente,,,,Não,Google Maps exibe Adicionar website; verificado em 13/08/2026.,pilates
Academia Aerobic Dancing,Pilates,4734367343,Joinville,https://www.google.com/maps/place/Academia+Aerobic+Dancing/data=!4m7!3m6!1s0x94deb16af424c7cd:0x43390bcc3ae5f2ea!8m2!3d-26.3276171!4d-48.8173704!16s%2Fg%2F11bv30h3np!19sChIJzcck9Gqx3pQR6vLlOswLOUM,Não,,,Pendente,,,,Não,Google Maps exibe Adicionar website; verificado em 13/08/2026.,pilates
ESTÚDIO +FIT - Treinos Personalizados,Pilates,47992004318,Joinville,https://www.google.com/maps/place/EST%C3%9ADIO+%2BFIT+-+Treinos+Personalizados/data=!4m7!3m6!1s0x94dea55635586413:0x436dc7ca3a8eb595!8m2!3d-26.2616924!4d-48.7993491!16s%2Fg%2F11pf2dk2cv!19sChIJE2RYNVal3pQRlbWOOsrHbUM,Não,,,Pendente,,,,Não,Google Maps exibe Adicionar website; verificado em 13/08/2026.,pilates
Studio Renata Costa Cabeleireira,Pilates,47999484497,Joinville,https://www.google.com/maps/place/Studio+Renata+Costa+Cabeleireira/data=!4m7!3m6!1s0x94deaf36f1e9a6b9:0x1a38ff45ec6f9b4!8m2!3d-26.2604439!4d-48.8072031!16s%2Fg%2F11zk7m69dr!19sChIJuabp8Tav3pQRtPnGXvSPowE,Não,,,Pendente,,,,Não,Google Maps exibe Adicionar website; verificado em 13/08/2026.,pilates
Luciana Lashes Joinville,Pilates,47999369712,Joinville,https://www.google.com/maps/place/Luciana+Lashes+Joinville/data=!4m7!3m6!1s0x94deafe983040e41:0xd85f2d02941a5d70!8m2!3d-26.2665462!4d-48.8110857!16s%2Fg%2F11ynfqw54g!19sChIJQQ4Eg-mv3pQRcF0alAItX9g,Não,,,Pendente,,,,Não,Google Maps exibe Adicionar website; verificado em 13/08/2026.,pilates
Studio APS Pilates,Pilates,47999335029,Joinville,https://www.google.com/maps/place/Studio+APS+Pilates/data=!4m7!3m6!1s0x94dea7f08e29bd2d:0x5d3204354365cf27!8m2!3d-26.2057307!4d-48.9081174!16s%2Fg%2F11mymk7r5s!19sChIJLb0pjvCn3pQRJ89lQzUEMl0,Não,,,Pendente,,,,Não,Google Maps exibe Adicionar website; verificado em 13/08/2026.,pilates
Estilo Fitness Joinville,Pilates,47992735528,Joinville,https://www.google.com/maps/place/Estilo+Fitness+Joinville/data=!4m7!3m6!1s0x94deb1e1fd16c907:0x107aeec6c9e9f822!8m2!3d-26.3198777!4d-48.8017189!16s%2Fg%2F11m7n_xwhb!19sChIJB8kW_eGx3pQRIvjpycbuehA,Não,,,Pendente,,,,Não,Google Maps exibe Adicionar website; verificado em 13/08/2026.,pilates
Academia Boni Gym,Pilates,47984621213,Joinville,https://www.google.com/maps/place/Academia+Boni+Gym/data=!4m7!3m6!1s0x94deb1b71d4c1dc5:0x49e9830b26a64c5b!8m2!3d-26.3275778!4d-48.8064829!16s%2Fg%2F11hy9qk9vh!19sChIJxR1MHbex3pQRW0ymJguD6Uk,Não,,,Pendente,,,,Não,Google Maps exibe Adicionar website; verificado em 13/08/2026.,pilates
Alisson Pereira Studio de Dança,Dança,47996517071,Joinville,https://www.google.com/maps/place/Alisson+Pereira+Studio+de+Dan%C3%A7a/data=!4m7!3m6!1s0x94deb128019cac79:0x21dee1e760ffca19!8m2!3d-26.3032252!4d-48.8456498!16s%2Fg%2F11hzltc5yc!19sChIJeaycASix3pQRGcr_YOfh3iE,Não,,,Pendente,,,,Não,Google Maps exibe Adicionar website; verificado em 13/08/2026.,danca
Dunamis Escola de Dança & Artes,Dança,47992506315,Joinville,https://www.google.com/maps/place/Dunamis+Escola+de+Dan%C3%A7a+%26+Artes/data=!4m7!3m6!1s0x94deb0dc8b1c8bc1:0x27b451dcc3d1f209!8m2!3d-26.3270627!4d-48.8430614!16s%2Fg%2F11bv5tz_j5!19sChIJwYsci9yw3pQRCfLRw9xRtCc,Não,,,Pendente,,,,Não,Google Maps exibe Adicionar website; verificado em 13/08/2026.,danca
Saltare - Centro de Dança,Dança,4733054674,Joinville,https://www.google.com/maps/place/Saltare+-+Centro+de+Dan%C3%A7a/data=!4m7!3m6!1s0x94deb1c1cf7a70fb:0x55f515910180a02d!8m2!3d-26.2939119!4d-48.845439!16s%2Fg%2F11g19__3hn!19sChIJ-3B6z8Gx3pQRLaCAAZEV9VU,Não,,,Pendente,,,,Não,Google Maps exibe Adicionar website; verificado em 13/08/2026.,danca
Dança & Tradição Studio de Danças,Dança,47992221742,Joinville,https://www.google.com/maps/place/Dan%C3%A7a+%26+Tradi%C3%A7%C3%A3o+Studio+de+Dan%C3%A7as/data=!4m7!3m6!1s0x94deb05700897827:0xda690ca783991c!8m2!3d-26.3207194!4d-48.8337682!16s%2Fg%2F1tzgkszx!19sChIJJ3iJAFew3pQRHJmDpwxp2gA,Não,,,Pendente,,,,Não,Google Maps exibe Adicionar website; verificado em 13/08/2026.,danca
Centro de Dança e Pesquisa Fernando Lima,Dança,47988311349,Joinville,https://www.google.com/maps/place/Centro+de+Dan%C3%A7a+e+Pesquisa+Fernando+Lima/data=!4m7!3m6!1s0x94deb1755ceb68d9:0x735436928fbaa37b!8m2!3d-26.322544!4d-48.8551979!16s%2Fg%2F11h_cz1zzs!19sChIJ2WjrXHWx3pQRe6O6j5I2VHM,Não,,,Pendente,,,,Não,Google Maps exibe Adicionar website; verificado em 13/08/2026.,danca
Espaço A.Z,Dança,47988664655,Joinville,https://www.google.com/maps/place/Espa%C3%A7o+A.Z/data=!4m7!3m6!1s0x94deb0507d11fd97:0x6f653ac86b79dc16!8m2!3d-26.2815308!4d-48.8311748!16s%2Fg%2F1yg6nq1fm!19sChIJl_0RfVCw3pQRFtx5a8g6ZW8,Não,,,Pendente,,,,Não,Google Maps exibe Adicionar website; verificado em 13/08/2026.,danca
Bianca Ballet Escola de Dança,Dança,4732026976,Joinville,https://www.google.com/maps/place/Bianca+Ballet+Escola+de+Dan%C3%A7a/data=!4m7!3m6!1s0x94deb15b9ed2f7fd:0xb182249351a82a4b!8m2!3d-26.2920269!4d-48.8408833!16s%2Fg%2F11n5pnys9l!19sChIJ_ffSnlux3pQRSyqoUZMkgrE,Não,,,Pendente,,,,Não,Google Maps exibe Adicionar website; verificado em 13/08/2026.,danca
Liliana Vieira | Companhia de Dança,Dança,4732278984,Joinville,https://www.google.com/maps/place/Liliana+Vieira+%7C+Companhia+de+Dan%C3%A7a/data=!4m7!3m6!1s0x94deafd8dc9485df:0xea4fceeea0e9ac9e!8m2!3d-26.2814415!4d-48.8536579!16s%2Fg%2F11dxlg31s2!19sChIJ34WU3Niv3pQRnqzpoO7OT-o,Não,,,Pendente,,,,Não,Google Maps exibe Adicionar website; verificado em 13/08/2026.,danca
Justine Remond,Dança,4734336094,Joinville,https://www.google.com/maps/place/Justine+Remond/data=!4m7!3m6!1s0x94deb03170942e25:0x4467d62d2fd78a89!8m2!3d-26.2932879!4d-48.8454644!16s%2Fg%2F11b86qh4hx!19sChIJJS6UcDGw3pQRiYrXLy3WZ0Q,Não,,,Pendente,,,,Não,Google Maps exibe Adicionar website; verificado em 13/08/2026.,danca
Studio Arte em Movimento,Dança,47997265114,Joinville,https://www.google.com/maps/place/Studio+Arte+em+Movimento/data=!4m7!3m6!1s0x94deae21620efb23:0xd5c8d05e965d7694!8m2!3d-26.268129!4d-48.8230517!16s%2Fg%2F11bvcvy94h!19sChIJI_sOYiGu3pQRlHZdll7QyNU,Não,,,Pendente,,,,Não,Google Maps exibe Adicionar website; verificado em 13/08/2026.,danca
Art Fitness Studio Sabrina Lermen,Dança,47999144186,Joinville,https://www.google.com/maps/place/Art+Fitness+Studio+Sabrina+Lermen/data=!4m7!3m6!1s0x94deb02eea7d0669:0x7226dbd31ac1c23a!8m2!3d-26.2870092!4d-48.8463815!16s%2Fg%2F11cmsr3g8b!19sChIJaQZ96i6w3pQROsLBGtPbJnI,Não,,,Pendente,,,,Não,Google Maps exibe Adicionar website; verificado em 13/08/2026.,danca
Millennium escola de danças,Dança,47989254478,Joinville,https://www.google.com/maps/place/Millennium+escola+de+dan%C3%A7as/data=!4m7!3m6!1s0x94deb1361c86e47b:0xc4f0da75edc12383!8m2!3d-26.3284757!4d-48.8375047!16s%2Fg%2F11z3n0cbty!19sChIJe-SGHDax3pQRgyPB7XXa8MQ,Não,,,Pendente,,,,Não,Google Maps exibe Adicionar website; verificado em 13/08/2026.,danca
MOA - Movimento Artístico Patrícia Dalchau,Dança,47988024477,Joinville,https://www.google.com/maps/place/MOA+-+Movimento+Art%C3%ADstico+Patr%C3%ADcia+Dalchau/data=!4m7!3m6!1s0x94deb1d0de9680dd:0xd2e73bf17f3ce1b9!8m2!3d-26.3167534!4d-48.8465981!16s%2Fg%2F11h3m68tq_!19sChIJ3YCW3tCx3pQRueE8f_E759I,Não,,,Pendente,,,,Não,Google Maps exibe Adicionar website; verificado em 13/08/2026.,danca
Cia de Dança Lia Machtam,Dança,47999646544,Joinville,https://www.google.com/maps/place/Cia+de+Dan%C3%A7a+Lia+Machtam/data=!4m7!3m6!1s0x94deb1348e69592b:0x971027d62aee08f!8m2!3d-26.3192828!4d-48.8613987!16s%2Fg%2F11xp4s18qr!19sChIJK1lpjjSx3pQRj-CuYn0CcQk,Não,,,Pendente,,,,Não,Google Maps exibe Adicionar website; verificado em 13/08/2026.,danca
Asgar Cultura e Educação,Dança,47988042729,Joinville,https://www.google.com/maps/place/Asgar+Cultura+e+Educa%C3%A7%C3%A3o/data=!4m7!3m6!1s0x94deb1bccc5dde75:0xe1358040cc8a2a16!8m2!3d-26.332667!4d-48.839908!16s%2Fg%2F11bt_jbt7d!19sChIJdd5dzLyx3pQRFiqKzECANeE,Não,,,Pendente,,,,Não,Google Maps exibe Adicionar website; verificado em 13/08/2026.,danca
Lais Rotkis - Aulas e Show de Dança do Ventre Joinville,Dança,47988806464,Joinville,https://www.google.com/maps/place/Lais+Rotkis+-+Aulas+e+Show+de+Dan%C3%A7a+do+Ventre+Joinville/data=!4m7!3m6!1s0x94deb19d8472b969:0xdf046e7eb603d5ca!8m2!3d-26.3032252!4d-48.8456498!16s%2Fg%2F11shjtyyyc!19sChIJablyhJ2x3pQRytUDtn5uBN8,Não,,,Pendente,,,,Não,Google Maps exibe Adicionar website; verificado em 13/08/2026.,danca
Kulture Kaos Dance School,Dança,47992605678,Joinville,https://www.google.com/maps/place/Kulture+Kaos+Dance+School/data=!4m7!3m6!1s0x94deae298091dd97:0x3b77a9373dccc890!8m2!3d-26.2820347!4d-48.8309386!16s%2Fg%2F11hbssv9t4!19sChIJl92RgCmu3pQRkMjMPTepdzs,Não,,,Pendente,,,,Não,Google Maps exibe Adicionar website; verificado em 13/08/2026.,danca
Harte Escola de Dança,Dança,47997729785,Joinville,https://www.google.com/maps/place/Harte+Escola+de+Dan%C3%A7a/data=!4m7!3m6!1s0x94deaff7926ad615:0xa8a7930f4b366e0c!8m2!3d-26.2577138!4d-48.8205892!16s%2Fg%2F11fmrjz7nr!19sChIJFdZqkvev3pQRDG42Sw-Tp6g,Não,,,Pendente,,,,Não,Google Maps exibe Adicionar website; verificado em 13/08/2026.,danca
Ginástica Artística GYM TECHY,Dança,47999431960,Joinville,https://www.google.com/maps/place/Gin%C3%A1stica+Art%C3%ADstica+GYM+TECHY/data=!4m7!3m6!1s0x94deb18e87953701:0x47e736e2c74db2ad!8m2!3d-26.3434093!4d-48.8528837!16s%2Fg%2F11rc9bd646!19sChIJATeVh46x3pQRrbJNx-I250c,Não,,,Pendente,,,,Não,Google Maps exibe Adicionar website; verificado em 13/08/2026.,danca
Companhia MM,Dança,47999658821,Joinville,https://www.google.com/maps/place/Companhia+MM/data=!4m7!3m6!1s0x94deaf4d95715859:0xd0aab30976dc909c!8m2!3d-26.2697221!4d-48.8040842!16s%2Fg%2F11gjnz11my!19sChIJWVhxlU2v3pQRnJDcdgmzqtA,Não,,,Pendente,,,,Não,Google Maps exibe Adicionar website; verificado em 13/08/2026.,danca
Jardim da Dança,Dança,4730313894,Joinville,https://www.google.com/maps/place/Jardim+da+Dan%C3%A7a/data=!4m7!3m6!1s0x94deb1a0943e4cd7:0xf6226f67a8b894cb!8m2!3d-26.2942007!4d-48.8453407!16s%2Fg%2F11l2qd57gm!19sChIJ10w-lKCx3pQRy5S4qGdvIvY,Não,,,Pendente,,,,Não,Google Maps exibe Adicionar website; verificado em 13/08/2026.,danca
Ana Júlia Studio de Dança,Dança,47996544319,Joinville,https://www.google.com/maps/place/Ana+J%C3%BAlia+Studio+de+Dan%C3%A7a/data=!4m7!3m6!1s0x94dea7cb2485db33:0xfd8d766a20b74df6!8m2!3d-26.2105787!4d-48.9077102!16s%2Fg%2F11fnvfpmx9!19sChIJM9uFJMun3pQR9k23IGp2jf0,Não,,,Pendente,,,,Não,Google Maps exibe Adicionar website; verificado em 13/08/2026.,danca
Academia Nuclear,Dança,47999318118,Joinville,https://www.google.com/maps/place/Academia+Nuclear/data=!4m7!3m6!1s0x94deb1f5151e225d:0xb594e2d51064100a!8m2!3d-26.2835371!4d-48.801017!16s%2Fg%2F11c3sr4yv2!19sChIJXSIeFfWx3pQRChBkENXilLU,Não,,,Pendente,,,,Não,Google Maps exibe Adicionar website; verificado em 13/08/2026.,danca
Amanda Junkes Studio,Dança,47996098649,Joinville,https://www.google.com/maps/place/Amanda+Junkes+Studio/data=!4m7!3m6!1s0x94deb36339d74919:0x16db1fe0e84d09d5!8m2!3d-26.2723303!4d-48.7992924!16s%2Fg%2F11z4z96n3p!19sChIJGUnXOWOz3pQR1QlN6OAf2xY,Não,,,Pendente,,,,Não,Google Maps exibe Adicionar website; verificado em 13/08/2026.,danca
Academia Mr. Fit,Dança,47997395864,Joinville,https://www.google.com/maps/place/Academia+Mr.+Fit/data=!4m7!3m6!1s0x94deb1a1427f227f:0x3bc9f624538197d7!8m2!3d-26.2749358!4d-48.8054067!16s%2Fg%2F11h6v1623q!19sChIJfyJ_QqGx3pQR15eBUyT2yTs,Não,,,Pendente,,,,Não,Google Maps exibe Adicionar website; verificado em 13/08/2026.,danca
Studio Gerson Lopes,Dança,47988439503,Joinville,https://www.google.com/maps/place/Studio+Gerson+Lopes/data=!4m7!3m6!1s0x94deb15e409aba05:0x5974ac05889cee93!8m2!3d-26.272247!4d-48.8085053!16s%2Fg%2F11q1pfb9r6!19sChIJBbqaQF6x3pQRk-6ciAWsdFk,Não,,,Pendente,,,,Não,Google Maps exibe Adicionar website; verificado em 13/08/2026.,danca
CEI Manoel Antônio da Rosa,Dança,4730855707,Joinville,https://www.google.com/maps/place/CEI+Manoel+Ant%C3%B4nio+da+Rosa/data=!4m7!3m6!1s0x94deb10025ed8f5b:0xcd48cfb25298f2bf!8m2!3d-26.2743749!4d-48.8102727!16s%2Fg%2F11wc0tnp95!19sChIJW4_tJQCx3pQRv_KYUrLPSM0,Não,,,Pendente,,,,Não,Google Maps exibe Adicionar website; verificado em 13/08/2026.,danca
Studio Julia Gabriela,Dança,47992406117,Joinville,https://www.google.com/maps/place/Studio+Julia+Gabriela/data=!4m7!3m6!1s0x94deb1a8de41916b:0x37dfade20fb147aa!8m2!3d-26.2825057!4d-48.8140855!16s%2Fg%2F11m6ynk6s9!19sChIJa5FB3qix3pQRqkexD-Kt3zc,Não,,,Pendente,,,,Não,Google Maps exibe Adicionar website; verificado em 13/08/2026.,danca
Studio Pá toda Lash,Dança,47997942807,Joinville,https://www.google.com/maps/place/Studio+P%C3%A1+toda+Lash/data=!4m7!3m6!1s0x94deb1a23598f9a9:0x6112812d61ca29d9!8m2!3d-26.2743131!4d-48.8044789!16s%2Fg%2F11yjj0_969!19sChIJqfmYNaKx3pQR2SnKYS2BEmE,Não,,,Pendente,,,,Não,Google Maps exibe Adicionar website; verificado em 13/08/2026.,danca
Bloom Beauty Studio (Daiane Alves),Dança,47996710582,Joinville,https://www.google.com/maps/place/Bloom+Beauty+Studio+%28Daiane+Alves%29/data=!4m7!3m6!1s0x94deb1003369588d:0x695b74310d6b6eb9!8m2!3d-26.2839758!4d-48.8045213!16s%2Fg%2F11ymk5vr07!19sChIJjVhpMwCx3pQRuW5rDTF0W2k,Não,,,Pendente,,,,Não,Google Maps exibe Adicionar website; verificado em 13/08/2026.,danca
AM3 Performance e Saúde,Dança,47997306297,Joinville,https://www.google.com/maps/place/AM3+Performance+e+Sa%C3%BAde/data=!4m7!3m6!1s0x94deb1bee699db0f:0x79f22c4222b759db!8m2!3d-26.3278892!4d-48.8325859!16s%2Fg%2F11j27t1p25!19sChIJD9uZ5r6x3pQR21m3IkIs8nk,Não,,,Pendente,,,,Não,Google Maps exibe Adicionar website; verificado em 13/08/2026.,danca
"CEI CRIARTE , Joinville",Dança,4730286239,Joinville,"https://www.google.com/maps/place/CEI+CRIARTE+,+Joinville/data=!4m7!3m6!1s0x94deb10311dfb281:0xb5e712a476323eaf!8m2!3d-26.3243902!4d-48.8362748!16s%2Fg%2F11g6lzk1yz!19sChIJgbLfEQOx3pQRrz4ydqQS57U",Não,,,Pendente,,,,Não,Google Maps exibe Adicionar website; verificado em 13/08/2026.,danca
Pole Dance Estúdio Denébora Batista,Dança,47997610030,Joinville,https://www.google.com/maps/place/Pole+Dance+Est%C3%BAdio+Den%C3%A9bora+Batista/data=!4m7!3m6!1s0x94deaff83cb80b0b:0x907f7d114b0d1a74!8m2!3d-26.26704!4d-48.8222239!16s%2Fg%2F11sh8w65xt!19sChIJCwu4PPiv3pQRdBoNSxF9f5A,Não,,,Pendente,,,,Não,Google Maps exibe Adicionar website; verificado em 13/08/2026.,danca
Academia Mr Ltda,Dança,4730860776,Joinville,https://www.google.com/maps/place/Academia+Mr+Ltda/data=!4m7!3m6!1s0x94deb50058d1c8c9:0xb9b2e1872aed20ca!8m2!3d-26.3433087!4d-48.7738738!16s%2Fg%2F11lcthdj9l!19sChIJycjRWAC13pQRyiDtKofhsrk,Não,,,Pendente,,,,Não,Google Maps exibe Adicionar website; verificado em 13/08/2026.,danca
Studio Espaço Vip,Dança,47997338491,Joinville,https://www.google.com/maps/place/Studio+Espa%C3%A7o+Vip/data=!4m7!3m6!1s0x94deb5154dcee39d:0x10b3545ee49ebebd!8m2!3d-26.3435493!4d-48.7737151!16s%2Fg%2F11wp5ct96j!19sChIJnePOTRW13pQRvb6e5F5UsxA,Não,,,Pendente,,,,Não,Google Maps exibe Adicionar website; verificado em 13/08/2026.,danca
Jéssica e Jenifer Studio de Beleza,Dança,47996564629,Joinville,https://www.google.com/maps/place/J%C3%A9ssica+e+Jenifer+Studio+de+Beleza/data=!4m7!3m6!1s0x94deb46ca14a9981:0x2d059cbe83ac0267!8m2!3d-26.349553!4d-48.7784619!16s%2Fg%2F11kn6wnqjw!19sChIJgZlKoWy03pQRZwKsg76cBS0,Não,,,Pendente,,,,Não,Google Maps exibe Adicionar website; verificado em 13/08/2026.,danca
Ana Clara Lacerda Studio Lash Designer,Dança,47997394647,Joinville,https://www.google.com/maps/place/Ana+Clara+Lacerda+Studio+Lash+Designer/data=!4m7!3m6!1s0x94deb5f5a4c7bf7b:0xe259a8897075bcab!8m2!3d-26.3497115!4d-48.7829233!16s%2Fg%2F11nk8xj_sb!19sChIJe7_HpPW13pQRq7x1cImoWeI,Não,,,Pendente,,,,Não,Google Maps exibe Adicionar website; verificado em 13/08/2026.,danca
Studio Duo Belle,Dança,47997119960,Joinville,https://www.google.com/maps/place/Studio+Duo+Belle/data=!4m7!3m6!1s0x94deb5f20721e6ed:0xa9e044c82eacbc66!8m2!3d-26.3432124!4d-48.7756519!16s%2Fg%2F11zhbndd_8!19sChIJ7eYhB_K13pQRZrysLshE4Kk,Não,,,Pendente,,,,Não,Google Maps exibe Adicionar website; verificado em 13/08/2026.,danca
Studio Samy Moura,Dança,47996914164,Joinville,https://www.google.com/maps/place/Studio+Samy+Moura/data=!4m7!3m6!1s0x94deb5705dca2b31:0x330b6e972b0691a7!8m2!3d-26.3456753!4d-48.7646478!16s%2Fg%2F11zg4b0xgw!19sChIJMSvKXXC13pQRp5EGK5duCzM,Não,,,Pendente,,,,Não,Google Maps exibe Adicionar website; verificado em 13/08/2026.,danca
ANDRIELLE SILVA BEAUTY STUDIO,Dança,47999594578,Joinville,https://www.google.com/maps/place/ANDRIELLE+SILVA+BEAUTY+STUDIO/data=!4m7!3m6!1s0x94deb56ad5592ee7:0x2351079000d6c5b4!8m2!3d-26.3411097!4d-48.776786!16s%2Fg%2F11shvgmptj!19sChIJ5y5Z1Wq13pQRtMXWAJAHUSM,Não,,,Pendente,,,,Não,Google Maps exibe Adicionar website; verificado em 13/08/2026.,danca
Carlos Wutzow Personal Trainer,Personal Trainer,47996093160,Joinville,https://www.google.com/maps/place/Carlos+Wutzow+Personal+Trainer/data=!4m7!3m6!1s0x94deafdb310d7299:0xea4dc6c93803f50e!8m2!3d-26.2813955!4d-48.8536821!16s%2Fg%2F11c6cy5750!19sChIJmXINMduv3pQRDvUDOMnGTeo,Não,,,Pendente,,,,Não,Google Maps exibe Adicionar website; verificado em 13/08/2026.,personal
Andrea Guimarães |Personal Trainer -Joinville SC,Personal Trainer,47999740606,Joinville,https://www.google.com/maps/place/Andrea+Guimar%C3%A3es+%7CPersonal+Trainer+-Joinville+SC/data=!4m7!3m6!1s0x94deb11520025057:0xe019e2d977e6a605!8m2!3d-26.2933012!4d-48.8452064!16s%2Fg%2F11xmcf10qz!19sChIJV1ACIBWx3pQRBabmd9niGeA,Não,,,Pendente,,,,Não,Google Maps exibe Adicionar website; verificado em 13/08/2026.,personal
Josiane Martins - Nutricionista Especialista em Saúde da Mulher 40+/Menopausa e Climatério,Personal Trainer,47999439641,Joinville,https://www.google.com/maps/place/Josiane+Martins+-+Nutricionista+Especialista+em+Sa%C3%BAde+da+Mulher+40%2B%2FMenopausa+e+Climat%C3%A9rio/data=!4m7!3m6!1s0x94deb1db85d4ef01:0x152f694fbadcc766!8m2!3d-26.279176!4d-48.847192!16s%2Fg%2F11ftbk6cgg!19sChIJAe_Uhdux3pQRZsfcuk9pLxU,Não,,,Pendente,,,,Não,Google Maps exibe Adicionar website; verificado em 13/08/2026.,personal
Recovery Wellness,Personal Trainer,47996944889,Joinville,https://www.google.com/maps/place/Recovery+Wellness/data=!4m7!3m6!1s0x94deb1f8fbf6ce9b:0xe27416224f520f5f!8m2!3d-26.2927771!4d-48.8507059!16s%2Fg%2F11qgd5znfb!19sChIJm872-_ix3pQRXw9STyIWdOI,Não,,,Pendente,,,,Não,Google Maps exibe Adicionar website; verificado em 13/08/2026.,personal
Personal Trainer Aline Marques,Personal Trainer,47988620115,Joinville,https://www.google.com/maps/place/Personal+Trainer+Aline+Marques/data=!4m7!3m6!1s0x94dea54211b83b19:0x3bdc92c87b3383e!8m2!3d-26.2813955!4d-48.8536821!16s%2Fg%2F11fnjft0nf!19sChIJGTu4EUKl3pQRPjizhyzJvQM,Não,,,Pendente,,,,Não,Google Maps exibe Adicionar website; verificado em 13/08/2026.,personal
MR2 Studio,Personal Trainer,47996447954,Joinville,https://www.google.com/maps/place/MR2+Studio/data=!4m7!3m6!1s0x94deb1ed50940103:0x7b413aaa1eecdf8b!8m2!3d-26.3045489!4d-48.8629994!16s%2Fg%2F11jskp3r45!19sChIJAwGUUO2x3pQRi9_sHqo6QXs,Não,,,Pendente,,,,Não,Google Maps exibe Adicionar website; verificado em 13/08/2026.,personal
W.Vip Studio Fitness - Estúdio Personal Trainer,Personal Trainer,47988557600,Joinville,https://www.google.com/maps/place/W.Vip+Studio+Fitness+-+Est%C3%BAdio+Personal+Trainer/data=!4m7!3m6!1s0x94deb188fc2da13d:0x935ad553cd5ac779!8m2!3d-26.3181581!4d-48.8439455!16s%2Fg%2F11vqn35d2p!19sChIJPaEt_Iix3pQRecdazVPVWpM,Não,,,Pendente,,,,Não,Google Maps exibe Adicionar website; verificado em 13/08/2026.,personal
Michel Fernandes Personal Trainer,Personal Trainer,47984930750,Joinville,https://www.google.com/maps/place/Michel+Fernandes+Personal+Trainer/data=!4m7!3m6!1s0x94deaf0e66b9fe63:0x6609937cc7a84122!8m2!3d-26.2725535!4d-48.837231!16s%2Fg%2F11rg8x07ps!19sChIJY_65Zg6v3pQRIkGox3yTCWY,Não,,,Pendente,,,,Não,Google Maps exibe Adicionar website; verificado em 13/08/2026.,personal
Studio Perso House,Personal Trainer,47999619152,Joinville,https://www.google.com/maps/place/Studio+Perso+House/data=!4m7!3m6!1s0x94deaf9cd58103cb:0x9a4b9a1147ee3d6a!8m2!3d-26.2722777!4d-48.8549114!16s%2Fg%2F11m47_5b08!19sChIJywOB1Zyv3pQRaj3uRxGaS5o,Não,,,Pendente,,,,Não,Google Maps exibe Adicionar website; verificado em 13/08/2026.,personal
Artbol Quadra de Esportes,Personal Trainer,4734636503,Joinville,https://www.google.com/maps/place/Artbol+Quadra+de+Esportes/data=!4m7!3m6!1s0x94deb3ff1fce51e9:0xf004b86a0c6533be!8m2!3d-26.3390154!4d-48.796144!16s%2Fg%2F11g6b32v1y!19sChIJ6VHOH_-z3pQRvjNlDGq4BPA,Não,,,Pendente,,,,Não,Google Maps exibe Adicionar website; verificado em 13/08/2026.,personal
Personal Marcelo Silva,Personal Trainer,47991396132,Joinville,https://www.google.com/maps/place/Personal+Marcelo+Silva/data=!4m7!3m6!1s0x94dea53f8f2988e9:0xbb8ac2c83dcbb61d!8m2!3d-26.2837259!4d-48.9056672!16s%2Fg%2F11vr265p13!19sChIJ6Ygpjz-l3pQRHbbLPcjCirs,Não,,,Pendente,,,,Não,Google Maps exibe Adicionar website; verificado em 13/08/2026.,personal
Maia Personal,Personal Trainer,47996263159,Joinville,https://www.google.com/maps/place/Maia+Personal/data=!4m7!3m6!1s0x94deb1d196847ec1:0x5d56598ec9493d87!8m2!3d-26.3420149!4d-48.8470476!16s%2Fg%2F11x0xqxvf4!19sChIJwX6EltGx3pQRhz1JyY5ZVl0,Não,,,Pendente,,,,Não,Google Maps exibe Adicionar website; verificado em 13/08/2026.,personal
Personal Juliane Santos - Reabilitação e atividades físicas,Personal Trainer,47989120172,Joinville,https://www.google.com/maps/place/Personal+Juliane+Santos+-+Reabilita%C3%A7%C3%A3o+e+atividades+f%C3%ADsicas/data=!4m7!3m6!1s0x94deb10bf35261b5:0xc90082622c552a00!8m2!3d-26.2717824!4d-48.8117765!16s%2Fg%2F11qgr0ddpx!19sChIJtWFS8wux3pQRACpVLGKCAMk,Não,,,Pendente,,,,Não,Google Maps exibe Adicionar website; verificado em 13/08/2026.,personal
Nexus Performance Studio,Personal Trainer,47988279036,Joinville,https://www.google.com/maps/place/Nexus+Performance+Studio/data=!4m7!3m6!1s0x94deafddaf3a758b:0x3d776594e1679763!8m2!3d-26.2665505!4d-48.8451373!16s%2Fg%2F11x8prz9zg!19sChIJi3U6r92v3pQRY5dn4ZRldz0,Não,,,Pendente,,,,Não,Google Maps exibe Adicionar website; verificado em 13/08/2026.,personal
Big Gym Academia,Personal Trainer,47997632226,Joinville,https://www.google.com/maps/place/Big+Gym+Academia/data=!4m7!3m6!1s0x94deb3aa09e65f73:0x83562e08f14cd142!8m2!3d-26.2886148!4d-48.7792784!16s%2Fg%2F11ghds1btr!19sChIJc1_mCaqz3pQRQtFM8QguVoM,Não,,,Pendente,,,,Não,Google Maps exibe Adicionar website; verificado em 13/08/2026.,personal
